firstName,lastName,login,email
Test,AdUser,test.aduser@ad.mlclife.com.au,debmalya.biswas@accenture.com
Test,AdUser,test.aduser@ad.mlclife.com.au,debmalya.biswas@accenture.com
Test,AdUser,test.aduser@ad.mlclife.com.au,debmalya.biswas@accenture.com
Test,AdUser,test.aduser@ad.mlclife.com.au,debmalya.biswas@accenture.com
Test,AdUser,test.aduser@ad.mlclife.com.au,debmalya.biswas@accenture.com
Test,AdUser,test.aduser@ad.mlclife.com.au,debmalya.biswas@accenture.com
Test,AdUser,test.aduser@ad.mlclife.com.au,debmalya.biswas@accenture.com
