lastName,firstName,personNumber,userName,hcmUsername
Ernst,Gonzalo,22767671,Gonzalo.Ernst,22767671
Montgomery,Maria,22767818,Maria.Montgomery,22767818
Kumari,Rashmi,22767931,Rashmi.Kumari,22767931
Poninghouse,Kristen,22768016,Kristen.Poninghouse,22768016
Kumar,Shweta,22767667,Shweta.Kumar,22767667
Palmer,Josie Louise,22767394,JosieLouise.Palmer,22767394
Wilson,Therese,22767742,Therese.Wilson,22767742
Perez,Natalie,22767997,Natalie.Perez,22767997
Fisher,Ellen,22767431,Ellen.Fisher,22767431
Kelly,Sharon,22767637,Sharon.Kelly,22767637
Farley-Stewart,Kendell,22767454,Kendell.FarleyStewart,22767454
Chan,Yuet Ming,22767097,YuetMing.Chan,22767097
Jordan,Selena,22767365,Selena.Jordan,22767365
Tate,Samantha,22767846,Samantha.Tate,22767846
Adriaans,Katie,22767929,Katie.Adriaans,22767929
Holman,Phillip,22768008,Phillip.Holman,22768008
Chow,Yolanda,22767416,Yolanda.Chow,22767416
Sutrisno,Yohana,22767995,Yohana.Sutrisno,22767995
Sideris,Anthony,22767835,Anthony.Sideris,22767835
Denton,Penelope Catherine,22767986,PenelopeCatherine.Denton,22767986
Bennett,Hayley,22767592,Hayley.Bennett,22767592
Munson,Charlotte,22767688,Charlotte.Munson,22767688
Zarafa,Kelly,22767122,Kelly.Zarafa,22767122
Anderson,Laura,22767810,Laura.Anderson,22767810
Leong,Anthony,22767736,Anthony.Leong,22767736
Kukiel,Paul,22767751,Paul.Kukiel,22767751
Sun,Nijie,22767887,Nijie.Sun,22767887
Barnett,Tom,22768007,Tom.Barnett,22768007
Schutz,David,22768009,David.Schutz,22768009
Doran,Madeline,22767620,Madeline.Doran,22767620
Rance,Lisa,22767928,Lisa.Rance,22767928
Hu,Anson,22767812,Anson.Hu,22767812
Colson,David,22768010,David.Colson,22768010
Caddeo,Nichola,22766822,Nichola.Caddeo,22766822
Joseph,Jason,22766718,Jason.Joseph,22766718
Zaviska,Simon,22765113,Simon.Zaviska,22765113
Dangol,Sulochana,22764810,Sulochana.Dangol,22764810
Chen,Nathan,22766903,Nathan.Chen,22766903
Crivelli,Sarah,22764990,Sarah.Crivelli,22764990
Thomas,Jeri,22765160,Jeri.Thomas,22765160
Edgell,Isobel,22765430,Isobel.Edgell,22765430
Kos,Brendan,22767016,Brendan.Kos,22767016
Jory,Theresa,22765520,Theresa.Jory,22765520
Linger,Tamara,22765512,Tamara.Linger,22765512
Parkar,Aamir,22766480,Aamir.Parkar,22766480
Klimas,Andrew,22767043,Andrew.Klimas,22767043
Carpenter,Monique,22766194,Monique.Carpenter,22766194
Longrigg,Emma,22765980,Emma.Longrigg,22765980
Kumar,Deepak,22767158,Deepak.Kumar,22767158
Smith,Dan,22766511,Dan.Smith,22766511
Sarkis,Susan,22767523,Susan.Sarkis,22767523
Colless,Saskia,22766356,Saskia.Colless,22766356
Ferrarotto,Rowena,22767091,Rowena.Ferrarotto,22767091
Mayes,Dawn,22766580,Dawn.Mayes,22766580
Singh,Gurpreet,22766372,Gurpreet.Singh,22766372
Hennessy,Troy,22767099,Troy.Hennessy,22767099
Pletea,Geanina,22766809,Geanina.Pletea,22766809
Dasaiah,Anilkumar,22767391,Anilkumar.Dasaiah,22767391
Collings,Ian,22767411,Ian.Collings,22767411
Huynh,Quyen,22767771,Quyen.Huynh,22767771
Mantello,Sebastian,22766870,Sebastian.Mantello,22766870
Burns,Todd,22767266,Todd.Burns,22767266
Hill,Susan,22766867,Susan.Hill,22766867
Rillstone,Faye,22766879,Faye.Rillstone,22766879
Barnett,Helen,22767133,Helen.Barnett,22767133
Mussared,Stephanie,22763127,Stephanie.Mussared,22763127
Matheson,Sechelle,22765097,Sechelle.Matheson,22765097
Kouts,Stephanie,22765974,Stephanie.Kouts,22765974
Fearne,Brooke,22765988,Brooke.Fearne,22765988
Bourke,Amy,22759896,Amy.Bourke,22759896
McEniry,Catherine,22744316,Catherine.McEniry,22744316
Mattiuzzo,Robert,22761092,Robert.Mattiuzzo,22761092
Barreira,Francis,22762516,Francis.Barreira,22762516
McLean,Michael,22762933,Michael.McLean,22762933
O???Mahony,Jenelle,22763681,Jenelle.OMahony,22763681
Wilkins,Richard,22762019,Richard.Wilkins,22762019
Di Battista,Michael,22763199,Michael.DiBattista,22763199
Paolucci,Mirella,22764062,Mirella.Paolucci,22764062
West,Danielle,22764140,Danielle.West,22764140
Anantharaj,Sowdarmendran,22763198,Sowdarmendran.Anantharaj,22763198
Griffiths,John,22765561,John.Griffiths,22765561
Gareth,Collier,22764455,Collier.Gareth,22764455
Hill,Daniel,22764325,Daniel.Hill,22764325
Adamson,Alastair,22764486,Alastair.Adamson,22764486
Jayasooriya,Priyangika,22766209,Priyangika.Jayasooriya,22766209
Wasylewicz,Andrew,22764431,Andrew.Wasylewicz,22764431
Heenan,Jacqueline,22765426,Jacqueline.Heenan,22765426
Pantos Verbic,Ana,22766336,Ana.PantosVerbic,22766336
Eow,Shirley,22765464,Shirley.Eow,22765464
Rajaratinam,Veena,22765954,Veena.Rajaratinam,22765954
Davis,Samuel,22766322,Samuel.Davis,22766322
Walker,Ben,22766220,Ben.Walker,22766220
Pistone,Connie,22766367,Connie.Pistone,22766367
Chow Fat Lun,Moy Yin,22766495,MoyYin.ChowFatLun,22766495
Rooney,Caitlin,22766610,Caitlin.Rooney,22766610
Tranter,Chris,22676305,Chris.Tranter,22676305
Inoue,Manami,22764283,Manami.Inoue,22764283
Mpaluko,Sally,22764287,Sally.Mpaluko,22764287
Rayatt,Robert,22764364,Robert.Rayatt,22764364
Farrington,Georgina,22764641,Georgina.Farrington,22764641
Partridge,Keith,22764578,Keith.Partridge,22764578
Kahingala,Lasath,22765886,Lasath.Kahingala,22765886
Sessa,Matteo,22764218,Matteo.Sessa,22764218
Fleming,Karen,22764868,Karen.Fleming,22764868
Whatmore,Allan,22766119,Allan.Whatmore,22766119
Wickliffe,Chris,22764229,Chris.Wickliffe,22764229
Jay,Divya,22765101,Divya.Jay,22765101
Tran,Calvin,22765141,Calvin.Tran,22765141
Strachan,Jamieson,22764350,Jamieson.Strachan,22764350
Pickstone,Steven,22767448,Steven.Pickstone,22767448
Fox,Daniel,22765492,Daniel.Fox,22765492
Huynh,Anthony,22765245,Anthony.Huynh,22765245
Singleton,Samantha,22767729,Samantha.Singleton,22767729
Myatt,Amy,22762232,Amy.Myatt,22762232
Sonathappan,Buvaneswari,22765899,Buvaneswari.Sonathappan,22765899
Ek,Say,22765246,Say.Ek,22765246
George,Josepheena,22766435,Josepheena.George,22766435
Obla,Vikram,22765450,Vikram.Obla,22765450
Clarke,Margot,22765625,Margot.Clarke,22765625
Tedja,Krisentia,22766902,Krisentia.Tedja,22766902
Yacoub,Shahad,22766133,Shahad.Yacoub,22766133
McColl,Allan,22767124,Allan.McColl,22767124
Nghiem,Jessie,22762788,Jessie.Nghiem,22762788
Jones,Gareth,22766917,Gareth.Jones,22766917
Kirchoff,Kaela,22767236,Kaela.Kirchoff,22767236
Briolat,Sophie,22762947,Sophie.Briolat,22762947
Han,Natalie,22763917,Natalie.Han,22763917
Peerman,Melissa,22764138,Melissa.Peerman,22764138
Tan,Alfred,22760114,Alfred.Tan,22760114
Kantor,Ariel,22759978,Ariel.Kantor,22759978
Williams,Fiona,22764653,Fiona.Williams,22764653
Chillari,Paul,22764313,Paul.Chillari,22764313
Sutherland,Tom,22765294,Tom.Sutherland,22765294
Henderson,Helen,22765361,Helen.Henderson,22765361
Chan,Aaron,22765094,Aaron.Chan,Aaron.Chan
Chandrakumar,Senthilkumar,22760053,Senthilkumar.Chandrakumar,22760053
Spagnuolo,Stephen,22765349,Stephen.Spagnuolo,22765349
Booth,Georgina,22765422,Georgina.Booth,22765422
Caristo,Dominic,22761553,Dominic.Caristo,22761553
Jacob,Caroline,22765748,Caroline.Jacob,22765748
Cale,Jessica,22760504,Jessica.Cale,22760504
Taylor,Mark,22765821,Mark.Taylor,22765821
Marangos,Kelly,22765870,Kelly.Marangos,22765870
Vallesi,Vincenzo,22766022,Vincenzo.Vallesi,22766022
Critsilis,Corrie,22766560,Corrie.Critsilis,22766560
George Antony,Juliana,22767152,Juliana.GeorgeAntony,22767152
Corsaro,Livio,22763827,Livio.Corsaro,22763827
Mezzina,Natasha,22767287,Natasha.Mezzina,22767287
Ward,Mark,22764753,Mark.Ward,22764753
Danckert,David,22767466,David.Danckert,22767466
Pollastrini,Kathryn,22761091,Kathryn.Pollastrini,22761091
Tan,Teresa,22760364,Teresa.Tan,22760364
Cranney,David,22763358,David.Cranney,22763358
Lever,Melissa,22759826,Melissa.Lever,22759826
Prasad,Vaseetal,22763613,Vaseetal.Prasad,22763613
Segi,Noelle,22759829,Noelle.Segi,22759829
Donnellan,Harley,22763948,Harley.Donnellan,22763948
Nakashima,Toshihiro,22759894,Toshihiro.Nakashima,22759894
Sun,Jing,22762122,Jing.Sun,22762122
Smith,Elizabeth,22764588,Elizabeth.Smith,22764588
Dutta,Suman,22766011,Suman.Dutta,22766011
Pradhan,Kamalakanta,22764679,Kamalakanta.Pradhan,22764679
Rolfe,Liadan,22766077,Liadan.Rolfe,22766077
Hossain,Raju,22766271,Raju.Hossain,22766271
Summer,Jonathan,22766078,Jonathan.Summer,22766078
McGuire,Marsha,22766565,Marsha.McGuire,22766565
Luu,Derek,22760288,Derek.Luu,22760288
Antebi,Helen,22765923,Helen.Antebi,22765923
Szabo,Stephanie,22766128,Stephanie.Szabo,22766128
Chiesa,Alice,22760646,Alice.Chiesa,22760646
Cameron,Natalie,22766768,Natalie.Cameron,22766768
virtue,rhonda,22766802,rhonda.virtue,22766802
Bozzo,Matthew,22766277,Matthew.Bozzo,22766277
Deka,Parsha,22767098,Parsha.Deka,22767098
Ngo,Si,22766370,Si.Ngo,22766370
Arscott,Catherine,22761208,Catherine.Arscott,22761208
Kumari,Niti,22767496,Niti.Kumari,22767496
Mastyla,Emma,22761561,Emma.Mastyla,22761561
Tine,Jacqueline,22767143,Jacqueline.Tine,22767143
Nguyen,Son,22767371,Son.Nguyen,22767371
Noble,Melanie,22762121,Melanie.Noble,22762121
Richardson,Lara,22767679,Lara.Richardson,22767679
Andreadis,Alex,22766925,Alex.Andreadis,22766925
Mellon,Breanna,22759900,Breanna.Mellon,22759900
Khare,Vimal,22766434,Vimal.Khare,22766434
Nguyen,Angela,22760365,Angela.Nguyen,22760365
Brennan,Kate,22766494,Kate.Brennan,22766494
Cherry,Anne,22761037,Anne.Cherry,22761037
Muddukrishna,Kiran,22763149,Kiran.Muddukrishna,22763149
Wong,William,22763340,William.Wong,22763340
Naik,Ashish,22761560,Ashish.Naik,22761560
Casey,Mark,22763634,Mark.Casey,22763634
Varone,Raylene,22763388,Raylene.Varone,22763388
Lu,Maryanne,22764156,Maryanne.Lu,22764156
Trifiletti,Bernadette,22764931,Bernadette.Trifiletti,22764931
Bruell,Ezra,22765482,Ezra.Bruell,22765482
McKinnon,Kyle,22766208,Kyle.McKinnon,22766208
Rupasinghe,Don,22763816,Don.Rupasinghe,22763816
Mann,Craig,22766598,Craig.Mann,22766598
Tambourine,Neil,22764302,Neil.Tambourine,22764302
Smith,Cynthia,22764961,Cynthia.Smith,22764961
Botros,Nelly,22764520,Nelly.Botros,22764520
Taberner,Megan,22764570,Megan.Taberner,22764570
Noori,Saif,22761418,Saif.Noori,22761418
Kim,Jin-O,22763046,JinO.Kim,22763046
Kennedy,Michele,22765854,Michele.Kennedy,22765854
Kornovich,Kristopher,22764587,Kristopher.Kornovich,22764587
Cunningham,Kieran,22764628,Kieran.Cunningham,22764628
Pollastrini,Jason,22760182,Jason.Pollastrini,22760182
Vicig,Michael,22764676,Michael.Vicig,22764676
Goss,Kevin,22760645,Kevin.Goss,22760645
Back,Michael,22764840,Michael.Back,22764840
louzao,Javier,22764910,Javier.louzao,22764910
Lee,Gregory,22765935,Gregory.Lee,22765935
Duri,Denis,22763330,Denis.Duri,22763330
Kohli,Manpreet,22692224,Manpreet.Kohli,22692224
Subasinghe,Rochani,22766108,Rochani.Subasinghe,22766108
Gray,Alex,22763416,Alex.Gray,22763416
Trinh,William,22764408,William.Trinh,22764408
Haszard,Catherine,22765037,Catherine.Haszard,22765037
Naicker,Yotheeya,22765108,Yotheeya.Naicker,22765108
Wright,Julie-Anne,22765474,JulieAnne.Wright,22765474
Osmond,Catherine,22766355,Catherine.Osmond,22766355
Singla,Gaurav,22766646,Gaurav.Singla,22766646
Stewart,James,22762141,James.Stewart,22762141
Dayananda,Thotapitiya Arachchilage Kivindra Eranga,22767393,ThotapitiyaArachchilageKivindraEranga.Dayananda,22767393
Wyatt,Lyal,22767499,Lyal.Wyatt,22767499
Akau,Sione,22761186,Sione.Akau,22761186
Windley,Jade,22766725,Jade.Windley,22766725
Ikkurthi,Nammaiah,22767497,Nammaiah.Ikkurthi,22767497
Fu,Yu,22767470,Yu.Fu,22767470
Bowen,Jonathan,22761157,Jonathan.Bowen,22761157
Kazi,Nusrat,22762183,Nusrat.Kazi,22762183
Woodland,Monique,22762388,Monique.Woodland,22762388
Wickett,Bronwyn,22763072,Bronwyn.Wickett,22763072
Miles,Joseph,22763757,Joseph.Miles,22763757
Vernino,Leeanne,22763828,Leeanne.Vernino,22763828
Mannering,Nita,22764328,Nita.Mannering,22764328
Sim,Ser Ling,22759806,SerLing.Sim,22759806
Logie,Gemma,22764420,Gemma.Logie,22764420
McNeil,Trisha,22759854,Trisha.McNeil,22759854
Kan,Lai Kuen,22759921,LaiKuen.Kan,22759921
Graves,Brett,22764873,Brett.Graves,22764873
Murphy,Kerry,22760278,Kerry.Murphy,22760278
Cheng,Rowena,22761552,Rowena.Cheng,22761552
Lu,Robert,22765460,Robert.Lu,22765460
Wong,Melanie,22761636,Melanie.Wong,22761636
Costanzo,Marco,22765493,Marco.Costanzo,22765493
Corrigan,Liz,22760647,Liz.Corrigan,22760647
Reynolds,Christine,22765677,Christine.Reynolds,22765677
Ly,Mandy,22762220,Mandy.Ly,22762220
McDonald,Michelle,22761207,Michelle.McDonald,22761207
Hornsby,Nathan,22765749,Nathan.Hornsby,22765749
Prinsloo,Johan,22763069,Johan.Prinsloo,22763069
Downes,Cheryl,22767121,Cheryl.Downes,22767121
Ross,James,22761744,James.Ross,22761744
Gurney,Siobhan,22763731,Siobhan.Gurney,22763731
Tsangidis,Zoran,22762181,Zoran.Tsangidis,22762181
Abdelmalek,Mirna,22763735,Mirna.Abdelmalek,22763735
Hu,Tianyin,22763978,Tianyin.Hu,22763978
Han,Yu,22762477,Yu.Han,22762477
Yong,Mei-Lin,22763756,MeiLin.Yong,22763756
Ham,Melissa,22763126,Melissa.Ham,22763126
Paoli,Aida,22763804,Aida.Paoli,22763804
Gao,Linda,22764392,Linda.Gao,22764392
Monte,Joshua,22764358,Joshua.Monte,22764358
MacDonald,Craig,22763433,Craig.MacDonald,22763433
Reynolds,Megan,22764295,Megan.Reynolds,22764295
Crawford,Roslyn,22763862,Roslyn.Crawford,22763862
Tjio,Rena,22763328,Rena.Tjio,22763328
Karamballi,Vijayalaxmi,22763841,Vijayalaxmi.Karamballi,22763841
Salvana,Robert,22764327,Robert.Salvana,22764327
Yong,Aaron,22764537,Aaron.Yong,22764537
Dona,Dulmini,22765463,Dulmini.Dona,22765463
Shelar,Nitin,22763357,Nitin.Shelar,22763357
Lian,Louis,22763983,Louis.Lian,22763983
Taylor,Joshua,22764518,Joshua.Taylor,22764518
Saldanha,Aaron,22765752,Aaron.Saldanha,22765752
Sparks,Ron,22763461,Ron.Sparks,22763461
Clover,Lainie,22765106,Lainie.Clover,22765106
Mehic,Sabina,22764591,Sabina.Mehic,22764591
Nagpal,Sunny,22765943,Sunny.Nagpal,22765943
Seal,Samrat,22766058,Samrat.Seal,22766058
Blackman,Bruce,22765039,Bruce.Blackman,22765039
Ashton,John,22765015,John.Ashton,22765015
Walker,Matt,22763567,Matt.Walker,22763567
Brown,Tamara,22765753,Tamara.Brown,22765753
Hughes,Michael,22764707,Michael.Hughes,22764707
Milheiro,Joao,22765054,Joao.Milheiro,22765054
Ford,Timothy,22765114,Timothy.Ford,22765114
Rakiposki,Zarifka,22766207,Zarifka.Rakiposki,22766207
Ramalingam,Bharath,22766745,Bharath.Ramalingam,22766745
Tan,Venetia,22763802,Venetia.Tan,22763802
Donnelly,Jim,22765828,Jim.Donnelly,22765828
Gauci,Stefanie,22765110,Stefanie.Gauci,22765110
Kandel,Suman,22766362,Suman.Kandel,22766362
Flowers,Stuart,22765223,Stuart.Flowers,22765223
Wilson,Andy,22763988,Andy.Wilson,22763988
Jones,Ryan,22766490,Ryan.Jones,22766490
Campbell,Duncan,22767135,Duncan.Campbell,22767135
Talbot,Stevie,22766878,Stevie.Talbot,22766878
Mora,Natalie,22766394,Natalie.Mora,22766394
Kaur,Amandeep,22765646,Amandeep.Kaur,22765646
Hussain,Kashif,22766083,Kashif.Hussain,22766083
Boyd,Aaron,22767299,Aaron.Boyd,Aaron.Boyd
Edwards,Veronika,22766525,Veronika.Edwards,22766525
Musiov,David,22766337,David.Musiov,22766337
Choi,Amy,22766811,Amy.Choi,22766811
Dinh,Tony,22764411,Tony.Dinh,22764411
Yung,Chee Loong,22766488,CheeLoong.Yung,22766488
Avdija,Stephanie,22764642,Stephanie.Avdija,22764642
Zombolas,David,22766816,David.Zombolas,22766816
Jesudason,Rohan,22760440,Rohan.Jesudason,22760440
Suhail K M,Ameen,22767151,Ameen.SuhailKM,22767151
McGuire,Ken,22766553,Ken.McGuire,22766553
Shee,Ronan,22766975,Ronan.Shee,22766975
Hejtmanek,James,22767759,James.Hejtmanek,22767759
Dymond,Jesse,22766625,Jesse.Dymond,22766625
Connellan,Jacqueline,22767131,Jacqueline.Connellan,22767131
Nguyen,Ambrose,22766742,Ambrose.Nguyen,22766742
Jenkins,Jacqueline,22767255,Jacqueline.Jenkins,22767255
Pandey,Anamika,22766740,Anamika.Pandey,22766740
Venter,Christell,22765465,Christell.Venter,22765465
Taylor,Cyndi,22767014,Cyndi.Taylor,22767014
Vanegas,Alejandra,22767214,Alejandra.Vanegas,22767214
Bouquet,Evan,22765878,Evan.Bouquet,22765878
Davenport,Tara,22761669,Tara.Davenport,22761669
Smith,Amy,22764745,Amy.Smith,22764745
Sturmey,Damon,22761950,Damon.Sturmey,22761950
Whitehouse,Mia,22765650,Mia.Whitehouse,22765650
Tascioglu,Faruk,22766840,Faruk.Tascioglu,22766840
Golestan-Nejad,Babak,22760284,Babak.GolestanNejad,22760284
Adam,Cameron,22766873,Cameron.Adam,22766873
Sridhar,Jagadeeswari,22767609,Jagadeeswari.Sridhar,22767609
Wan,Kevin,22760762,Kevin.Wan,22760762
Perryman,Anthony,22762908,Anthony.Perryman,22762908
Puri,Anu,22760383,Anu.Puri,22760383
Gacuma,Napoleon,22761692,Napoleon.Gacuma,22761692
Cleary,Thomas,22764103,Thomas.Cleary,22764103
Drew,Robert,22760573,Robert.Drew,22760573
Minards,James,22764308,James.Minards,22764308
Latocha,Stephen,22762878,Stephen.Latocha,22762878
Fu,Kit Ming,22764725,KitMing.Fu,22764725
Natoli,Liarna,22763689,Liarna.Natoli,22763689
Fanny,Fanny,22764834,Fanny.Fanny,22764834
Shaheen,Owais,22764104,Owais.Shaheen,22764104
Fa'atoese,Junior,22764196,Junior.Faatoese,22764196
Gupta,Megha,22764871,Megha.Gupta,22764871
Hanley,James,22761598,James.Hanley,22761598
Horner,Ian,22761355,Ian.Horner,22761355
Daley,Naomi,22764243,Naomi.Daley,22764243
Nguyen,Trung,22764932,Trung.Nguyen,22764932
Finn,Nicola,22763102,Nicola.Finn,22763102
Blincoe,Glenis,22764839,Glenis.Blincoe,22764839
Ozols,Adam,22762233,Adam.Ozols,22762233
Taher,Khaled,22765495,Khaled.Taher,22765495
Mccauley,Kerri,22763183,Kerri.Mccauley,22763183
Fitzgerald,Jessica,22765853,Jessica.Fitzgerald,22765853
Ritchie,Deanne,22761581,Deanne.Ritchie,22761581
Barlow,Paul,22763386,Paul.Barlow,22763386
Maragos,Kelly,22765871,Kelly.Maragos,22765871
Herath,Ashinee,22763387,Ashinee.Herath,22763387
Srivastava,Sheenal,22762763,Sheenal.Srivastava,22762763
Chillari,John,22764314,John.Chillari,22764314
de Melo,Andre,22763885,Andre.deMelo,22763885
Laden,Shawna,22763635,Shawna.Laden,22763635
Holwerda,Andre,22761906,Andre.Holwerda,22761906
Deng,Ziwei,22764475,Ziwei.Deng,22764475
Bennie,Michelle,22760644,Michelle.Bennie,22760644
Young,Luke,22763897,Luke.Young,22763897
Mohammad,Ali,22762025,Ali.Mohammad,22762025
Arora,Amit,22764930,Amit.Arora,22764930
Newbold,Tim,22764292,Tim.Newbold,22764292
Willoughby,Lauren,22761685,Lauren.Willoughby,22761685
Sharma,Shveta,22763043,Shveta.Sharma,22763043
Stevenson,Natasha,22764595,Natasha.Stevenson,22764595
Raslan,Maha,22764477,Maha.Raslan,22764477
Rubins,Andrew,22763467,Andrew.Rubins,22763467
Malvestuto,Maria,22765163,Maria.Malvestuto,22765163
Cho,Catherine,22762514,Catherine.Cho,22762514
Deegan,Ciara,22763580,Ciara.Deegan,22763580
Li,Michael,22764640,Michael.Li,22764640
Michaelidis,Tabitha,22763790,Tabitha.Michaelidis,22763790
Morgan,Jonathan,22763441,Jonathan.Morgan,22763441
Bejenariu,John,22765448,John.Bejenariu,22765448
Sekhar Dey,Niladri,22765449,Niladri.SekharDey,22765449
Kelly,Richard,22764312,Richard.Kelly,22764312
Robinson,Nicole,22763480,Nicole.Robinson,22763480
Barrett,Madison,22765095,Madison.Barrett,22765095
Cassar,Stephanie,22766196,Stephanie.Cassar,22766196
Mendez,Alistair,22763505,Alistair.Mendez,22763505
Mam,Kerven,22766193,Kerven.Mam,22766193
Prasad,Rajeev,22765501,Rajeev.Prasad,22765501
Pap,Paul,22763904,Paul.Pap,22763904
Samadhia,Anju,22766563,Anju.Samadhia,22766563
Riches,Shannon,22766473,Shannon.Riches,22766473
Booth,Rowan,22766766,Rowan.Booth,22766766
McDonald,Matt,22765089,Matt.McDonald,22765089
San Miguel,Eriza,22766481,Eriza.SanMiguel,22766481
Wilson,Donna,22764639,Donna.Wilson,22764639
Imbesi,Stephen,22766826,Stephen.Imbesi,22766826
Werrin,Hannah,22766886,Hannah.Werrin,22766886
Le,Tram,22765681,Tram.Le,22765681
Bourdot-Clayton,Fiona,22764663,Fiona.BourdotClayton,22764663
Terentev,Max,22767363,Max.Terentev,22767363
Nanson,Alison,22766003,Alison.Nanson,22766003
Sturt,Adrien,22766950,Adrien.Sturt,22766950
Shankar,Sandeep,22767153,Sandeep.Shankar,22767153
Stephen,Kim,22764883,Kim.Stephen,22764883
Luong,Kit,22767541,Kit.Luong,22767541
Ioannou,Pauline,22766558,Pauline.Ioannou,22766558
Louie,Virginia,22766982,Virginia.Louie,22766982
Ryman,Glen,22760755,Glen.Ryman,22760755
Tjanterik,Irwan,22766643,Irwan.Tjanterik,22766643
Mohapatra,Siddharth,22767150,Siddharth.Mohapatra,22767150
Chaidemenakis,George,22765658,George.Chaidemenakis,22765658
Chan,Anthony,22761031,Anthony.Chan,22761031
Sadek,Erini,22767216,Erini.Sadek,22767216
Browne,Amy,22765687,Amy.Browne,22765687
Vithanagama,Sanjaya,22766976,Sanjaya.Vithanagama,22766976
Bishop,Wesley,22767311,Wesley.Bishop,22767311
Waldon,Trent,22761849,Trent.Waldon,22761849
Pickwell,Clint,22759671,Clint.Pickwell,22759671
Pereira-Smith,Matt,22759823,Matt.PereiraSmith,22759823
Dixon,Peter,22760367,Peter.Dixon,22760367
Jardim,Yolandi,22762893,Yolandi.Jardim,22762893
Barakat,Jackline,22760877,Jackline.Barakat,22760877
Kanaparthy,Sridhar,22763852,Sridhar.Kanaparthy,22763852
Miller,Wade,22764194,Wade.Miller,22764194
Taylor,Marama,22763101,Marama.Taylor,22763101
Kohn,Anabela,22764200,Anabela.Kohn,22764200
Kyaw,Michael,22762945,Michael.Kyaw,22762945
Hughes,Nadine,22763465,Nadine.Hughes,22763465
Laya,Joseph,22762004,Joseph.Laya,22762004
Davis,William,22762876,William.Davis,22762876
Gibson,Genevieve,22763682,Genevieve.Gibson,22763682
Burgin,Christian,22763909,Christian.Burgin,22763909
Mitchell,Elliott,22764072,Elliott.Mitchell,22764072
Hockey,Catherine,28000613,Catherine.Hockey,28000613
Repolusk,Daniel,28105817,Daniel.Repolusk,28105817
Leon-Navarro,Ruth,28079013,Ruth.LeonNavarro,28079013
Mein,Kate,22744312,Kate.Mein,22744312
Bruce,Gary,28078494,Gary.Bruce,28078494
Sukovski,Mirjana,28105713,Mirjana.Sukovski,28105713
De Souza,Eleanor,28078909,Eleanor.DeSouza,28078909
Di Santo,Maria,22696338,Maria.DiSanto,22696338
De jesus,Lidia,22746994,Lidia.Dejesus,22746994
Byrne,Rohan,21122025,Rohan.Byrne,21122025
Williams,Anthony,28078920,Anthony.Williams,28078920
Sheehan,Charlotte,28105828,Charlotte.Sheehan,28105828
Howes,Timothy,28078929,Timothy.Howes,28078929
Baker,Joanne,22747187,Joanne.Baker,22747187
Moon,Joanne,22663385,Joanne.Moon,22663385
Tomisich,Abigail,22696772,Abigail.Tomisich,22696772
Di Benedetto,Melina,28000465,Melina.DiBenedetto,28000465
Acikgoz,Mine,28078974,Mine.Acikgoz,28078974
Burg,Sarah,22663382,Sarah.Burg,22663382
Roscoe,Chad,28102971,Chad.Roscoe,28102971
Luong,Lyly,22701894,Lyly.Luong,22701894
Chowdhury,Asif,22670215,Asif.Chowdhury,22670215
Henttinen,Antoinette,28077830,Antoinette.Henttinen,28077830
Carmichael,Brendan,28102924,Brendan.Carmichael,28102924
Eckersall,Natalie,22695146,Natalie.Eckersall,22695146
Mondous,Hanna,22703519,Hanna.Mondous,22703519
Liu,Yu,22748670,Yu.Liu,22748670
Troitsin,Megan,28103870,Megan.Troitsin,28103870
Lee,Veronica,22722873,Veronica.Lee,22722873
Gardiner,Lyndon,28079054,Lyndon.Gardiner,28079054
Barker,Christopher,22690974,Christopher.Barker,22690974
Hingert,Jessica,22695156,Jessica.Hingert,22695156
Karson,Susan,22646662,Susan.Karson,22646662
Liu,Emma,22751330,Emma.Liu,22751330
Sharp,Elise,22695367,Elise.Sharp,22695367
Marshall,Kathryn,28078798,Kathryn.Marshall,28078798
Banyai,Sally,28104176,Sally.Banyai,28104176
Nguyen,Nga,28085598,Nga.Nguyen,28085598
Spiteri,Mark,28000197,Mark.Spiteri,28000197
Susi,Vivian,22661237,Vivian.Susi,22661237
Sebastian,Louie,22731082,Louie.Sebastian,22731082
Oliver,Michael,28102720,Michael.Oliver,28102720
Garwood,Kathrine,28078927,Kathrine.Garwood,28078927
Dibenedetto,Nola,28104445,Nola.Dibenedetto,28104445
Jayaweera,Sashi,22717582,Sashi.Jayaweera,22717582
Kuramochi,Yuichi,22754413,Yuichi.Kuramochi,22754413
Lozano,Sandy,28102804,Sandy.Lozano,28102804
Cowley,Bronwyn,22691115,Bronwyn.Cowley,22691115
Pal,Marylene,28000347,Marylene.Pal,28000347
Yoseline,Ruth,28104513,Ruth.Yoseline,28104513
Van Der Linde,Tracey,22720931,Tracey.VanDerLinde,22720931
Shipway,Karina,28078446,Karina.Shipway,28078446
Haley,Yasmin,22735166,Yasmin.Haley,22735166
Kim,Hyo,22755196,Hyo.Kim,22755196
Hill,Bronwyn,22692342,Bronwyn.Hill,22692342
Honawar,Jasmine,28104946,Jasmine.Honawar,28104946
Trang,My Kieu,22739479,MyKieu.Trang,22739479
Fitzsimons,Matthew,21475851,Matthew.Fitzsimons,21475851
Arias,Clarissa,28000406,Clarissa.Arias,28000406
Burnett,John,22695003,John.Burnett,22695003
Pham,Paul,22737532,Paul.Pham,22737532
Flatman,Sarah,28078721,Sarah.Flatman,28078721
Murray,Derek,22654691,Derek.Murray,22654691
Habib,Ali,22755541,Ali.Habib,22755541
Spero,Jordan,22646003,Jordan.Spero,22646003
Manns,Danielle,28078801,Danielle.Manns,28078801
Shore,Kathryn,22695102,Kathryn.Shore,22695102
Tan,Soo Ho,22738539,SooHo.Tan,22738539
Smith,Harriet,22751694,Harriet.Smith,22751694
Parker,Trudy,22756616,Trudy.Parker,22756616
Mondous,Nella,22695104,Nella.Mondous,22695104
Barratt,Tom,28104446,Tom.Barratt,28104446
Nadesan,Premananthan,22662064,Premananthan.Nadesan,22662064
Yu,Yinghua,22741609,Yinghua.Yu,22741609
Kockaya,Hasan,22752588,Hasan.Kockaya,22752588
Booth,Jarrad,22665068,Jarrad.Booth,22665068
Williams,Jason,22696181,Jason.Williams,22696181
Thornton,Courtney,22673651,Courtney.Thornton,22673651
Sellathurai,Anuraada,22661211,Anuraada.Sellathurai,22661211
Ruggeri,Guillermo,22758941,Guillermo.Ruggeri,22758941
Munro,Steven,22675920,Steven.Munro,22675920
Edwards,Maxine,22752597,Maxine.Edwards,22752597
Rapose,Gillian,22677732,Gillian.Rapose,22677732
Nguyen,Thanh,22680083,Thanh.Nguyen,22680083
Hewamasmulla,Shashika,22754660,Shashika.Hewamasmulla,22754660
Jokic,Gordana,22759082,Gordana.Jokic,22759082
Wailes,Amanda,22698718,Amanda.Wailes,22698718
Hewitt,Daniel,22685969,Daniel.Hewitt,22685969
Chu,Raymond,22745364,Raymond.Chu,22745364
Ojaimi,Charles,22689468,Charles.Ojaimi,22689468
Kennedy,Stephanie,22756043,Stephanie.Kennedy,22756043
Sheehan,Peter,22699610,Peter.Sheehan,22699610
Boyle,Brendan,22695128,Brendan.Boyle,22695128
Wisnu,Nina,22757410,Nina.Wisnu,22757410
Turl,Tanya,22692682,Tanya.Turl,22692682
Geanellos,Symon,22761391,Symon.Geanellos,22761391
Ellery,Sarah,22695328,Sarah.Ellery,22695328
Martinez,Albert,22681659,Albert.Martinez,22681659
Simonetti,Stacey,22694076,Stacey.Simonetti,22694076
Saunders,BeThi,22745059,BeThi.Saunders,22745059
Dhakan,Devang,22704595,Devang.Dhakan,22704595
Perkins,Margery,22697070,Margery.Perkins,22697070
Ashby,Luke,22686213,Luke.Ashby,22686213
Latimore,Andrew,22749969,Andrew.Latimore,22749969
Ichikawa,Hiroyuki,22754410,Hiroyuki.Ichikawa,22754410
Orchard,Jarrod,22757931,Jarrod.Orchard,22757931
Farago,Kristina,22709043,Kristina.Farago,22709043
Samson,Esther,22695127,Esther.Samson,22695127
Coulson,Darren,22692051,Darren.Coulson,22692051
Bekele,Samrawit,22709188,Samrawit.Bekele,22709188
Bourke,Daryl,22695166,Daryl.Bourke,22695166
Simos,Manolia,22692841,Manolia.Simos,22692841
Catalucci,Stephanie,22714258,Stephanie.Catalucci,22714258
Moore,Bernard,22711645,Bernard.Moore,22711645
Agudera,Johanna,22757854,Johanna.Agudera,22757854
O'callahan,Siobhan,22751652,Siobhan.Ocallahan,22751652
Bailey,Mark,22696182,Mark.Bailey,22696182
Stojanovska,Belinda,22741592,Belinda.Stojanovska,22741592
Jaiswal,Radhika,22764223,Radhika.Jaiswal,22764223
Loo,Andrew,22694673,Andrew.Loo,22694673
Taylor,Cassandra,22711853,Cassandra.Taylor,22711853
Mehta,Prajakta,22752591,Prajakta.Mehta,22752591
Draper,Robert,22698571,Robert.Draper,22698571
Thomas,Ian,22737422,Ian.Thomas,22737422
Trousselot,Navarre,22730955,Navarre.Trousselot,22730955
Haden,Lisa,22742290,Lisa.Haden,22742290
McLaughlin,Angela,22703807,Angela.McLaughlin,22703807
Gough,Colin,22742106,Colin.Gough,22742106
Rippon,David,22741135,David.Rippon,22741135
Conroy,Dana,22733372,Dana.Conroy,22733372
Hon,Jeff,22745113,Jeff.Hon,22745113
Phillips,Lauren,22750052,Lauren.Phillips,22750052
Lam,Kenny,22717024,Kenny.Lam,22717024
Ives,Morgan,22749130,Morgan.Ives,22749130
Hurley,Eilis,22714160,Eilis.Hurley,22714160
Augustine,Ashleigh,22755899,Ashleigh.Augustine,22755899
Mackie,Lachlan,22750685,Lachlan.Mackie,22750685
Gorra,Adrienne,22752042,Adrienne.Gorra,22752042
Murch,Stacey,22714381,Stacey.Murch,22714381
Walker,Avara,22756039,Avara.Walker,22756039
Giammarco,Monique,22717739,Monique.Giammarco,22717739
Darr,Sarah,22749547,Sarah.Darr,22749547
Asokan,Sivaprakash,22734131,Sivaprakash.Asokan,22734131
Toumngeun,Chitpasong,22752599,Chitpasong.Toumngeun,22752599
Nguyen,Diem,22722404,Diem.Nguyen,22722404
Easton,Jessica,22751479,Jessica.Easton,22751479
Carpenter,Toni,22756045,Toni.Carpenter,22756045
de Sousa,Shazmeen,22754991,Shazmeen.deSousa,22754991
Huntington,Jacqui,22720340,Jacqui.Huntington,22720340
Addamo,Joseph,22696193,Joseph.Addamo,22696193
Pelgrave,Molly,22751655,Molly.Pelgrave,22751655
Lohanda,Florence,22730160,Florence.Lohanda,22730160
Kuan,Claire,22756442,Claire.Kuan,22756442
Kim,Apollo,22753461,Apollo.Kim,22753461
Doughty,Shane,22753691,Shane.Doughty,22753691
Andrews,Caroline,22696218,Caroline.Andrews,22696218
Gorvin,Andrew,22755453,Andrew.Gorvin,22755453
Gao,Zijian,22723787,Zijian.Gao,22723787
Kant,Jasmeet,22756673,Jasmeet.Kant,22756673
Williams,Max,22753546,Max.Williams,22753546
Devlin,Corey,22731345,Corey.Devlin,22731345
Sheridan,Jason,22697066,Jason.Sheridan,22697066
Bambry,Natalie,22751826,Natalie.Bambry,22751826
Archer,Nathan,22756155,Nathan.Archer,22756155
Purcell,Ray,22695428,Ray.Purcell,22695428
Zemski,Leigh,22757555,Leigh.Zemski,22757555
Stewart,Scott,22755639,Scott.Stewart,22755639
Du,Chen,22755106,Chen.Du,22755106
Congdon,Sarah,22699782,Sarah.Congdon,22699782
Terefe,Saba,22695250,Saba.Terefe,22695250
Shen,MingLing,22696092,MingLing.Shen,22696092
Yousry,Yaser,22757390,Yaser.Yousry,22757390
Luka,Barbara,22755778,Barbara.Luka,22755778
Memon,Hassaan,22757932,Hassaan.Memon,22757932
Xanthos,John,22701563,John.Xanthos,22701563
Howes,Narelle,22706768,Narelle.Howes,22706768
Miller,Aimee,22757735,Aimee.Miller,22757735
Perera,Sagara,22696767,Sagara.Perera,22696767
Lang,Matthew,22757848,Matthew.Lang,22757848
Wang,Dongyang,22760115,Dongyang.Wang,22760115
Markou,Sarah,22698194,Sarah.Markou,22698194
Subramaniam,Nithiya,22756237,Nithiya.Subramaniam,22756237
Ralph,Rowena,22701921,Rowena.Ralph,22701921
Ku,Oliver,22760487,Oliver.Ku,22760487
Koskela,Hanna,22760757,Hanna.Koskela,22760757
Benberu,Shaveen,22759333,Shaveen.Benberu,22759333
Bhan,Indrakshi,22716544,Indrakshi.Bhan,22716544
Liu,Jianling,22701553,Jianling.Liu,22701553
Cornish,Andrew,22759357,Andrew.Cornish,22759357
Gorelik,Boris,22761625,Boris.Gorelik,22761625
Barbagallo,Concetta,22713641,Concetta.Barbagallo,22713641
Reyes,Micah,22757937,Micah.Reyes,22757937
Cameron,James,22760287,James.Cameron,22760287
Di Paola,Joshua,22721093,Joshua.DiPaola,22721093
Fuoco,Jason,22725633,Jason.Fuoco,22725633
Wong,Keillan,22760484,Keillan.Wong,22760484
Cassidy,Therese,22762130,Therese.Cassidy,22762130
Conway,Alison,22724774,Alison.Conway,22724774
Silva,Ranjeewa,22760524,Ranjeewa.Silva,22760524
Bhattacharya,Moushree,22725300,Moushree.Bhattacharya,22725300
Ferreira,Brandon,22762482,Brandon.Ferreira,22762482
Fekete,Szilvia,22760723,Szilvia.Fekete,22760723
Sheng,Yihang,22762513,Yihang.Sheng,22762513
ODonnell,Chris,22762144,Chris.ODonnell,22762144
Rosel,Henry,22762558,Henry.Rosel,22762558
Mahanga,Tassi-mae,22724775,Tassimae.Mahanga,22724775
O'Connell,Niamh,22728373,Niamh.OConnell,22728373
Idroos,Nizar,22762751,Nizar.Idroos,22762751
Sahlstrom,Elliot,22761676,Elliot.Sahlstrom,22761676
Mai,Long,22741805,Long.Mai,22741805
Elliott,Vivianne,22725577,Vivianne.Elliott,22725577
Jones,Nicholas,22762251,Nicholas.Jones,22762251
Borra,Sowjanya,22762509,Sowjanya.Borra,22762509
Walsh,Jason,22729357,Jason.Walsh,22729357
Furlan,Marjorie,22762407,Marjorie.Furlan,22762407
Lavender,Samuel,22671063,Samuel.Lavender,22671063
Sasihithlu,Savita,22763331,Savita.Sasihithlu,22763331
Foley,Cara,22699651,Cara.Foley,22699651
Matijas,Bernadette,22734160,Bernadette.Matijas,22734160
Bullion,Wendy,22652422,Wendy.Bullion,22652422
Ross,Nicholas,22766614,Nicholas.Ross,22766614
Hartnell,Gregor,22738424,Gregor.Hartnell,22738424
Ross,Joseph,22753237,Joseph.Ross,22753237
Crivelli,Kristy,22696174,Kristy.Crivelli,22696174
Rajapakse,Day,22686210,Day.Rajapakse,22686210
Carbert,Geoff,22738188,Geoff.Carbert,22738188
Russell,Richard,22666978,Richard.Russell,22666978
Dang,Michael,22675086,Michael.Dang,22675086
Kennedy,Catherine,22695136,Catherine.Kennedy,22695136
Resch,Anton,22739714,Anton.Resch,22739714
Molnar,Nicholas,22690808,Nicholas.Molnar,22690808
Doulkeridis,Christine,22708277,Christine.Doulkeridis,22708277
Dickins,Robert,28000495,Robert.Dickins,28000495
Willis-Davis,Wayne,22741887,Wayne.WillisDavis,22741887
Wilson,Deborah,22695546,Deborah.Wilson,22695546
Lacey,Lisa,22679732,Lisa.Lacey,22679732
Tobin,Michael,22701408,Michael.Tobin,22701408
Dresner,Liza,22743672,Liza.Dresner,22743672
Faglioni,Joan Sybil,28071701,JoanSybil.Faglioni,28071701
Haddad,Jessica,22697958,Jessica.Haddad,22697958
Huang,Hunter,22740261,Hunter.Huang,22740261
McLean,Hayden,22725784,Hayden.McLean,22725784
Gough,Peter,22748436,Peter.Gough,22748436
Rossiter,Natalia,28102081,Natalia.Rossiter,28102081
Nunan,Jennifer,22687443,Jennifer.Nunan,22687443
Levy,Daniel,22698251,Daniel.Levy,22698251
Bradford,Andrew,22740501,Andrew.Bradford,22740501
Kirby,Julie,22729420,Julie.Kirby,22729420
Montealegre,Mark,22708893,Mark.Montealegre,22708893
Sebestyen,Carly,22749712,Carly.Sebestyen,22749712
Santo,Luigi,28104091,Luigi.Santo,28104091
McDonald,Mary,22692612,Mary.McDonald,22692612
Duke,Daniel,22743188,Daniel.Duke,22743188
Robinson,Fiona,22733986,Fiona.Robinson,22733986
Barnes,Peter,22694315,Peter.Barnes,22694315
Khan,Nushrat,22715250,Nushrat.Khan,22715250
Gough,Murray,22648835,Murray.Gough,22648835
Adams,Noel,22734547,Noel.Adams,22734547
Bui,Daniel,22745004,Daniel.Bui,22745004
Eades,Brenden,22694517,Brenden.Eades,22694517
Tunha,Elizabeth,22739475,Elizabeth.Tunha,22739475
Jacob,Teena,22755464,Teena.Jacob,22755464
Bolton,Laura,22726433,Laura.Bolton,22726433
Makin,Marcus,22648935,Marcus.Makin,22648935
Carabella,Adrian,22745349,Adrian.Carabella,22745349
Falconer,Brendan,22756615,Brendan.Falconer,22756615
Brown,Diana,22740008,Diana.Brown,22740008
Heyhoe,Melissa,22727441,Melissa.Heyhoe,22727441
Kirby,Michelle,22695986,Michelle.Kirby,22695986
Vuu,Khanh Hong,22650943,KhanhHong.Vuu,22650943
Peng,James,22760483,James.Peng,22760483
Go,Jerah,22757017,Jerah.Go,22757017
Jorgensen,Terri,22747503,Terri.Jorgensen,22747503
Lehrer,Candice,22728621,Candice.Lehrer,22728621
Paraskevopoulos,Diasona,22696277,Diasona.Paraskevopoulos,22696277
Paningbatan,Oethellebert,22749707,Oethellebert.Paningbatan,22749707
Tan,Seow,22757117,Seow.Tan,22757117
De Boucherville,Marie,22747797,Marie.DeBoucherville,22747797
Dixon,Lucy,22733988,Lucy.Dixon,22733988
Gulamali,Suraiya,22652436,Suraiya.Gulamali,22652436
Wookey,Emma,22761501,Emma.Wookey,22761501
Kennedy,Sarah,22750283,Sarah.Kennedy,22750283
Stoel,Lianda,22749129,Lianda.Stoel,22749129
Choy,Leo,22757197,Leo.Choy,22757197
Pegg,Rebecca,22761799,Rebecca.Pegg,22761799
Gifkins,Nathan,22734974,Nathan.Gifkins,22734974
Dimitriou,Kos,22659841,Kos.Dimitriou,22659841
To,Hai,22698878,Hai.To,22698878
Cohen,Dawn,22752194,Dawn.Cohen,22752194
Cairns,Timothy,22700571,Timothy.Cairns,22700571
Tan,Kenneth,22753832,Kenneth.Tan,22753832
Phung,Billy,22757739,Billy.Phung,22757739
Farhat,Fatema,22666607,Fatema.Farhat,22666607
Randhawa,Iqbal,22758856,Iqbal.Randhawa,22758856
Mackinnon,Simon,22751354,Simon.Mackinnon,22751354
Pham,Tonia,22757943,Tonia.Pham,22757943
Johnstone,Benjamin,22762870,Benjamin.Johnstone,22762870
Crawford,Cameron,22708517,Cameron.Crawford,22708517
Watkins,Marcus,22753584,Marcus.Watkins,22753584
Kapsimalis,Aygarinos,22666985,Aygarinos.Kapsimalis,22666985
Axelson,Claire,22756971,Claire.Axelson,22756971
Ramsey,Paula,22758749,Paula.Ramsey,22758749
Bennetts,David,22758343,David.Bennetts,22758343
Tan,Karen,22763886,Karen.Tan,22763886
Vasey,Louise-Marie,21233048,LouiseMarie.Vasey,21233048
Welsh,Mark,22669652,Mark.Welsh,22669652
Pizzo,Daniel,22756040,Daniel.Pizzo,22756040
Chin,Wee Keat,22758925,WeeKeat.Chin,22758925
Chan,Sun,22675053,Sun.Chan,22675053
Adan,Edwin,22651423,Edwin.Adan,22651423
Munro,Dinah,22759581,Dinah.Munro,22759581
Learmonth,Erin,22764869,Erin.Learmonth,22764869
Seth,Neha,22756674,Neha.Seth,22756674
Orr,Cameron,22764964,Cameron.Orr,22764964
Padaria,Jalpa,22759827,Jalpa.Padaria,22759827
MacColl,Corri,22656918,Corri.MacColl,22656918
Watt,Adam,22724835,Adam.Watt,22724835
Arnold,Michael,22757093,Michael.Arnold,22757093
Shannon,Roberta,22724838,Roberta.Shannon,22724838
Tallapaneni,Silpa,22764220,Silpa.Tallapaneni,22764220
Freier,Tina,22648967,Tina.Freier,22648967
Jones,Catherine,22660582,Catherine.Jones,22660582
Patsouris,Debra,22696249,Debra.Patsouris,22696249
Sacco,David,22653125,David.Sacco,22653125
D'Onofrio,Rodolfo,22757678,Rodolfo.DOnofrio,22757678
Taylor,Cindy,22666273,Cindy.Taylor,22666273
Moyano,Natalia,22669251,Natalia.Moyano,22669251
Sinha,Monosij,22762506,Monosij.Sinha,22762506
Trebar,Vojko,22703210,Vojko.Trebar,22703210
Ide,Amanda,22728823,Amanda.Ide,22728823
Quinn,Chris,22677881,Chris.Quinn,22677881
Corsaletti,Daniel,22711811,Daniel.Corsaletti,22711811
Betikas,Pesa,28000411,Pesa.Betikas,28000411
Anastasopoulos,Popi,22733621,Popi.Anastasopoulos,22733621
Selvaratnam,Vijayan,22763389,Vijayan.Selvaratnam,22763389
Mucio,Karlo,22654016,Karlo.Mucio,22654016
Ardhy,Thomas,22682762,Thomas.Ardhy,22682762
Triantafyllou,Phillip,22713441,Phillip.Triantafyllou,22713441
De Friee,Kourtney,22676756,Kourtney.DeFriee,22676756
Pelc,Siobhan,22674839,Siobhan.Pelc,22674839
Su,De Hong,22663472,DeHong.Su,22663472
Wu,Hua,22683007,Hua.Wu,22683007
Ignacio,Brian,22764225,Brian.Ignacio,22764225
Siannos,Phillip,22718218,Phillip.Siannos,22718218
Wijoyo,Trijana,22652062,Trijana.Wijoyo,22652062
Ong,Christopher,22688564,Christopher.Ong,22688564
Bassily,Ramy,22677913,Ramy.Bassily,22677913
Kelly,Dion,22695124,Dion.Kelly,22695124
Rutherfurd,Andrew,22686667,Andrew.Rutherfurd,22686667
Ijaz,Nadeya,22764177,Nadeya.Ijaz,22764177
Lau,Karen,22682987,Karen.Lau,22682987
Walton,Cassandra,22721835,Cassandra.Walton,22721835
MacTiernan,Anthea,22764914,Anthea.MacTiernan,22764914
Harris,Mark,22679557,Mark.Harris,22679557
Boyd,Melissa,22676835,Melissa.Boyd,22676835
Victuelles,Anna,22695155,Anna.Victuelles,22695155
Thornton,Lisa,22712080,Lisa.Thornton,22712080
Young,Brett,22724508,Brett.Young,22724508
Beer,Lani,22687271,Lani.Beer,22687271
Perlic,Ellen,22683575,Ellen.Perlic,22683575
Manetta,Nicholas,22695605,Nicholas.Manetta,22695605
Blake,Caroline,22684638,Caroline.Blake,22684638
Lin,Yu,22686611,Yu.Lin,22686611
Holla,Priyanka,22713995,Priyanka.Holla,22713995
Italia,Laura,22696214,Laura.Italia,22696214
Dent,Simon,22689646,Simon.Dent,22689646
Makris,Catherine,22724551,Catherine.Makris,22724551
Nelson,Mike,22697073,Mike.Nelson,22697073
Mazurek,Anna,22689773,Anna.Mazurek,22689773
Wharton,Claire,22696227,Claire.Wharton,22696227
Pham,Minh,22688712,Minh.Pham,22688712
Lyons,Christopher,22685279,Christopher.Lyons,22685279
Nuutinen,David,22728536,David.Nuutinen,22728536
Paligora,Elizabeth,22733124,Elizabeth.Paligora,22733124
Roso,Timothy,22702365,Timothy.Roso,22702365
Logan,Adam,22690058,Adam.Logan,22690058
Ciechomski,Christine,22690775,Christine.Ciechomski,22690775
Rubic,Rachael,22735004,Rachael.Rubic,22735004
Sannachan,Thomas,22704283,Thomas.Sannachan,22704283
Venus,Matthew,22699592,Matthew.Venus,22699592
Mufti,Sucheta,22695133,Sucheta.Mufti,22695133
Menon,Tina,22691942,Tina.Menon,22691942
Nguyen,Dung Quoc,22705958,DungQuoc.Nguyen,22705958
Zhong,Shuang,22735105,Shuang.Zhong,22735105
Vagg,Elise,22704539,Elise.Vagg,22704539
Aldemir,Carla,22739732,Carla.Aldemir,22739732
Weston,Leanne,22692219,Leanne.Weston,22692219
Gurpinar,Emine,22695171,Emine.Gurpinar,22695171
Altiparmak,Betul,22751365,Betul.Altiparmak,22751365
Passarella,Alexander,22696246,Alexander.Passarella,22696246
Wijetunga,Haritha,22694054,Haritha.Wijetunga,22694054
Petersen,Stefan,22705970,Stefan.Petersen,22705970
Pugsley,Lauren,22692948,Lauren.Pugsley,22692948
Mene,Grace,22757734,Grace.Mene,22757734
Stelzer,Cherene,22735585,Cherene.Stelzer,22735585
Mucio,Keio,22715510,Keio.Mucio,22715510
Horsfall,Benjamin,22752291,Benjamin.Horsfall,22752291
Brown,Jennifer,22694989,Jennifer.Brown,22694989
Driver,Braden,22758194,Braden.Driver,22758194
Cai,Min Wei,22706830,MinWei.Cai,22706830
Xiao,Qun,22694637,Qun.Xiao,22694637
Tyers,Jonathan,22759006,Jonathan.Tyers,22759006
Liu,Kuang-Tao,22715532,KuangTao.Liu,22715532
Sood,Pranav,22713950,Pranav.Sood,22713950
Clements,Megan,22758240,Megan.Clements,22758240
Tomay,Albert,22696099,Albert.Tomay,22696099
Biddle,Rozanne,22755254,Rozanne.Biddle,22755254
Munro,Rodney,22695329,Rodney.Munro,22695329
Vu,Thanh,22724832,Thanh.Vu,22724832
Macqueen,Nicholas,22714769,Nicholas.Macqueen,22714769
Atic,Andrija,22755489,Andrija.Atic,22755489
Iap,Lalerek,22713968,Lalerek.Iap,22713968
Moore,Jonathan,22698561,Jonathan.Moore,22698561
Hawtin,Erin,22764150,Erin.Hawtin,22764150
Penfold,Dean,22757679,Dean.Penfold,22757679
Agustin,Camilla,22727440,Camilla.Agustin,22727440
Manda,Naveen,22699529,Naveen.Manda,22699529
Wilson,Alan,22722603,Alan.Wilson,22722603
Uzun,Hatice,22764157,Hatice.Uzun,22764157
Newth,Richard,22704559,Richard.Newth,22704559
Hughes,Kate,22715845,Kate.Hughes,22715845
Rosales,Rhodora,22704597,Rhodora.Rosales,22704597
Du,Jessica,22725407,Jessica.Du,22725407
Stewart,Jackie,22671848,Jackie.Stewart,22671848
Prado,Dennis,22662414,Dennis.Prado,22662414
Pettman,Wendy,22765093,Wendy.Pettman,22765093
McLeavy,Leah,22718820,Leah.McLeavy,22718820
Wilson,Taryn,22728965,Taryn.Wilson,22728965
Purdy,Gavan,22705287,Gavan.Purdy,22705287
Pham,Tuyen,22731973,Tuyen.Pham,22731973
De Wan,Mark,22685417,Mark.DeWan,22685417
Halim,Laura,22687105,Laura.Halim,22687105
Pipkorn,Amanda,22735565,Amanda.Pipkorn,22735565
Garland,Leisa,22719638,Leisa.Garland,22719638
Taylor,Meredith,22732532,Meredith.Taylor,22732532
Dolling,Kate,22722803,Kate.Dolling,22722803
D'arcy-Fox,Nick,22761477,Nick.DarcyFox,22761477
Triffett,Kaitlan,22766405,Kaitlan.Triffett,22766405
Papaspiros,Eleni,22697068,Eleni.Papaspiros,22697068
Boakye,Birago,22736064,Birago.Boakye,22736064
Kozic,Lidia,22729398,Lidia.Kozic,22729398
Topalova,Diana,22692947,Diana.Topalova,22692947
Biffen,Concetta,22733427,Concetta.Biffen,22733427
Bedada,Haweni,22720006,Haweni.Bedada,22720006
Nedelkovski,Maria,22699560,Maria.Nedelkovski,22699560
Mills,Karen,22686368,Karen.Mills,22686368
Hopa,Keegan,22706787,Keegan.Hopa,22706787
Underwood,John,22701865,John.Underwood,22701865
Lopez,Rubia,22737002,Rubia.Lopez,22737002
Yap,Cherry,22700022,Cherry.Yap,22700022
Abdul Aziz,Rizwan,22730944,Rizwan.AbdulAziz,22730944
Leng,Wayne,22686679,Wayne.Leng,22686679
Williams,Howard,22732531,Howard.Williams,22732531
Winter,Lyle,22686502,Lyle.Winter,22686502
White,Jessica,22737074,Jessica.White,22737074
Von Blomberg,Bianca,22708534,Bianca.VonBlomberg,22708534
Harris,Rebekah,22688010,Rebekah.Harris,22688010
Hazra,Saurav,22705767,Saurav.Hazra,22705767
Dunworth,Mia,22689109,Mia.Dunworth,22689109
Aurora,Karune,22713905,Karune.Aurora,22713905
Marsters,Deborah,22689209,Deborah.Marsters,22689209
Dharmalingam,Dhanaraja,22737837,Dhanaraja.Dharmalingam,22737837
Pye,Viera,22691290,Viera.Pye,22691290
Correlje,Andrew,22725555,Andrew.Correlje,22725555
Iannacone,Linda,22692134,Linda.Iannacone,22692134
Cunha,Jennifer,22741894,Jennifer.Cunha,22741894
Yu,Peggy,22695531,Peggy.Yu,22695531
Wicks,Megan,22687759,Megan.Wicks,22687759
Robinson,Forrest,22725775,Forrest.Robinson,22725775
Edwards,Elise,22693082,Elise.Edwards,22693082
Grant,Benjamin,22718606,Benjamin.Grant,22718606
Stoitsis,Gregory,22744460,Gregory.Stoitsis,22744460
Thomas,Anand,22695559,Anand.Thomas,22695559
Acebes,Oliver,22732028,Oliver.Acebes,22732028
Truong,Thao,22745396,Thao.Truong,22745396
Kateli,Aspi,22695098,Aspi.Kateli,22695098
Jones,Luke,22693935,Luke.Jones,22693935
Black,Gregory,22743624,Gregory.Black,22743624
McIntyre,Douglas,22745361,Douglas.McIntyre,22745361
Orton,Leigh,22695589,Leigh.Orton,22695589
Perich,Jayne,22738631,Jayne.Perich,22738631
Ford,Kelly,22692127,Kelly.Ford1,22692127
Wetzler,David,22695141,David.Wetzler,22695141
Buntoro,Vivi,22695115,Vivi.Buntoro,22695115
Alamaras,Anastasia,22767090,Anastasia.Alamaras,22767090
Bowes-Jensen,Peta,28000412,Peta.BowesJensen,28000412
Davis,Kate,22741710,Kate.Davis,22741710
Scott,Lucy,22692325,Lucy.Scott,22692325
Goldsmith,Vanessa,22696247,Vanessa.Goldsmith,22696247
Khov,Paul,22695379,Paul.Khov,22695379
D'Errico,Carmine,22696248,Carmine.DErrico,22696248
Stanley,Mark,22694086,Mark.Stanley,22694086
Cocheril,Marie,28000775,Marie.Cocheril,28000775
Gorman,Carol,22696161,Carol.Gorman,22696161
Bullion,Tracy,28076570,Tracy.Bullion,28076570
Santoso,Ali,22696298,Ali.Santoso,22696298
Lee,Michelle,22743235,Michelle.Lee,22743235
Hackett,David,22697326,David.Hackett,22697326
Shaw,Nicola,22695330,Nicola.Shaw,22695330
Oberg,Gary,22696341,Gary.Oberg,22696341
Wilcox,Melita,28071725,Melita.Wilcox,28071725
Stojcevska,Suzana,22696306,Suzana.Stojcevska,22696306
Denmeade,Michael,28078153,Michael.Denmeade,28078153
Cannuli,Robert,22745030,Robert.Cannuli,22745030
Fadel,Nicholas,22700854,Nicholas.Fadel,22700854
Deslongrais,Henri,22702244,Henri.Deslongrais,22702244
Gray,Braden,22702393,Braden.Gray,22702393
Kyle,Gemma,22707075,Gemma.Kyle,22707075
Ward,Sasha,28103116,Sasha.Ward,28103116
Dickson,Rebecca,28000420,Rebecca.Dickson,28000420
Grima,Andrew,22707126,Andrew.Grima,22707126
Evans,Tim,22711449,Tim.Evans,22711449
Taranto,Christine,22697918,Christine.Taranto,22697918
Burwood,Louise,22702854,Louise.Burwood,22702854
Codreanu,Silviu,28103058,Silviu.Codreanu,28103058
Jacombs,Philippa,28078886,Philippa.Jacombs,28078886
Gibbons,Tara,22680900,Tara.Gibbons,22680900
Crockett,Ally,22699713,Ally.Crockett,22699713
Ashe,Katherine,28103243,Katherine.Ashe,28103243
Williams,Megan,22705533,Megan.Williams,22705533
Logan,Craig,22713988,Craig.Logan,22713988
Cleve,Terry,22713449,Terry.Cleve,22713449
Geor,Sam,22692302,Sam.Geor,22692302
Stuart,Christopher,28102015,Christopher.Stuart,28102015
Staude,Rebecca,20761255,Rebecca.Staude,20761255
Teh,Miranda,22715796,Miranda.Teh,22715796
Woon,Wendy,22700437,Wendy.Woon,22700437
Lack,Stephanie,22707810,Stephanie.Lack,22707810
Jayaraman,Ravivarma,22715929,Ravivarma.Jayaraman,22715929
Bridges,Michael,22649369,Michael.Bridges,22649369
Sciberras,Brendan,22651518,Brendan.Sciberras,22651518
Labrooy,Joanna,28104169,Joanna.Labrooy,28104169
Xuereb,Natalie,22722019,Natalie.Xuereb,22722019
Perera,Sudheera,22722375,Sudheera.Perera,22722375
Chan,Eric,22703221,Eric.Chan,22703221
Rielly,Kelly,22655867,Kelly.Rielly,22655867
Cressy,Faryn,22747018,Faryn.Cressy,22747018
Radovic,Snezana,22727934,Snezana.Radovic,22727934
Howitt,Edward,22713120,Edward.Howitt,22713120
Canbolat,Nurcan,22656284,Nurcan.Canbolat,22656284
Wilson,Louise,22726674,Louise.Wilson,22726674
Cheung,Fiona,21291789,Fiona.Cheung,21291789
Kong,Sarah,22659960,Sarah.Kong,22659960
Khuu,Anthony,22705957,Anthony.Khuu,22705957
Thomas,Laura,22714810,Laura.Thomas,22714810
Desai,Shachi,22734657,Shachi.Desai,22734657
Thirlwall,Averil,22728371,Averil.Thirlwall,22728371
Millis,Kylee,22747201,Kylee.Millis,22747201
Malliaros,Sotirios,22657219,Sotirios.Malliaros,22657219
Ly,Rowena,22708381,Rowena.Ly,22708381
Costelloe,Yutang,22734766,Yutang.Costelloe,22734766
Lipnicki,Lukasz,22715809,Lukasz.Lipnicki,22715809
Hunt,Nicole,22747831,Nicole.Hunt,22747831
Tran,Robert,22708666,Robert.Tran,22708666
Eckhardt,James,22730850,James.Eckhardt,22730850
Muccio,Marie,22673931,Marie.Muccio,22673931
Wade,Lara,22720161,Lara.Wade,22720161
Smith,Suzanne,22681459,Suzanne.Smith,22681459
Huynh,Lu Kha Ai,22711477,LuKhaAi.Huynh,22711477
Smith,Melanie,22731719,Melanie.Smith,22731719
Kaldas,Caroline,22727625,Caroline.Kaldas,22727625
Pratt,Samantha,22684329,Samantha.Pratt,22684329
Madsen,Martin,22680147,Martin.Madsen,22680147
Pulepule,John,22664507,John.Pulepule,22664507
Kenny,Shane,22714860,Shane.Kenny,22714860
Lethbridge,Nick,22732148,Nick.Lethbridge,22732148
Humphreys,Catherine,22685185,Catherine.Humphreys,22685185
Thomson,Nico,22721204,Nico.Thomson,22721204
Muldoon,Katie,22727882,Katie.Muldoon,22727882
Robinson,Phillip,22692389,Phillip.Robinson,22692389
Wycherley,Scott,22668455,Scott.Wycherley,22668455
Maloney,Corinda,22733126,Corinda.Maloney,22733126
Blanche,Stephen,22733720,Stephen.Blanche,22733720
Pike,Peter,22692650,Peter.Pike,22692650
Morgan,Thomas,22696280,Thomas.Morgan,22696280
Korman,Sarah,22677490,Sarah.Korman,22677490
Kaul,Shailesh,22736988,Shailesh.Kaul,22736988
Forrest,Mark,22727258,Mark.Forrest,22727258
Farakos,Harry,22696149,Harry.Farakos,22696149
Mathias,Aaron,22677523,Aaron.Mathias,22677523
Davies,Tara,22698072,Tara.Davies,22698072
Kelly,Barbara,22728608,Barbara.Kelly,22728608
Righetti,John,22701165,John.Righetti,22701165
Drago,Josephine,22694647,Josephine.Drago,22694647
Bilal,Asma,22730613,Asma.Bilal,22730613
Kurru,Bhavani,22730171,Bhavani.Kurru,22730171
Chai,Amy,22701585,Amy.Chai,22701585
Kachorroski,Andrea,22695137,Andrea.Kachorroski,22695137
Teh,Emily,22738512,Emily.Teh,22738512
Calvani,Marco,22702983,Marco.Calvani,22702983
Catanese,Joseph,22713923,Joseph.Catanese,22713923
Farr,Allison,22743306,Allison.Farr,22743306
Olivia,Peter,22696189,Peter.Olivia,22696189
Chong,Amanda,22740980,Amanda.Chong,22740980
Moyes,Trina,22747274,Trina.Moyes,22747274
Mattiske,Ashlyn,22744394,Ashlyn.Mattiske,22744394
Al-Barchini,Patrick,22713178,Patrick.AlBarchini,22713178
Hatch,Angela,22742843,Angela.Hatch,22742843
Rigas,Voula,22713442,Voula.Rigas,22713442
Reid,Lauren,22714164,Lauren.Reid,22714164
Leong,Yen-Yen,22744395,YenYen.Leong,22744395
Vuong,Caroline,22714621,Caroline.Vuong,22714621
Johnson,Jason,22744245,Jason.Johnson,22744245
Bahuguna,Shubhangini,22715348,Shubhangini.Bahuguna,22715348
Oh,Won,22744539,Won.Oh,22744539
Shearer,Sequoia,22716170,Sequoia.Shearer,22716170
Le,David,22745398,David.Le,22745398
Ika,Kalolaine,22749931,Kalolaine.Ika,22749931
Hazell,Georgina,22732830,Georgina.Hazell,22732830
Haase,Stacey,22714681,Stacey.Haase,22714681
Andruczyk,James,22717979,James.Andruczyk,22717979
Drury,Katherine,22721099,Katherine.Drury,22721099
Keady,Matthew,22719704,Matthew.Keady,22719704
Tu,Shimene,22751545,Shimene.Tu,22751545
Lusinta,Kristania,22719392,Kristania.Lusinta,22719392
Wallis,Paul,22722813,Paul.Wallis,22722813
Tran,Taryn,22734947,Taryn.Tran,22734947
Kosasih,Hendri,22750187,Hendri.Kosasih,22750187
Sutherland,Thomas,22730836,Thomas.Sutherland,22730836
Clarke,Chris,22731747,Chris.Clarke,22731747
Chen,Jianting,22740754,Jianting.Chen,22740754
Evans,Nicholas,22728469,Nicholas.Evans,22728469
Brown,Gregory,22739420,Gregory.Brown,22739420
Chandra,Jasmina,22728923,Jasmina.Chandra,22728923
Jansen Van Rensburg,Liesje,22753159,Liesje.JansenVanRensburg,22753159
Ewert,Robbi,22745976,Robbi.Ewert,22745976
Fedele,Daniela,22735291,Daniela.Fedele,22735291
Samadi,Masood,22760362,Masood.Samadi,22760362
Stubberfield,Beth,22740978,Beth.Stubberfield,22740978
Woolfrey,Christopher,22755102,Christopher.Woolfrey,22755102
Chan,Jeffrey,22741267,Jeffrey.Chan,22741267
Babbar,Kanika,22736759,Kanika.Babbar,22736759
Pham,Duyen,22760488,Duyen.Pham,22760488
Meredith,Suzanne,22734695,Suzanne.Meredith,22734695
Cavallaro,Anne-Marie,22738779,AnneMarie.Cavallaro,22738779
Sumanasuriya,Sarindi,22752607,Sarindi.Sumanasuriya,22752607
Levanes,Katherine,22741700,Katherine.Levanes,22741700
Nguyen,Vinh,22734979,Vinh.Nguyen,22734979
Rosengren,Stephen,22752756,Stephen.Rosengren,22752756
James,Sarah,22653080,Sarah.James,22653080
Durand Deslongrais,Adrien,22767432,Adrien.DurandDeslongrais,22767432
Hawkins,Toby,22741059,Toby.Hawkins,22741059
Verma,Mukul,22739564,Mukul.Verma,22739564
Lim,Akin,28078830,Akin.Lim,28078830
Mallett,Addam,22735289,Addam.Mallett,22735289
Rodrigo,Niluki,22667348,Niluki.Rodrigo,22667348
Kahika,Taynah,22757941,Taynah.Kahika,22757941
Rivera,Adoracion,22751341,Adoracion.Rivera,22751341
Aguilar,Maria,22743979,Maria.Aguilar,22743979
Mudasia,Timothy,22738705,Timothy.Mudasia,22738705
Doherty,Samuel,22670419,Samuel.Doherty,22670419
McGuane,Darren,22649086,Darren.McGuane,22649086
Potter,Sean,22758430,Sean.Potter,22758430
Thompson,David,22739035,David.Thompson,22739035
Gillam,Peter,22759001,Peter.Gillam,22759001
McIntyre,Deakyn,22745893,Deakyn.McIntyre,22745893
Holland,Brooke,22751727,Brooke.Holland,22751727
Stamatopoulos,Mary,22744002,Mary.Stamatopoulos,22744002
Wang,Junyi,22670742,Junyi.Wang,22670742
Maxwell,Natasha,22759464,Natasha.Maxwell,22759464
Sau,Siev,22697271,Siev.Sau,22697271
Marshall,Lauren,22748858,Lauren.Marshall,22748858
Vecchiet,Andreas,22757570,Andreas.Vecchiet,22757570
Bay,Martin,22725478,Martin.Bay,22725478
Ngo,Si Nhon,22748448,SiNhon.Ngo,22748448
Kirk,Kristen,22678682,Kristen.Kirk,22678682
Batkov,Anthony,22757733,Anthony.Batkov,22757733
Jeffrey,Helen,22762219,Helen.Jeffrey,22762219
Joyner,Elisabeth,22750648,Elisabeth.Joyner,22750648
Farey,Emma,22755049,Emma.Farey,22755049
Letheby,Ashlyn,22678910,Ashlyn.Letheby,22678910
Phan,Kar Yea,22752593,KarYea.Phan,22752593
Choudhury,Tasmeea,22753551,Tasmeea.Choudhury,22753551
Arvind,Vinay,22755454,Vinay.Arvind,22755454
Arthur,Robina,22758620,Robina.Arthur,22758620
Shugg,Jalen,22753585,Jalen.Shugg,22753585
Wilcox,Emily,22756110,Emily.Wilcox,22756110
Chin,Soong,22694028,Soong.Chin,22694028
Toms,Desly,22759002,Desly.Toms,22759002
Valentine,Katie,22759822,Katie.Valentine,22759822
Bilal,Layal,22696179,Layal.Bilal,22696179
Jayawardena,Kevin,22756042,Kevin.Jayawardena,22756042
Hindle,Natacha,22756215,Natacha.Hindle,22756215
Backman,Matthew,22759110,Matthew.Backman,22759110
Lawes,Alana,22766402,Alana.Lawes,22766402
Liu,Ya Jun,22756447,YaJun.Liu,22756447
Reyes,Michelle,22696262,Michelle.Reyes,22696262
Kennedy,Georgia,22757930,Georgia.Kennedy,22757930
McDowell,Christopher,22761793,Christopher.McDowell,22761793
Mieog,Sue,22763241,Sue.Mieog,22763241
Mutton,Pauline,22696296,Pauline.Mutton,22696296
Johnson,Gareth,22758261,Gareth.Johnson,22758261
Hudson,Jon,22699456,Jon.Hudson,22699456
Bradley,Michelle,22760047,Michelle.Bradley,22760047
Muir,Michael,28000729,Michael.Muir,28000729
Perri,Helen,22706195,Helen.Perri,22706195
Agar,Joshua,22749759,Joshua.Agar,22749759
Easdon,Bridget,22760878,Bridget.Easdon,22760878
Sadowski,Antoni,22760503,Antoni.Sadowski,22760503
O'Sullivan,Ella,22758216,Ella.OSullivan,22758216
Rapsey,Kate,22750171,Kate.Rapsey,22750171
Gevergis,Marlene,28078873,Marlene.Gevergis,28078873
Pottier,Cynthia,22761563,Cynthia.Pottier,22761563
Kaipuke,Paris,22764158,Paris.Kaipuke,22764158
Chiyangwa,Enock,22751987,Enock.Chiyangwa,22751987
Morrissey,Tarryn,22758307,Tarryn.Morrissey,22758307
Koliatsos,Maria,22748438,Maria.Koliatsos,22748438
Levitin,Gail,22721674,Gail.Levitin,22721674
Blake,George,22762149,George.Blake,22762149
Qin,Tian,22753488,Tian.Qin,22753488
Gardiner,Nicholas,22748542,Nicholas.Gardiner,22748542
Faidy,Nick,22748514,Nick.Faidy,22748514
Birkensleigh,Sandra,22759355,Sandra.Birkensleigh,22759355
Tam,Yick,22675341,Yick.Tam,22675341
Padmasekaran,Sivashankar,22753650,Sivashankar.Padmasekaran,22753650
Fujita,Yoichi,22751943,Yoichi.Fujita,22751943
Gomez,Niccolo,22762771,Niccolo.Gomez,22762771
Stratsianis,Arthur,22748799,Arthur.Stratsianis,22748799
Huynh,Diep,28000611,Diep.Huynh,28000611
Alexandroff,Paul-Henri,22753680,PaulHenri.Alexandroff,22753680
Thankamoni,Jasmine,22747910,Jasmine.Thankamoni,22747910
Rowling,Maddison,22754255,Maddison.Rowling,22754255
Santero,Maria,20908619,Maria.Santero,20908619
Le,My Lien,22753581,MyLien.Le,22753581
Muller,Natalia,22763952,Natalia.Muller,22763952
Okamoto,Shinichi,22754407,Shinichi.Okamoto,22754407
Cheng,Raymond,22737628,Raymond.Cheng,22737628
Bruce,Tyler,22754256,Tyler.Bruce,22754256
Shastri,Bala,22661668,Bala.Shastri,22661668
Sleeman,Tessa,22754822,Tessa.Sleeman,22754822
Tran,Adora Ly,22748477,AdoraLy.Tran,22748477
Newton,Matthew,22754683,Matthew.Newton,22754683
Katta,Naveen,22764224,Naveen.Katta,22764224
Ishigami,Erika,22756152,Erika.Ishigami,22756152
Lewis,Kelsey,22756041,Kelsey.Lewis,22756041
Bombaci,James,22755868,James.Bombaci,22755868
Iradukunda,Orthension,22752528,Orthension.Iradukunda,22752528
Brincat,Melanie,22664347,Melanie.Brincat,22664347
Cheong,Mack,22755205,Mack.Cheong,22755205
Lui,Amanda,22761206,Amanda.Lui,22761206
Liu,Yuxin,22756960,Yuxin.Liu,22756960
Neill,Debra,22753268,Debra.Neill,22753268
Tran,Linh-Nam,22756750,LinhNam.Tran,22756750
Watts,Clare,22672375,Clare.Watts,22672375
Lovich,Lisa,22756115,Lisa.Lovich,22756115
Al-Nakat,Simon,22761392,Simon.AlNakat,22761392
O'Shea,Connor,22757551,Connor.OShea,22757551
Little,Marina,22756218,Marina.Little,22756218
Giles,Stefanie,22756751,Stefanie.Giles,22756751
Copeman,Jerome,22757011,Jerome.Copeman,22757011
Kinanthi,Arvina,22757737,Arvina.Kinanthi,22757737
Ajibola,Tobi,22756982,Tobi.Ajibola,22756982
Liu,Dianna,22755404,Dianna.Liu,22755404
Torckler,Rebekah,22757939,Rebekah.Torckler,22757939
Lu,Qian,22752988,Qian.Lu,22752988
Hashizume,Shinsuke,22756382,Shinsuke.Hashizume,22756382
Lee,Alex,22757736,Alex.Lee,22757736
Curry,Rebecca,22759454,Rebecca.Curry,22759454
Hii,Jack,22758026,Jack.Hii,22758026
Turkoglu,Halime,22753550,Halime.Turkoglu,22753550
Connolly,Tomoko,22758239,Tomoko.Connolly,22758239
Vonthethoff,Daniel,22761829,Daniel.Vonthethoff,22761829
Cushan,Roy,22758559,Roy.Cushan,22758559
Nguyen,Duc,22762603,Duc.Nguyen,22762603
Kanagalingam,Saravanan,22753610,Saravanan.Kanagalingam,22753610
Halil,Hassan,22757540,Hassan.Halil,22757540
Dominish,Gregory,22762779,Gregory.Dominish,22762779
Sapieja,Evelyne,22760247,Evelyne.Sapieja,22760247
Litchfield,Stephanie,22757938,Stephanie.Litchfield,22757938
Liind,Kiia,22754120,Kiia.Liind,22754120
Woodward,Sean,22760915,Sean.Woodward,22760915
Lioe,Jacqueline,22765629,Jacqueline.Lioe,22765629
Fisher,Alexandra,22763325,Alexandra.Fisher,22763325
Prince,Steve,22762012,Steve.Prince,22762012
Hoich,Carissa,22761626,Carissa.Hoich,22761626
Stedman,Simon,22761865,Simon.Stedman,22761865
Quach,Richard,22762154,Richard.Quach,22762154
Dhillon,Veerpal,22757942,Veerpal.Dhillon,22757942
Guittiere,Juliette,22762508,Juliette.Guittiere,22762508
Low,Wai Kit,22766360,WaiKit.Low,22766360
Kripintiris,Emily,22753713,Emily.Kripintiris,22753713
Macartney,Blake,22756217,Blake.Macartney,22756217
Dickson,Sarah,22761948,Sarah.Dickson,22761948
McKean,Michael,22757951,Michael.McKean,22757951
Cheng,Leny,22762728,Leny.Cheng,22762728
Garland,Meg,22751325,Meg.Garland,22751325
Zhang,Bruce,22755490,Bruce.Zhang,22755490
Holessis,Georgina,22762120,Georgina.Holessis,22762120
Howells,Jamie,22758618,Jamie.Howells,22758618
Menzies,James,22757255,James.Menzies,22757255
Beck,Nicholas,22753586,Nicholas.Beck,22753586
Poondla,Adarsh,22762511,Adarsh.Poondla,22762511
Taylor,Jessica,22759580,Jessica.Taylor,22759580
Sahai,Pallavi,22758924,Pallavi.Sahai,22758924
Sinha,Sharoon,22757990,Sharoon.Sinha,22757990
Fitzgerald,Judith,22755906,Judith.Fitzgerald,22755906
Lim,Jessica,22764258,Jessica.Lim,22764258
Chhim,Linda,22760568,Linda.Chhim,22760568
Grey,Peter,22759356,Peter.Grey,22759356
Cochrane,Adrienne,22758306,Adrienne.Cochrane,22758306
Maiolo,Cosimo,22688708,Cosimo.Maiolo,22688708
Hoggan,Graham,22764233,Graham.Hoggan,22764233
Khadilkar,Sidharth,22766691,Sidharth.Khadilkar,22766691
Steinmetz,Erin,22761522,Erin.Steinmetz,22761522
Hughes,Rodney,28000832,Rodney.Hughes,28000832
Deo,Pusp,28000399,Pusp.Deo,28000399
Griffiths,Kaleb,22761559,Kaleb.Griffiths,22761559
Connors,James,22760377,James.Connors,22760377
Wilson,Tracy,22689142,Tracy.Wilson,22689142
Stafford,Michelle,28076481,Michelle.Stafford,28076481
Thomas,Simon,22766132,Simon.Thomas,22766132
Murphy,Dean,22695150,Dean.Murphy,22695150
Yeo,Amy,28075070,Amy.Yeo,28075070
Punzalan,Andrea,28078190,Andrea.Punzalan,28078190
Mukherjee,Soumyajit,22762510,Soumyajit.Mukherjee,22762510
Toussaint,Bernard,28079058,Bernard.Toussaint,28079058
Popova,Lioubov,22696201,Lioubov.Popova,22696201
Knox,Christopher,28102756,Christopher.Knox,28102756
Jongebloed,Jamie,22763323,Jamie.Jongebloed,22763323
Kruger,Leah,22763520,Leah.Kruger,22763520
Disbray,Erin,28102395,Erin.Disbray,28102395
Wu,Jun,22762503,Jun.Wu,22762503
Pati,Vasudha,22763949,Vasudha.Pati,22763949
Harach,Walid,28102795,Walid.Harach,28102795
MacDonald,Peter,22763075,Peter.MacDonald,22763075
Jones,Grant,28102874,Grant.Jones,28102874
Milliss,Heidi,28103456,Heidi.Milliss,28103456
Erasmus,Daniel,28104065,Daniel.Erasmus,28104065
Foenander,Olga,22761695,Olga.Foenander,22761695
Taylor,Jarred,28103601,Jarred.Taylor,28103601
Nunez,Esteban,22764222,Esteban.Nunez,22764222
Slonim,Joshua,22649085,Joshua.Slonim,22649085
Taylor,Robyn,22761769,Robyn.Taylor,22761769
Kadambi,Vasanth,28000434,Vasanth.Kadambi,28000434
Spizick,Gretel,28104264,Gretel.Spizick,28104264
Sarris,Anthony,22764577,Anthony.Sarris,22764577
Star,Rebecca,28103862,Rebecca.Star,28103862
Glover,Nicolle,22761881,Nicolle.Glover,22761881
Lugsdin,David,28103442,David.Lugsdin,28103442
Lynch,Glenda,28000438,Glenda.Lynch,28000438
Habel,Tim,28104316,Tim.Habel,28104316
Poriazis,Helen,20884441,Helen.Poriazis,20884441
Amador,Robert,22675767,Robert.Amador,22675767
Nichols,Julie,28000443,Julie.Nichols,28000443
Meighan,Mona,21406889,Mona.Meighan,21406889
Kieran,Nicholas,22653229,Nicholas.Kieran,22653229
Satterly,Eleanor,22648946,Eleanor.Satterly,22648946
Taylor,Lindy,22694052,Lindy.Taylor,22694052
Hee,Jerry,22699305,Jerry.Hee,22699305
Lancelot,Cheryl,28000632,Cheryl.Lancelot,28000632
Freeman,Rebecca,22678126,Rebecca.Freeman,22678126
Lowth,Matthew,22663677,Matthew.Lowth,22663677
Santos,Judite,28087321,Judite.Santos,28087321
Otares,Catherine,22694881,Catherine.Otares,22694881
Milne,Brad,22648573,Brad.Milne,22648573
Peh,Melissa,22761104,Melissa.Peh,22761104
Wong,San,28000675,San.Wong,28000675
Gray,Debra,22673844,Debra.Gray,22673844
Waterson,Karen,22679099,Karen.Waterson,22679099
Doyle,David,22695383,David.Doyle,22695383
Spriggs,Michael,22654293,Michael.Spriggs,22654293
Alamaras,Helen,28000740,Helen.Alamaras,28000740
Robinson,Kimberley,22681034,Kimberley.Robinson,22681034
McCormack,Sean,28101043,Sean.McCormack,28101043
Lang,Belkez,22762150,Belkez.Lang,22762150
Rowe,Amanda,22696155,Amanda.Rowe,22696155
Page,Colleen,22688534,Colleen.Page,22688534
McVee,Anna,22672143,Anna.McVee,22672143
Delisio,Deanna,21123532,Deanna.Delisio,21123532
McLachlan,Shane,22696235,Shane.McLachlan,22696235
D'Ambrosio,Jessica,22692117,Jessica.DAmbrosio,22692117
Kalra,Snezana,28000359,Snezana.Kalra,28000359
Seitaridis,Patricia,22764221,Patricia.Seitaridis,22764221
Keung,Matthew,21385101,Matthew.Keung,21385101
Luo,Meifen,28085629,Meifen.Luo,28085629
Hannah,Russell,22692353,Russell.Hannah,22692353
Aucaruri,Evelyn,22696830,Evelyn.Aucaruri,22696830
Paul,Priyunko,22762504,Priyunko.Paul,22762504
Johnson,Tyler,22674411,Tyler.Johnson,22674411
Frazer,Jodie,28075791,Jodie.Frazer,28075791
Perenise,Miranda,28106908,Miranda.Perenise,28106908
Howard,Byron,22695100,Byron.Howard,22695100
Harris,Erika,22765006,Erika.Harris,22765006
Buchanan,Fred,22699245,Fred.Buchanan,22699245
Skoro,Bojana,22696226,Bojana.Skoro,22696226
Tichy,Christopher,22681255,Christopher.Tichy,22681255
Leal,Matthew,22652717,Matthew.Leal,22652717
Eggleston,Robert,28077542,Robert.Eggleston,28077542
Nguyen,Cyprien,22699774,Cyprien.Nguyen,22699774
Griffiths,David,28075030,David.Griffiths,28075030
Vanderputt,Warren,28000455,Warren.Vanderputt,28000455
Sanford,Kathryn,22683190,Kathryn.Sanford,22683190
Ho,Nelson,22705951,Nelson.Ho,22705951
Cray,Melissa,28000519,Melissa.Cray,28000519
McGowen,Victoria,28104447,Victoria.McGowen,28104447
Nguyen,Kim-Ann,22709061,KimAnn.Nguyen,22709061
Mcfie,Amanda,28075668,Amanda.Mcfie,28075668
Ranellone,Nunziata,28000395,Nunziata.Ranellone,28000395
Short,Diane,28000612,Diane.Short,28000612
Patel,Priyanka,22709110,Priyanka.Patel,22709110
Lovrek,Leah-Jean,28104652,LeahJean.Lovrek,28104652
Chaitanya,Chintaginjala,22712762,Chintaginjala.Chaitanya,22712762
Vanderwert,Joel,28103813,Joel.Vanderwert,28103813
Razon,Beverly-Luna,28103350,BeverlyLuna.Razon,28103350
Clancy,Kay,22764936,Kay.Clancy,22764936
Hosanee,Fiona,28000468,Fiona.Hosanee,28000468
Lindsay,Janet,28104259,Janet.Lindsay,28104259
Platcher,Amber,22709144,Amber.Platcher,22709144
Welsh,Kara,22652120,Kara.Welsh,22652120
McCulloch,Stuart,22689292,Stuart.McCulloch,22689292
Mason,Helen,28000709,Helen.Mason,28000709
Herbias,Bryan,22656318,Bryan.Herbias,22656318
Sy-Cardente,Bernadette,28102489,Bernadette.SyCardente,28102489
Ries,Christopher,22692146,Christopher.Ries,22692146
Cusmano,Josephine,22713429,Josephine.Cusmano,22713429
Slen,Annie,22766556,Annie.Slen,22766556
Monteiro,Aurie,28000755,Aurie.Monteiro,28000755
Carlson,Shannon,22767171,Shannon.Carlson,22767171
Hill,Bradley,22692544,Bradley.Hill,22692544
Nguyen,Thanh,22656695,Thanh.Nguyen,22656695
Richardson,Tracey,28106905,Tracey.Richardson,28106905
Younes,Maher,22709579,Maher.Younes,22709579
Sinopoli,Lisa,28000745,Lisa.Sinopoli,28000745
Scafidi,Robert,22695121,Robert.Scafidi,22695121
Muncan,Mimma,28075048,Mimma.Muncan,28075048
Linhart,Evelyn,28078903,Evelyn.Linhart,28078903
Wood,Jo,22653567,Jo.Wood,22653567
Cassidy,Fiona,28000414,Fiona.Cassidy,28000414
Harvey,Michelle,22662843,Michelle.Harvey,22662843
Warren,Rebekah,22696292,Rebekah.Warren,22696292
Oliver,Suzanne,22723282,Suzanne.Oliver,22723282
Conway,Susan,28104174,Susan.Conway,28104174
Borg,Susan,22666997,Susan.Borg,22666997
Holmes,Deborah,28079016,Deborah.Holmes,28079016
Pillai,Nandini,28078091,Nandini.Pillai,28078091
Thomson,John,22691615,John.Thomson,22691615
Foster,Andrew,22724929,Andrew.Foster,22724929
Cerasa,Peter,22652582,Peter.Cerasa,22652582
Pimpinella,Angela,28102446,Angela.Pimpinella,28102446
Harris,William,22754830,William.Harris,22754830
Jacombs,Paul,28078326,Paul.Jacombs,28078326
Crowley,Stephen,22702045,Stephen.Crowley,22702045
Mannays,Faron,22660483,Faron.Mannays,22660483
lavery,lusiana,22684071,lusiana.lavery,22684071
Vujadinovic,Vesna,22700055,Vesna.Vujadinovic,22700055
Cleland,Marc,22725092,Marc.Cleland,22725092
Bundy,Jennifer,22740815,Jennifer.Bundy,22740815
Bhana,Jayesh,22755994,Jayesh.Bhana,22755994
Simpson,Sharon,28103644,Sharon.Simpson,28103644
Shagrin,Michael,28078815,Michael.Shagrin,28078815
Selth,Mark,22692329,Mark.Selth,22692329
Waje,Rosana,22674678,Rosana.Waje,22674678
Robinson,Darren,22727160,Darren.Robinson,22727160
Young,Elizabeth,21230199,Elizabeth.Young,21230199
Burce,Paul,22756149,Paul.Burce,22756149
Zaidi,Gaiti,22711405,Gaiti.Zaidi,22711405
Dey,Mrinalendu,28079081,Mrinalendu.Dey,28079081
Kosadias,Gus,22683545,Gus.Kosadias,22683545
Thompson,Chris,22766651,Chris.Thompson,22766651
Ellery,Jarrod,22728419,Jarrod.Ellery,22728419
Hays,Leigh,22653046,Leigh.Hays,22653046
Coleman,Robert,28102472,Robert.Coleman,28102472
Gleyberman,Arthur,22713960,Arthur.Gleyberman,22713960
Gilopidis,Vasiliki,22696312,Vasiliki.Gilopidis,22696312
Sathianathen,Shervonne,28000665,Shervonne.Sathianathen,28000665
Wong,Andy Kai Sing,22733256,AndyKaiSing.Wong,22733256
Baldacchino,Lisa,22657514,Lisa.Baldacchino,22657514
Antony,Cheryl,28000427,Cheryl.Antony,28000427
Kelman,Marina,22723894,Marina.Kelman,22723894
Milne,Catherine,28075590,Catherine.Milne,28075590
Jenkin,Nick,22709066,Nick.Jenkin,22709066
Burke,Martin,28104137,Martin.Burke,28104137
Au,Julie,22734987,Julie.Au,22734987
Amory,Alexandra,22727880,Alexandra.Amory,22727880
Andaras,Evangelia,22730629,Evangelia.Andaras,22730629
Curran,Kendall,28086619,Kendall.Curran,28086619
Purvis,Adrian,22735515,Adrian.Purvis,22735515
Moon,Phillip,22710190,Phillip.Moon,22710190
Anthony,Jeremy,22731014,Jeremy.Anthony,22731014
Ranasinghe,Nihara,22713296,Nihara.Ranasinghe,22713296
Hall,Stephen,28102336,Stephen.Hall,28102336
Tang,Cheng Yao,22735627,ChengYao.Tang,22735627
Kitzelmann,Sarah,22764355,Sarah.Kitzelmann,22764355
Curran,Lisa,28000418,Lisa.Curran1,28000418
Cassar,Joseph,22741226,Joseph.Cassar,22741226
Petruzzelli,Zoe,22713894,Zoe.Petruzzelli,22713894
Ahmed,Muhammad,28104305,Muhammad.Ahmed,28104305
Condo,Joseph,22742680,Joseph.Condo,22742680
Stanley,Tracey,28000450,Tracey.Stanley,28000450
Kent,Samantha,22724543,Samantha.Kent,22724543
Meiklejohn,Russell,22749450,Russell.Meiklejohn,22749450
Garcia,Mary-Rose,28104406,MaryRose.Garcia,28104406
Femia,Tony,22688765,Tony.Femia,22688765
Scala,Stephanie,22766371,Stephanie.Scala,22766371
Small,Adam,22743684,Adam.Small,22743684
Huhta,Maria,28076883,Maria.Huhta,28076883
Schreenan,Matthew,22694314,Matthew.Schreenan,22694314
Dillon,Barry,22744580,Barry.Dillon,22744580
McLoughlan,Brooke,21135368,Brooke.McLoughlan,21135368
Duell,Andrew,22648944,Andrew.Duell,22648944
Shakya,Sunita,22695145,Sunita.Shakya,22695145
Foulds,Michele,22757094,Michele.Foulds,22757094
Mitchell,James,22755547,James.Mitchell,22755547
Shah,Dakshita,22750137,Dakshita.Shah,22750137
Arnel,Adam,21314442,Adam.Arnel,21314442
Wilden,Beverley,28078884,Beverley.Wilden,28078884
Boughton,Rachel,22756842,Rachel.Boughton,22756842
Ratti,Shilpa,22758563,Shilpa.Ratti,22758563
Foote,Sam,22695384,Sam.Foote1,22695384
McLeod,Sharon,22648968,Sharon.McLeod,22648968
Thaqi,Sophia,22696300,Sophia.Thaqi,22696300
Miers,Renee,28000616,Renee.Miers,28000616
Williams,Kristal,22753164,Kristal.Williams,22753164
Johnson,Alison,28079088,Alison.Johnson,28079088
Ward,Karen,21330651,Karen.Ward,21330651
Cigdem,Dilek,22698530,Dilek.Cigdem,22698530
Hoang,Thanh,22753876,Thanh.Hoang,22753876
Londregan,Shane,28102494,Shane.Londregan,28102494
Probin,Paul,22658663,Paul.Probin,22658663
Salter,Kane,22765647,Kane.Salter,22765647
MacNaughton,Anne,28104629,Anne.MacNaughton,28104629
Fallows,Peter,28102624,Peter.Fallows,28102624
Martin,Simon,22660996,Simon.Martin,22660996
Peddamadula,Keshaba,22758654,Keshaba.Peddamadula,22758654
Fragkoulis,Dionysios,22762515,Dionysios.Fragkoulis,22762515
Abdilla,Janice,21448607,Janice.Abdilla,21448607
Giannikos,John,28000429,John.Giannikos,28000429
Malone,Laura,22707402,Laura.Malone,22707402
Sydenham,Bradley,28103834,Bradley.Sydenham,28103834
Son,Mi Hye,22669874,MiHye.Son,22669874
Mogridge-Khan,Lynette,22648962,Lynette.MogridgeKhan,22648962
Jahn,Heather,28087411,Heather.Jahn,28087411
Goldsmith,Peta,22652384,Peta.Goldsmith,22652384
Gutierrez,Myrna,28104058,Myrna.Gutierrez,28104058
Abbott-Walton,Angelique,22672010,Angelique.AbbottWalton,22672010
Kwon,Iris,22672243,Iris.Kwon,22672243
Valluri,Anitha,22764217,Anitha.Valluri,22764217
Turner,Alison,22660266,Alison.Turner,22660266
Hodges,Andrew,22761805,Andrew.Hodges,22761805
Dowsing,Andrew,22692349,Andrew.Dowsing,22692349
Law,Andy,22672244,Andy.Law,22672244
Harper,Antony,22761980,Antony.Harper,22761980
Cherian,Jolly,22692693,Jolly.Cherian,22692693
Edwards,Nicholas,28000497,Nicholas.Edwards,28000497
Felipe,Olivia,22692121,Olivia.Felipe,22692121
Herden,Ruth,22762068,Ruth.Herden,22762068
Singh,Rajneesh,22692723,Rajneesh.Singh,22692723
O'Sullivan,Andrew,22692157,Andrew.OSullivan,22692157
Watson,Ann-Maree,28078799,AnnMaree.Watson,28078799
O'Connor,Matthew,22695439,Matthew.OConnor,22695439
Ristevski,Lydia,22692702,Lydia.Ristevski,22692702
Lennon,Brian,28102487,Brian.Lennon,28102487
Holmes,Barry,22694290,Barry.Holmes,22694290
Prasad,Lynette,22725036,Lynette.Prasad,22725036
Potter,Sonora,28104606,Sonora.Potter,28104606
Aidone,Gregory,22696239,Gregory.Aidone,22696239
Goodwin,Noel,22735517,Noel.Goodwin,22735517
Mansfield,Jason,22696242,Jason.Mansfield,22696242
Katsoulis,Eleni,22741039,Eleni.Katsoulis,22741039
Colbert,Maria,22696288,Maria.Colbert,22696288
Learmonth,Lorraine,22696752,Lorraine.Learmonth,22696752
Alhajji,Mahdi,22751656,Mahdi.Alhajji,22751656
Magallanes,Mary,22678592,Mary.Magallanes,22678592
McFarlane,Peter,22754259,Peter.McFarlane,22754259
Mok,Katherine,22686366,Katherine.Mok,22686366
Lagarrigue,Nicholas,22755253,Nicholas.Lagarrigue,22755253
Trejo,Selene,22760486,Selene.Trejo,22760486
Griggspall,Matthew,22653268,Matthew.Griggspall,22653268
Else,Joanna,22709425,Joanna.Else,22709425
Kay,Sarah,22713203,Sarah.Kay,22713203
Rima,Alexandra,22734879,Alexandra.Rima,22734879
Patsouris,Jeffrey,22692609,Jeffrey.Patsouris,22692609
Cafari,Stephanie,22735514,Stephanie.Cafari,22735514
Schneider,Brendan,22725865,Brendan.Schneider,22725865
Ballard Maher,Tamara,22727865,Tamara.BallardMaher,22727865
Vizzini,Spiro,22745352,Spiro.Vizzini,22745352
Paues,Simone,22711307,Simone.Paues,22711307
Lieberman,Christopher,22725856,Christopher.Lieberman,22725856
Smith,Anthony,22746100,Anthony.Smith,22746100
Murphy,Peter,22758260,Peter.Murphy,22758260
Galpin,Kirsty,22755052,Kirsty.Galpin,22755052
Tsuji,Chihaya,22754409,Chihaya.Tsuji,22754409
Ward,Jake,22755105,Jake.Ward,22755105
Tealby,Alan,22760183,Alan.Tealby,22760183
Rowling,Cheryl,28075315,Cheryl.Rowling,28075315
Molloy,Emily,22761807,Emily.Molloy,22761807
Dang,Cyndi,22757431,Cyndi.Dang,22757431
Ryan,Mark,28078441,Mark.Ryan,28078441
Ellings,Kara,28103200,Kara.Ellings,28103200
Anastasopoulos,George,22751363,George.Anastasopoulos,22751363
Downs,Laura,22761520,Laura.Downs,22761520
Canning,Elisha,22679265,Elisha.Canning,22679265
Lee,Zarni,22686589,Zarni.Lee,22686589
Sands,Rachel,22680729,Rachel.Sands,22680729
Kirk,Lyndon,22694855,Lyndon.Kirk,22694855
Chow,Esther,28105802,Esther.Chow,28105802
Humphries,Jenna,22705457,Jenna.Humphries,22705457
Guscott,Fiona,22696279,Fiona.Guscott,22696279
Denton,Gerard,22699354,Gerard.Denton,22699354
Head,James,22704475,James.Head,22704475
Davidson,Scott,22708614,Scott.Davidson,22708614
Juillard,Francois,22735625,Francois.Juillard,22735625
Oltoumis,Marina,22696356,Marina.Oltoumis,22696356
Kolodziejski,Phillip,22741021,Phillip.Kolodziejski,22741021
Tang,Angela,22688709,Angela.Tang,22688709
Ng,Kit,22719347,Kit.Ng,22719347
Jarman,Michael,22755167,Michael.Jarman,22755167
Daniels,Rebekah,22757389,Rebekah.Daniels,22757389
Koo,Yi Sheen,22747017,YiSheen.Koo,22747017
Muchtarudin,Amelia,22757429,Amelia.Muchtarudin,22757429
Faiva,Jenelyn,22721811,Jenelyn.Faiva,22721811
Truong,Thuy M,22712213,ThuyM.Truong,22712213
Ishii,Miwa,22757783,Miwa.Ishii,22757783
Trpcevski,Dimce,22763186,Dimce.Trpcevski,22763186
Maroney,Nick,22757434,Nick.Maroney,22757434
Harsic,Vanessa,22751333,Vanessa.Harsic,22751333
Sinclair,Joanna,22757924,Joanna.Sinclair,22757924
Richardson,Sarah,22731720,Sarah.Richardson,22731720
Noe-Nordberg,Renee,22753821,Renee.NoeNordberg,22753821
Miranda,Praveen,22761196,Praveen.Miranda,22761196
Van Gils,Claire,22767590,Claire.VanGils,22767590
Garner,Danielle,22761205,Danielle.Garner,22761205
Buccheri,Andrea,22745043,Andrea.Buccheri,22745043
Khalaf,Daniel,22757866,Daniel.Khalaf,22757866
De Mattia,James,22761867,James.DeMattia,22761867
Bon,Hayley,22657646,Hayley.Bon,22657646
Musumeci,Katrina,28086952,Katrina.Musumeci,28086952
Slater,Luke,22735646,Luke.Slater,22735646
Thein,Hein,22663537,Hein.Thein,22663537
McKenzie,Michael,22662525,Michael.McKenzie,22662525
Plaister,Nicholas,22743010,Nicholas.Plaister,22743010
Robeau,Lucy,22687992,Lucy.Robeau,22687992
Leembruggen,Charles,28102841,Charles.Leembruggen,28102841
Ketelaar,Lynsey,22667063,Lynsey.Ketelaar,22667063
Bombaci,Matthew,22738010,Matthew.Bombaci,22738010
Harvey,James,22702276,James.Harvey,22702276
Lauwrencia,Listya,22670998,Listya.Lauwrencia,22670998
Bux,Paige,22695169,Paige.Bux,22695169
Bonser,Jarrod,22669390,Jarrod.Bonser,22669390
Urzia,Laura,22650832,Laura.Urzia,22650832
Beilby,Erin,22738851,Erin.Beilby,22738851
Mudaliar,Kirtika,22701469,Kirtika.Mudaliar,22701469
Hunter,Alastair,22696315,Alastair.Hunter,22696315
Trevethan,John,22752623,John.Trevethan,22752623
Ushizuka,Takeo,22754408,Takeo.Ushizuka,22754408
Vanmechelen,Lies,22744190,Lies.Vanmechelen,22744190
Ngo,Cameron,22759015,Cameron.Ngo,22759015
Marsh,Bethwyn,22737043,Bethwyn.Marsh,22737043
Murray,Gillian,22758888,Gillian.Murray,22758888
Formosa,Joel,22741184,Joel.Formosa,22741184
Skalkos,James,22761803,James.Skalkos,22761803
Reddy,Caajal,22748400,Caajal.Reddy,22748400
Gill,Kristin,22758922,Kristin.Gill,22758922
Morden,Nicholas,22719889,Nicholas.Morden,22719889
Tavalu,Sabrina,22761443,Sabrina.Tavalu,22761443
Hyde,Luke,22750911,Luke.Hyde,22750911
Davies,Tiffany,22717777,Tiffany.Davies,22717777
Wrightman,Nelson,22732122,Nelson.Wrightman,22732122
Bailey,Tamara,22753865,Tamara.Bailey,22753865
Cunningham,Anna,22751606,Anna.Cunningham,22751606
Worland,Allira,22733910,Allira.Worland,22733910
He,Tian,22734829,Tian.He,22734829
Rosher,Rebecca,22757430,Rebecca.Rosher,22757430
Tran,Dai,22745400,Dai.Tran,22745400
Shaw,Caitlyn,22751944,Caitlyn.Shaw,22751944
Shah,Tulip,22762589,Tulip.Shah,22762589
Rake,Peta,22761554,Peta.Rake,22761554
Pascoe,Carmen,22755485,Carmen.Pascoe,22755485
Tennent,Victoria,22743085,Victoria.Tennent,22743085
Burrell,Ashley,22756887,Ashley.Burrell,22756887
Svoboda,Daniel,22748500,Daniel.Svoboda,22748500
Su,Tony,22743832,Tony.Su,22743832
Canning,Ashleigh,22761536,Ashleigh.Canning,22761536
Gambhir,Elga,22752576,Elga.Gambhir,22752576
Dymock,Kristy,22753552,Kristy.Dymock,22753552
Betham,Chanelle,22759672,Chanelle.Betham,22759672
Delahunty,John,22751505,John.Delahunty,22751505
Hanlan,Ainsley,22757382,Ainsley.Hanlan,22757382
Lewis,Peta,22759817,Peta.Lewis,22759817
Morgan,Joeris,22761526,Joeris.Morgan,22761526
Frazer,Amanda,28075357,Amanda.Frazer,28075357
Luong,Ivan,22761109,Ivan.Luong,22761109
Forsyth,Zachary,22761519,Zachary.Forsyth,22761519
Nash,Jessica,22713972,Jessica.Nash,22713972
Gaudion,Sarah,22729396,Sarah.Gaudion,22729396
Desai,Ankur,22690987,Ankur.Desai,22690987
Bono,Josephine,22736237,Josephine.Bono,22736237
Chu,Alfred,22741158,Alfred.Chu,22741158
Lloyd,Rebecca,22748928,Rebecca.Lloyd,22748928
Ralph,Benjamin,22753740,Benjamin.Ralph,22753740
Do,Tiffany,22748475,Tiffany.Do,22748475
Bhat,Kajake Akhila,22750865,KajakeAkhila.Bhat,22750865
Liang,Steven,22758067,Steven.Liang,22758067
Assawa,Phelan,22748478,Phelan.Assawa,22748478
King,Linda,28078251,Linda.King,28078251
Dockray,Sean,22686371,Sean.Dockray,22686371
Mitchell,Matthew,28000781,Matthew.Mitchell,28000781
Smart,Claire,22648789,Claire.Smart,22648789
Bandian,Nova,22711776,Nova.Bandian,22711776
Askham,Jennifer,22696185,Jennifer.Askham,22696185
Stanic,Roslyn,22660608,Roslyn.Stanic,22660608
Iap,Nahare,22664080,Nahare.Iap,22664080
Bicer,Eylem,22736388,Eylem.Bicer,22736388
Quach,Joanne,22756388,Joanne.Quach,22756388
Russell,Sandra,22702565,Sandra.Russell,22702565
Sadik,Melissa,22692143,Melissa.Sadik,22692143
Hassett,Sam,22701771,Sam.Hassett,22701771
Branson,Nicholas,22751014,Nicholas.Branson,22751014
Mohamed,Muhuda,22704913,Muhuda.Mohamed,22704913
Gill,Tiffany,22724878,Tiffany.Gill,22724878
Morovic,Sara,22751301,Sara.Morovic,22751301
Sethi,Trishala,22754257,Trishala.Sethi,22754257
Nicoletto,Daniel,22759744,Daniel.Nicoletto,22759744
Anderson,Josephine,22718758,Josephine.Anderson,22718758
Mouldey,Gemma,22747505,Gemma.Mouldey,22747505
Maguire,Laikin,22761110,Laikin.Maguire,22761110
Hwang,Anita,22741509,Anita.Hwang,22741509
Lee,Bryan,22697022,Bryan.Lee,22697022
Chakraborty,Soumya,22764672,Soumya.Chakraborty,22764672
Curran,Neil,22747125,Neil.Curran,22747125
Geddes,Erika,22748298,Erika.Geddes,22748298
Bosevski,Bilyana,22761940,Bilyana.Bosevski,22761940
Hutchinson,Simon,22745231,Simon.Hutchinson,22745231
Cass,Erin,22758196,Erin.Cass,22758196
Scheuber,Chris,22733789,Chris.Scheuber,22733789
Rebeiro,Joanne,22766492,Joanne.Rebeiro,22766492
Knowles,Jennifer,22753811,Jennifer.Knowles,22753811
Kumar,Rahul,22766012,Rahul.Kumar,22766012
Cotton,James,22746069,James.Cotton,22746069
Field,Saul,22767196,Saul.Field,22767196
Fofandi,Paresh,22752850,Paresh.Fofandi,22752850
Das,Sarit,22766013,Sarit.Das,22766013
Vary,Susan,22748289,Susan.Vary,22748289
Das,Tapen,22766713,Tapen.Das,22766713
Deni,Giovanni,22745154,Giovanni.Deni,22745154
Williamson,Sean,22766523,Sean.Williamson,22766523
Sefton,Stephen,22732846,Stephen.Sefton,22732846
Dorfling,Andre,22756794,Andre.Dorfling,22756794
Mahady,Vanessa,22684754,Vanessa.Mahady,22684754
Subbarayan,Kiruthiga,22767778,Kiruthiga.Subbarayan,22767778
Torise,Janette,22745767,Janette.Torise,22745767
Miu,Damien,20990000,Damien.Miu,20990000
Narev,Ian,20990001,Ian.Narev,20990001
Choi,SOTestTeam-David,20990002,SOTestTeamDavid.Choi,20990002
Athena,SO TestT eam ,20990003,SOTestTeam.Athena,20990003
PlanITLname1,PlanITFname1,20990004,PlanITFname.PlanITLname,20990004
Test Team,SO Mandy,20990005,SOMandy.TestTeam,20990005
PlanITLname2,PlanITFname2,20990006,PlanITFname.PlanITLname,20990006
Lname1,SO TEST TEAM,20990007,SOTESTTEAM.Lname,20990007
Lname2,SO TEST TEAM,20990008,SOTESTTEAM.Lname,20990008
Adams,SO Rachel,20990009,SORachel.Adams,20990009
Adams,SO Pearl,20990010,SOPearl.Adams,20990010
Hazell,George,20990013,George.Hazell,20990013
Lname3,SO TEST TEAM,20990011,SOTESTTEAM.Lname,20990011
Mozart,SO TEST TEAM Stephanie,20990012,SOTESTTEAMStephanie.Mozart,20990012
Spagnuolo,Chelsea,20990014,Chelsea.Spagnuolo,20990014
Spagnuolo,Diane,20990015,Diane.Spagnuolo,20990015
Lname4,SO TEST TEAM,20990016,SOTESTTEAM.Lname,20990016
Capron,Kalps,20990017,Kalps.Capron,20990017
