<?xml version='1.0' encoding='UTF-8'?><feed xmlns="http://www.w3.org/2005/Atom"><id>atomserver:newhire:feed</id><title type="text">New Hire</title><link href="https://efly-dev1.hcm.ap4.oraclecloud.com/hcmCoreApi/atomservlet/employee/newhire?%7B%22updated-min%22:%222017-05-30T18:53:22.000Z%22%7D" rel="self"></link><updated>2013-12-16T18:17:56.108Z</updated><entry><link href="https://efly-dev1.hcm.ap4.oraclecloud.com/hcmCoreApi/atomservlet/employee/newhire/EMP300000002807737" rel="edit"></link><id>atomservlet:newhire:EMP300000002807737</id><title type="text">Regression Testname Hired</title><updated>2017-06-07T12:44:51.000Z</updated><author><name>MLC_148</name></author><summary type="text">Employee Period of Service Created</summary><published>2017-06-07T12:44:51.000Z</published><link href="https://efly-dev1.hcm.ap4.oraclecloud.com:443/hcmCoreApi/resources/latest/emps?q=PersonId=300000002807615&amp;effectiveDate=2017-02-07" rel="related"></link><content type="text">{
  "Context" : [ {
    "PrimaryPhoneNumber" : "61 234232",
    "PersonId" : "300000002807615",
    "PersonName" : "Regression Testname",
    "EffectiveStartDate" : "2017-02-07",
    "EffectiveDate" : "2017-02-07",
    "WorkerType" : "EMP",
    "PeriodType" : "E",
    "PersonNumber" : "169",
    "WorkEmail" : "jahnavi.srinivas@accenture.com"
  } ]
}</content></entry><entry><link href="https://efly-dev1.hcm.ap4.oraclecloud.com/hcmCoreApi/atomservlet/employee/newhire/EMP300000002801457" rel="edit"></link><id>atomservlet:newhire:EMP300000002801457</id><title type="text">Nathan White Hired</title><updated>2017-06-07T08:02:15.000Z</updated><author><name>MLC_119</name></author><summary type="text">Employee Period of Service Created</summary><published>2017-06-07T08:02:15.000Z</published><link href="https://efly-dev1.hcm.ap4.oraclecloud.com:443/hcmCoreApi/resources/latest/emps?q=PersonId=300000002801354&amp;effectiveDate=2017-02-01" rel="related"></link><content type="text">{
  "Context" : [ {
    "PrimaryPhoneNumber" : "61 20876239",
    "PersonId" : "300000002801354",
    "PersonName" : "Nathan White1",
    "EffectiveStartDate" : "2017-02-01",
    "EffectiveDate" : "2017-02-01",
    "WorkerType" : "EMP",
    "PeriodType" : "E",
    "PersonNumber" : "166",
    "WorkEmail" : "test@accenture.com"
  } ]
}
</content></entry></feed>