<?xml version='1.0' encoding='UTF-8'?><feed xmlns="http://www.w3.org/2005/Atom"><id>atomserver:newhire:feed</id><title type="text">New Hire</title><link href="https://efly-dev1.hcm.ap4.oraclecloud.com/hcmCoreApi/atomservlet/employee/newhire?%7B%22updated-min%22:%222017-05-30T18:53:22.000Z%22%7D" rel="self"></link><updated>2013-12-16T18:17:56.108Z</updated><entry><link href="https://efly-dev1.hcm.ap4.oraclecloud.com/hcmCoreApi/atomservlet/employee/newhire/EMP300000002807737" rel="edit"></link><id>atomservlet:newhire:EMP300000002807737</id><title type="text">Regression Testname Hired</title><updated>2017-06-07T12:44:51.000Z</updated><author><name>MLC_148</name></author><summary type="text">Employee Period of Service Created</summary><published>2017-06-07T12:44:51.000Z</published><link href="https://efly-dev1.hcm.ap4.oraclecloud.com:443/hcmCoreApi/resources/latest/emps?q=PersonId=300000002807615&amp;effectiveDate=2017-02-07" rel="related"></link><content type="text">{
  "Context" : [ {
    "PrimaryPhoneNumber" : "61 234232",
    "PersonId" : "300000002807615",
    "PersonName" : "Regression Testname",
    "EffectiveStartDate" : "2017-02-07",
    "EffectiveDate" : "2017-02-07",
    "WorkerType" : "EMP",
    "PeriodType" : "E",
    "PersonNumber" : "169",
    "WorkEmail" : "jahnavi.srinivas@accenture.com"
  } ]
}
</content></entry><entry><link href="https://efly-dev1.hcm.ap4.oraclecloud.com/hcmCoreApi/atomservlet/employee/newhire/EMP300000002801457" rel="edit"></link><id>atomservlet:newhire:EMP300000002801457</id><title type="text">Nathan White Hired</title><updated>2017-06-07T08:02:15.000Z</updated><author><name>MLC_119</name></author><summary type="text">Employee Period of Service Created</summary><published>2017-06-07T08:02:15.000Z</published><link href="https://efly-dev1.hcm.ap4.oraclecloud.com:443/hcmCoreApi/resources/latest/emps?q=PersonId=300000002801354&amp;effectiveDate=2017-02-01" rel="related"></link><content type="text">{
  "Context" : [ {
    "PrimaryPhoneNumber" : "61 20876239",
    "PersonId" : "300000002801354",
    "PersonName" : "Nathan White",
    "EffectiveStartDate" : "2017-02-01",
    "EffectiveDate" : "2017-02-01",
    "WorkerType" : "EMP",
    "PeriodType" : "E",
    "PersonNumber" : "166",
    "WorkEmail" : "test-accenture.com"
  } ]
}
</content></entry><entry><link href="https://efly-dev1.hcm.ap4.oraclecloud.com/hcmCoreApi/atomservlet/employee/newhire/EMP300000002801319" rel="edit"></link><id>atomservlet:newhire:EMP300000002801319</id><title type="text">Aaron Morrow Hired</title><updated>2017-06-07T07:30:14.000Z</updated><author><name>MLC_119</name></author><summary type="text">Employee Period of Service Created</summary><published>2017-06-07T07:30:14.000Z</published><link href="https://efly-dev1.hcm.ap4.oraclecloud.com:443/hcmCoreApi/resources/latest/emps?q=PersonId=300000002801167&amp;effectiveDate=2017-02-01" rel="related"></link><content type="text">{
  "Context" : [ {
    "PrimaryPhoneNumber" : "61 20876239",
    "PersonId" : "300000002801167",
    "PersonName" : "Aaron Morrow",
    "EffectiveStartDate" : "2017-02-01",
    "EffectiveDate" : "2017-02-01",
    "WorkerType" : "EMP",
    "PeriodType" : "E",
    "PersonNumber" : "164",
    "WorkEmail" : "test-accenture.com"
  } ]
}
</content></entry><entry><link href="https://efly-dev1.hcm.ap4.oraclecloud.com/hcmCoreApi/atomservlet/employee/newhire/EMP300000002801067" rel="edit"></link><id>atomservlet:newhire:EMP300000002801067</id><title type="text">James Ron Hired</title><updated>2017-06-07T07:17:39.000Z</updated><author><name>MLC_186</name></author><summary type="text">Employee Period of Service Created</summary><published>2017-06-07T07:17:39.000Z</published><link href="https://efly-dev1.hcm.ap4.oraclecloud.com:443/hcmCoreApi/resources/latest/emps?q=PersonId=300000002800913&amp;effectiveDate=2017-06-04" rel="related"></link><content type="text">{
  "Context" : [ {
    "PrimaryPhoneNumber" : " 123456789",
    "PersonId" : "300000002800913",
    "PersonName" : "James Ron",
    "EffectiveStartDate" : "2017-06-04",
    "EffectiveDate" : "2017-06-04",
    "WorkerType" : "EMP",
    "PeriodType" : "E",
    "PersonNumber" : "163"
  } ]
}
</content></entry><entry><link href="https://efly-dev1.hcm.ap4.oraclecloud.com/hcmCoreApi/atomservlet/employee/newhire/EMP300000002800989" rel="edit"></link><id>atomservlet:newhire:EMP300000002800989</id><title type="text">James Ron Hired</title><updated>2017-06-07T07:09:16.000Z</updated><author><name>MLC_186</name></author><summary type="text">Pending Worker Period of Service Created</summary><published>2017-06-07T07:09:16.000Z</published><link href="https://efly-dev1.hcm.ap4.oraclecloud.com:443/hcmCoreApi/resources/latest/emps?q=PersonId=300000002800913&amp;effectiveDate=2017-06-04" rel="related"></link><content type="text">{
  "Context" : [ {
    "PrimaryPhoneNumber" : " 123456789",
    "PersonId" : "300000002800913",
    "PersonName" : "James Ron",
    "EffectiveStartDate" : "2017-06-04",
    "EffectiveDate" : "2017-06-04",
    "WorkerType" : "PWK",
    "PeriodType" : "P",
    "PersonNumber" : "163"
  } ]
}
</content></entry><entry><link href="https://efly-dev1.hcm.ap4.oraclecloud.com/hcmCoreApi/atomservlet/employee/newhire/EMP300000002800863" rel="edit"></link><id>atomservlet:newhire:EMP300000002800863</id><title type="text">Helena Blukovic Hired</title><updated>2017-06-07T06:08:43.000Z</updated><author><name>MLC_111</name></author><summary type="text">Employee Period of Service Created</summary><published>2017-06-07T06:08:43.000Z</published><link href="https://efly-dev1.hcm.ap4.oraclecloud.com:443/hcmCoreApi/resources/latest/emps?q=PersonId=300000002800784&amp;effectiveDate=2016-01-01" rel="related"></link><content type="text">{
  "Context" : [ {
    "PrimaryPhoneNumber" : "",
    "PersonId" : "300000002800784",
    "PersonName" : "Helena Blukovic",
    "EffectiveStartDate" : "2016-01-01",
    "EffectiveDate" : "2016-01-01",
    "WorkerType" : "EMP",
    "PeriodType" : "E",
    "PersonNumber" : "162"
  } ]
}
</content></entry><entry><link href="https://efly-dev1.hcm.ap4.oraclecloud.com/hcmCoreApi/atomservlet/employee/newhire/EMP300000002785556" rel="edit"></link><id>atomservlet:newhire:EMP300000002785556</id><title type="text">Mary Coustas Hired</title><updated>2017-06-06T12:33:53.000Z</updated><author><name>MLC_119</name></author><summary type="text">Employee Period of Service Created</summary><published>2017-06-06T12:33:53.000Z</published><link href="https://efly-dev1.hcm.ap4.oraclecloud.com:443/hcmCoreApi/resources/latest/emps?q=PersonId=300000002785369&amp;effectiveDate=2010-01-01" rel="related"></link><content type="text">{
  "Context" : [ {
    "PrimaryPhoneNumber" : "",
    "PersonId" : "300000002785369",
    "PersonName" : "Mary Coustas",
    "EffectiveStartDate" : "2010-01-01",
    "EffectiveDate" : "2010-01-01",
    "WorkerType" : "EMP",
    "PeriodType" : "E",
    "PersonNumber" : "160"
  } ]
}
</content></entry><entry><link href="https://efly-dev1.hcm.ap4.oraclecloud.com/hcmCoreApi/atomservlet/employee/newhire/EMP300000002782903" rel="edit"></link><id>atomservlet:newhire:EMP300000002782903</id><title type="text">Sarah (Sa) Kendall Hired</title><updated>2017-06-06T12:01:59.000Z</updated><author><name>MLC_119</name></author><summary type="text">Employee Period of Service Created</summary><published>2017-06-06T12:01:59.000Z</published><link href="https://efly-dev1.hcm.ap4.oraclecloud.com:443/hcmCoreApi/resources/latest/emps?q=PersonId=300000002782823&amp;effectiveDate=2010-06-01" rel="related"></link><content type="text">{
  "Context" : [ {
    "PrimaryPhoneNumber" : "",
    "PersonId" : "300000002782823",
    "PersonName" : "Sarah (Sa) Kendall",
    "EffectiveStartDate" : "2010-06-01",
    "EffectiveDate" : "2010-06-01",
    "WorkerType" : "EMP",
    "PeriodType" : "E",
    "PersonNumber" : "159"
  } ]
}
</content></entry><entry><link href="https://efly-dev1.hcm.ap4.oraclecloud.com/hcmCoreApi/atomservlet/employee/newhire/EMP300000002782803" rel="edit"></link><id>atomservlet:newhire:EMP300000002782803</id><title type="text">Alicia (Ally) Watson Hired</title><updated>2017-06-06T11:44:41.000Z</updated><author><name>MLC_119</name></author><summary type="text">Employee Period of Service Created</summary><published>2017-06-06T11:44:41.000Z</published><link href="https://efly-dev1.hcm.ap4.oraclecloud.com:443/hcmCoreApi/resources/latest/emps?q=PersonId=300000002782723&amp;effectiveDate=2010-06-01" rel="related"></link><content type="text">{
  "Context" : [ {
    "PrimaryPhoneNumber" : "",
    "PersonId" : "300000002782723",
    "PersonName" : "Alicia (Ally) Watson",
    "EffectiveStartDate" : "2010-06-01",
    "EffectiveDate" : "2010-06-01",
    "WorkerType" : "EMP",
    "PeriodType" : "E",
    "PersonNumber" : "158"
  } ]
}
</content></entry><entry><link href="https://efly-dev1.hcm.ap4.oraclecloud.com/hcmCoreApi/atomservlet/employee/newhire/EMP300000002782038" rel="edit"></link><id>atomservlet:newhire:EMP300000002782038</id><title type="text">Nadal Roger Hired</title><updated>2017-06-06T10:36:15.000Z</updated><author><name>MLC_186</name></author><summary type="text">Contingent Worker Period of Service Create</summary><published>2017-06-06T10:36:15.000Z</published><link href="https://efly-dev1.hcm.ap4.oraclecloud.com:443/hcmCoreApi/resources/latest/emps?q=PersonId=300000002780606&amp;effectiveDate=2017-06-06" rel="related"></link><content type="text">{
  "Context" : [ {
    "PrimaryPhoneNumber" : " 5555555555",
    "PersonId" : "300000002780606",
    "PersonName" : "Nadal Roger",
    "EffectiveStartDate" : "2017-06-06",
    "EffectiveDate" : "2017-06-06",
    "WorkerType" : "CWK",
    "PeriodType" : "C",
    "PersonNumber" : "156"
  } ]
}
</content></entry></feed>