familyName, givenName, personNumber, userName, hcmUsername
Ernst,Gonzalo,22767671,Gonzalo.Ernst,Gonzalo.Ernst
Montgomery,Maria,22767818,Maria.Montgomery,Maria.Montgomery
Kumari,Rashmi,22767931,Rashmi.Kumari,Rashmi.Kumari
Poninghouse,Kristen,22768016,Kristen.Poninghouse,Kristen.Poninghouse
Kumar,Shweta,22767667,Shweta.Kumar,Shweta.Kumar
Palmer,Josie Louise,22767394,JosieLouise.Palmer,JosieLouise.Palmer
Wilson,Therese,22767742,Therese.Wilson,Therese.Wilson
Perez,Natalie,22767997,Natalie.Perez,Natalie.Perez
Fisher,Ellen,22767431,Ellen.Fisher,Ellen.Fisher
Kelly,Sharon,22767637,Sharon.Kelly,Sharon.Kelly
Farley-Stewart,Kendell,22767454,Kendell.FarleyStewart,Kendell.FarleyStewart
Chan,Yuet Ming,22767097,YuetMing.Chan,YuetMing.Chan
Jordan,Selena,22767365,Selena.Jordan,Selena.Jordan
Tate,Samantha,22767846,Samantha.Tate,Samantha.Tate
Adriaans,Katie,22767929,Katie.Adriaans,Katie.Adriaans
Holman,Phillip,22768008,Phillip.Holman,Phillip.Holman
Chow,Yolanda,22767416,Yolanda.Chow,Yolanda.Chow
Sutrisno,Yohana,22767995,Yohana.Sutrisno,Yohana.Sutrisno
Sideris,Anthony,22767835,Anthony.Sideris,Anthony.Sideris
Denton,Penelope Catherine,22767986,PenelopeCatherine.Denton,PenelopeCatherine.Denton
Bennett,Hayley,22767592,Hayley.Bennett,Hayley.Bennett
Munson,Charlotte,22767688,Charlotte.Munson,Charlotte.Munson
Zarafa,Kelly,22767122,Kelly.Zarafa,Kelly.Zarafa
Anderson,Laura,22767810,Laura.Anderson,Laura.Anderson
Leong,Anthony,22767736,Anthony.Leong,Anthony.Leong
Kukiel,Paul,22767751,Paul.Kukiel,Paul.Kukiel
Sun,Nijie,22767887,Nijie.Sun,Nijie.Sun
Barnett,Tom,22768007,Tom.Barnett,Tom.Barnett
Schutz,David,22768009,David.Schutz,David.Schutz
Doran,Madeline,22767620,Madeline.Doran,Madeline.Doran
Rance,Lisa,22767928,Lisa.Rance,Lisa.Rance
Hu,Anson,22767812,Anson.Hu,Anson.Hu
Colson,David,22768010,David.Colson,David.Colson
Caddeo,Nichola,22766822,Nichola.Caddeo,Nichola.Caddeo
Joseph,Jason,22766718,Jason.Joseph,Jason.Joseph
Zaviska,Simon,22765113,Simon.Zaviska,Simon.Zaviska
Dangol,Sulochana,22764810,Sulochana.Dangol,Sulochana.Dangol
Chen,Nathan,22766903,Nathan.Chen,Nathan.Chen
Crivelli,Sarah,22764990,Sarah.Crivelli,Sarah.Crivelli
Thomas,Jeri,22765160,Jeri.Thomas,Jeri.Thomas
Kos,Brendan,22767016,Brendan.Kos,Brendan.Kos
Jory,Theresa,22765520,Theresa.Jory,Theresa.Jory
Linger,Tamara,22765512,Tamara.Linger,Tamara.Linger
Parkar,Aamir,22766480,Aamir.Parkar,Aamir.Parkar
Klimas,Andrew,22767043,Andrew.Klimas,Andrew.Klimas
Carpenter,Monique,22766194,Monique.Carpenter,Monique.Carpenter
Longrigg,Emma,22765980,Emma.Longrigg,Emma.Longrigg
Kumar,Deepak,22767158,Deepak.Kumar,Deepak.Kumar
Smith,Dan,22766511,Dan.Smith,Dan.Smith
Sarkis,Susan,22767523,Susan.Sarkis,Susan.Sarkis
Colless,Saskia,22766356,Saskia.Colless,Saskia.Colless
Ferrarotto,Rowena,22767091,Rowena.Ferrarotto,Rowena.Ferrarotto
Mayes,Dawn,22766580,Dawn.Mayes,Dawn.Mayes
Singh,Gurpreet,22766372,Gurpreet.Singh,Gurpreet.Singh
Hennessy,Troy,22767099,Troy.Hennessy,Troy.Hennessy
Pletea,Geanina,22766809,Geanina.Pletea,Geanina.Pletea
Dasaiah,Anilkumar,22767391,Anilkumar.Dasaiah,Anilkumar.Dasaiah
Collings,Ian,22767411,Ian.Collings,Ian.Collings
Huynh,Quyen,22767771,Quyen.Huynh,Quyen.Huynh
Mantello,Sebastian,22766870,Sebastian.Mantello,Sebastian.Mantello
Burns,Todd,22767266,Todd.Burns,Todd.Burns
Hill,Susan,22766867,Susan.Hill,Susan.Hill
Rillstone,Faye,22766879,Faye.Rillstone,Faye.Rillstone
Barnett,Helen,22767133,Helen.Barnett,Helen.Barnett
Mussared,Stephanie,22763127,Stephanie.Mussared,Stephanie.Mussared
Matheson,Sechelle,22765097,Sechelle.Matheson,Sechelle.Matheson
Kouts,Stephanie,22765974,Stephanie.Kouts,Stephanie.Kouts
Fearne,Brooke,22765988,Brooke.Fearne,Brooke.Fearne
Bourke,Amy,22759896,Amy.Bourke,Amy.Bourke
McEniry,Catherine,22744316,Catherine.McEniry,Catherine.McEniry
Mattiuzzo,Robert,22761092,Robert.Mattiuzzo,Robert.Mattiuzzo
Barreira,Francis,22762516,Francis.Barreira,Francis.Barreira
McLean,Michael,22762933,Michael.McLean,Michael.McLean
O???Mahony,Jenelle,22763681,Jenelle.OMahony,Jenelle.OMahony
Wilkins,Richard,22762019,Richard.Wilkins,Richard.Wilkins
Di Battista,Michael,22763199,Michael.DiBattista,Michael.DiBattista
Paolucci,Mirella,22764062,Mirella.Paolucci,Mirella.Paolucci
West,Danielle,22764140,Danielle.West,Danielle.West
Anantharaj,Sowdarmendran,22763198,Sowdarmendran.Anantharaj,Sowdarmendran.Anantharaj
Griffiths,John,22765561,John.Griffiths,John.Griffiths
Gareth,Collier,22764455,Collier.Gareth,Collier.Gareth
Hill,Daniel,22764325,Daniel.Hill,Daniel.Hill
Adamson,Alastair,22764486,Alastair.Adamson,Alastair.Adamson
Jayasooriya,Priyangika,22766209,Priyangika.Jayasooriya,Priyangika.Jayasooriya
Wasylewicz,Andrew,22764431,Andrew.Wasylewicz,Andrew.Wasylewicz
Heenan,Jacqueline,22765426,Jacqueline.Heenan,Jacqueline.Heenan
Pantos Verbic,Ana,22766336,Ana.PantosVerbic,Ana.PantosVerbic
Eow,Shirley,22765464,Shirley.Eow,Shirley.Eow
Rajaratinam,Veena,22765954,Veena.Rajaratinam,Veena.Rajaratinam
Davis,Samuel,22766322,Samuel.Davis,Samuel.Davis
Walker,Ben,22766220,Ben.Walker,Ben.Walker
Pistone,Connie,22766367,Connie.Pistone,Connie.Pistone
Chow Fat Lun,Moy Yin,22766495,MoyYin.ChowFatLun,MoyYin.ChowFatLun
Rooney,Caitlin,22766610,Caitlin.Rooney,Caitlin.Rooney
Tranter,Chris,22676305,Chris.Tranter,Chris.Tranter
Inoue,Manami,22764283,Manami.Inoue,Manami.Inoue
Mpaluko,Sally,22764287,Sally.Mpaluko,Sally.Mpaluko
Rayatt,Robert,22764364,Robert.Rayatt,Robert.Rayatt
Farrington,Georgina,22764641,Georgina.Farrington,Georgina.Farrington
Partridge,Keith,22764578,Keith.Partridge,Keith.Partridge
Kahingala,Lasath,22765886,Lasath.Kahingala,Lasath.Kahingala
Sessa,Matteo,22764218,Matteo.Sessa,Matteo.Sessa
Fleming,Karen,22764868,Karen.Fleming,Karen.Fleming
Whatmore,Allan,22766119,Allan.Whatmore,Allan.Whatmore
Wickliffe,Chris,22764229,Chris.Wickliffe,Chris.Wickliffe
Jay,Divya,22765101,Divya.Jay,Divya.Jay
Tran,Calvin,22765141,Calvin.Tran,Calvin.Tran
Strachan,Jamieson,22764350,Jamieson.Strachan,Jamieson.Strachan
Pickstone,Steven,22767448,Steven.Pickstone,Steven.Pickstone
Fox,Daniel,22765492,Daniel.Fox,Daniel.Fox
Huynh,Anthony,22765245,Anthony.Huynh,Anthony.Huynh
Singleton,Samantha,22767729,Samantha.Singleton,Samantha.Singleton
Myatt,Amy,22762232,Amy.Myatt,Amy.Myatt
Sonathappan,Buvaneswari,22765899,Buvaneswari.Sonathappan,Buvaneswari.Sonathappan
Ek,Say,22765246,Say.Ek,Say.Ek
George,Josepheena,22766435,Josepheena.George,Josepheena.George
Obla,Vikram,22765450,Vikram.Obla,Vikram.Obla
Clarke,Margot,22765625,Margot.Clarke,Margot.Clarke
Tedja,Krisentia,22766902,Krisentia.Tedja,Krisentia.Tedja
Yacoub,Shahad,22766133,Shahad.Yacoub,Shahad.Yacoub
McColl,Allan,22767124,Allan.McColl,Allan.McColl
Nghiem,Jessie,22762788,Jessie.Nghiem,Jessie.Nghiem
Jones,Gareth,22766917,Gareth.Jones,Gareth.Jones
Kirchoff,Kaela,22767236,Kaela.Kirchoff,Kaela.Kirchoff
Briolat,Sophie,22762947,Sophie.Briolat,Sophie.Briolat
Han,Natalie,22763917,Natalie.Han,Natalie.Han
Peerman,Melissa,22764138,Melissa.Peerman,Melissa.Peerman
Tan,Alfred,22760114,Alfred.Tan,Alfred.Tan
Kantor,Ariel,22759978,Ariel.Kantor,Ariel.Kantor
Williams,Fiona,22764653,Fiona.Williams,Fiona.Williams
Chillari,Paul,22764313,Paul.Chillari,Paul.Chillari
Sutherland,Tom,22765294,Tom.Sutherland,Tom.Sutherland
Henderson,Helen,22765361,Helen.Henderson,Helen.Henderson
Chan,Aaron,22765094,Aaron.Chan,Aaron.Chan
Chandrakumar,Senthilkumar,22760053,Senthilkumar.Chandrakumar,Senthilkumar.Chandrakumar
Spagnuolo,Stephen,22765349,Stephen.Spagnuolo,Stephen.Spagnuolo
Booth,Georgina,22765422,Georgina.Booth,Georgina.Booth
Caristo,Dominic,22761553,Dominic.Caristo,22761553
Jacob,Caroline,22765748,Caroline.Jacob,Caroline.Jacob
Cale,Jessica,22760504,Jessica.Cale,Jessica.Cale
Taylor,Mark,22765821,Mark.Taylor,Mark.Taylor
Marangos,Kelly,22765870,Kelly.Marangos,Kelly.Marangos
Vallesi,Vincenzo,22766022,Vincenzo.Vallesi,Vincenzo.Vallesi
Critsilis,Corrie,22766560,Corrie.Critsilis,Corrie.Critsilis
George Antony,Juliana,22767152,Juliana.GeorgeAntony,Juliana.GeorgeAntony
Corsaro,Livio,22763827,Livio.Corsaro,Livio.Corsaro
Mezzina,Natasha,22767287,Natasha.Mezzina,Natasha.Mezzina
Ward,Mark,22764753,Mark.Ward,Mark.Ward
Danckert,David,22767466,David.Danckert,David.Danckert
Pollastrini,Kathryn,22761091,Kathryn.Pollastrini,Kathryn.Pollastrini
Tan,Teresa,22760364,Teresa.Tan,Teresa.Tan
Cranney,David,22763358,David.Cranney,David.Cranney
Lever,Melissa,22759826,Melissa.Lever,Melissa.Lever
Prasad,Vaseetal,22763613,Vaseetal.Prasad,Vaseetal.Prasad
Segi,Noelle,22759829,Noelle.Segi,Noelle.Segi
Donnellan,Harley,22763948,Harley.Donnellan,Harley.Donnellan
Nakashima,Toshihiro,22759894,Toshihiro.Nakashima,Toshihiro.Nakashima
Sun,Jing,22762122,Jing.Sun,Jing.Sun
Smith,Elizabeth,22764588,Elizabeth.Smith,Elizabeth.Smith
Dutta,Suman,22766011,Suman.Dutta,Suman.Dutta
Pradhan,Kamalakanta,22764679,Kamalakanta.Pradhan,Kamalakanta.Pradhan
Rolfe,Liadan,22766077,Liadan.Rolfe,Liadan.Rolfe
Hossain,Raju,22766271,Raju.Hossain,Raju.Hossain
Summer,Jonathan,22766078,Jonathan.Summer,Jonathan.Summer
McGuire,Marsha,22766565,Marsha.McGuire,Marsha.McGuire
Luu,Derek,22760288,Derek.Luu,Derek.Luu
Antebi,Helen,22765923,Helen.Antebi,Helen.Antebi
Szabo,Stephanie,22766128,Stephanie.Szabo,Stephanie.Szabo
Chiesa,Alice,22760646,Alice.Chiesa,Alice.Chiesa
Cameron,Natalie,22766768,Natalie.Cameron,Natalie.Cameron
virtue,rhonda,22766802,rhonda.virtue,rhonda.virtue
Bozzo,Matthew,22766277,Matthew.Bozzo,Matthew.Bozzo
Deka,Parsha,22767098,Parsha.Deka,Parsha.Deka
Ngo,Si,22766370,Si.Ngo,Si.Ngo
Arscott,Catherine,22761208,Catherine.Arscott,Catherine.Arscott
Kumari,Niti,22767496,Niti.Kumari,Niti.Kumari
Mastyla,Emma,22761561,Emma.Mastyla,Emma.Mastyla
Tine,Jacqueline,22767143,Jacqueline.Tine,Jacqueline.Tine
Nguyen,Son,22767371,Son.Nguyen,Son.Nguyen
Noble,Melanie,22762121,Melanie.Noble,Melanie.Noble
Richardson,Lara,22767679,Lara.Richardson,Lara.Richardson
Andreadis,Alex,22766925,Alex.Andreadis,Alex.Andreadis
Mellon,Breanna,22759900,Breanna.Mellon,Breanna.Mellon
Khare,Vimal,22766434,Vimal.Khare,Vimal.Khare
Nguyen,Angela,22760365,Angela.Nguyen,Angela.Nguyen
Brennan,Kate,22766494,Kate.Brennan,Kate.Brennan
Cherry,Anne,22761037,Anne.Cherry,Anne.Cherry
Muddukrishna,Kiran,22763149,Kiran.Muddukrishna,Kiran.Muddukrishna
Wong,William,22763340,William.Wong,William.Wong
Naik,Ashish,22761560,Ashish.Naik,Ashish.Naik
Casey,Mark,22763634,Mark.Casey,Mark.Casey
Varone,Raylene,22763388,Raylene.Varone,Raylene.Varone
Lu,Maryanne,22764156,Maryanne.Lu,Maryanne.Lu
Trifiletti,Bernadette,22764931,Bernadette.Trifiletti,Bernadette.Trifiletti
Bruell,Ezra,22765482,Ezra.Bruell,Ezra.Bruell
McKinnon,Kyle,22766208,Kyle.McKinnon,Kyle.McKinnon
Rupasinghe,Don,22763816,Don.Rupasinghe,Don.Rupasinghe
Mann,Craig,22766598,Craig.Mann,Craig.Mann
Tambourine,Neil,22764302,Neil.Tambourine,Neil.Tambourine
Botros,Nelly,22764520,Nelly.Botros,Nelly.Botros
Taberner,Megan,22764570,Megan.Taberner,Megan.Taberner
Noori,Saif,22761418,Saif.Noori,Saif.Noori
Kim,Jin-O,22763046,JinO.Kim,JinO.Kim
Kennedy,Michele,22765854,Michele.Kennedy,Michele.Kennedy
Kornovich,Kristopher,22764587,Kristopher.Kornovich,Kristopher.Kornovich
Cunningham,Kieran,22764628,Kieran.Cunningham,Kieran.Cunningham
Pollastrini,Jason,22760182,Jason.Pollastrini,Jason.Pollastrini
Vicig,Michael,22764676,Michael.Vicig,Michael.Vicig
Goss,Kevin,22760645,Kevin.Goss,Kevin.Goss
Back,Michael,22764840,Michael.Back,Michael.Back
louzao,Javier,22764910,Javier.louzao,Javier.louzao
Lee,Gregory,22765935,Gregory.Lee,Gregory.Lee
Duri,Denis,22763330,Denis.Duri,Denis.Duri
Kohli,Manpreet,22692224,Manpreet.Kohli,Manpreet.Kohli
Subasinghe,Rochani,22766108,Rochani.Subasinghe,Rochani.Subasinghe
Trinh,William,22764408,William.Trinh,William.Trinh
Haszard,Catherine,22765037,Catherine.Haszard,Catherine.Haszard
Naicker,Yotheeya,22765108,Yotheeya.Naicker,Yotheeya.Naicker
Wright,Julie-Anne,22765474,JulieAnne.Wright,JulieAnne.Wright
Osmond,Catherine,22766355,Catherine.Osmond,Catherine.Osmond
Singla,Gaurav,22766646,Gaurav.Singla,Gaurav.Singla
Stewart,James,22762141,James.Stewart,James.Stewart
Dayananda,Thotapitiya Arachchilage Kivindra Eranga,22767393,ThotapitiyaArachchilageKivindraEranga.Dayananda,ThotapitiyaArachchilageKivindraEranga.Dayananda
Wyatt,Lyal,22767499,Lyal.Wyatt,Lyal.Wyatt
Akau,Sione,22761186,Sione.Akau,Sione.Akau
Windley,Jade,22766725,Jade.Windley,Jade.Windley
Ikkurthi,Nammaiah,22767497,Nammaiah.Ikkurthi,Nammaiah.Ikkurthi
Fu,Yu,22767470,Yu.Fu,Yu.Fu
Bowen,Jonathan,22761157,Jonathan.Bowen,Jonathan.Bowen
Kazi,Nusrat,22762183,Nusrat.Kazi,Nusrat.Kazi
Woodland,Monique,22762388,Monique.Woodland,Monique.Woodland
Wickett,Bronwyn,22763072,Bronwyn.Wickett,Bronwyn.Wickett
Miles,Joseph,22763757,Joseph.Miles,Joseph.Miles
Vernino,Leeanne,22763828,Leeanne.Vernino,Leeanne.Vernino
Mannering,Nita,22764328,Nita.Mannering,Nita.Mannering
Sim,Ser Ling,22759806,SerLing.Sim,SerLing.Sim
Logie,Gemma,22764420,Gemma.Logie,Gemma.Logie
McNeil,Trisha,22759854,Trisha.McNeil,Trisha.McNeil
Kan,Lai Kuen,22759921,LaiKuen.Kan,LaiKuen.Kan
Graves,Brett,22764873,Brett.Graves,Brett.Graves
Murphy,Kerry,22760278,Kerry.Murphy,Kerry.Murphy
Cheng,Rowena,22761552,Rowena.Cheng,Rowena.Cheng
Lu,Robert,22765460,Robert.Lu,Robert.Lu
Wong,Melanie,22761636,Melanie.Wong,Melanie.Wong
Costanzo,Marco,22765493,Marco.Costanzo,Marco.Costanzo
Corrigan,Liz,22760647,Liz.Corrigan,Liz.Corrigan
Reynolds,Christine,22765677,Christine.Reynolds,Christine.Reynolds
Ly,Mandy,22762220,Mandy.Ly,Mandy.Ly
McDonald,Michelle,22761207,Michelle.McDonald,Michelle.McDonald
Hornsby,Nathan,22765749,Nathan.Hornsby,Nathan.Hornsby
Prinsloo,Johan,22763069,Johan.Prinsloo,Johan.Prinsloo
Downes,Cheryl,22767121,Cheryl.Downes,Cheryl.Downes
Ross,James,22761744,James.Ross,James.Ross
Gurney,Siobhan,22763731,Siobhan.Gurney,Siobhan.Gurney
Tsangidis,Zoran,22762181,Zoran.Tsangidis,Zoran.Tsangidis
Abdelmalek,Mirna,22763735,Mirna.Abdelmalek,Mirna.Abdelmalek
Hu,Tianyin,22763978,Tianyin.Hu,Tianyin.Hu
Han,Yu,22762477,Yu.Han,Yu.Han
Ham,Melissa,22763126,Melissa.Ham,Melissa.Ham
Paoli,Aida,22763804,Aida.Paoli,Aida.Paoli
Gao,Linda,22764392,Linda.Gao,Linda.Gao
Monte,Joshua,22764358,Joshua.Monte,Joshua.Monte
MacDonald,Craig,22763433,Craig.MacDonald,Craig.MacDonald
Reynolds,Megan,22764295,Megan.Reynolds,Megan.Reynolds
Crawford,Roslyn,22763862,Roslyn.Crawford,Roslyn.Crawford
Tjio,Rena,22763328,Rena.Tjio,Rena.Tjio
Karamballi,Vijayalaxmi,22763841,Vijayalaxmi.Karamballi,Vijayalaxmi.Karamballi
Salvana,Robert,22764327,Robert.Salvana,Robert.Salvana
Dona,Dulmini,22765463,Dulmini.Dona,Dulmini.Dona
Shelar,Nitin,22763357,Nitin.Shelar,Nitin.Shelar
Lian,Louis,22763983,Louis.Lian,Louis.Lian
Taylor,Joshua,22764518,Joshua.Taylor,Joshua.Taylor
Saldanha,Aaron,22765752,Aaron.Saldanha,Aaron.Saldanha
Sparks,Ron,22763461,Ron.Sparks,Ron.Sparks
Clover,Lainie,22765106,Lainie.Clover,Lainie.Clover
Mehic,Sabina,22764591,Sabina.Mehic,Sabina.Mehic
Nagpal,Sunny,22765943,Sunny.Nagpal,Sunny.Nagpal
Seal,Samrat,22766058,Samrat.Seal,Samrat.Seal
Blackman,Bruce,22765039,Bruce.Blackman,Bruce.Blackman
Ashton,John,22765015,John.Ashton,John.Ashton
Walker,Matt,22763567,Matt.Walker,Matt.Walker
Brown,Tamara,22765753,Tamara.Brown,Tamara.Brown
Hughes,Michael,22764707,Michael.Hughes,Michael.Hughes
Milheiro,Joao,22765054,Joao.Milheiro,Joao.Milheiro
Ford,Timothy,22765114,Timothy.Ford,Timothy.Ford
Rakiposki,Zarifka,22766207,Zarifka.Rakiposki,Zarifka.Rakiposki
Ramalingam,Bharath,22766745,Bharath.Ramalingam,Bharath.Ramalingam
Tan,Venetia,22763802,Venetia.Tan,Venetia.Tan
Donnelly,Jim,22765828,Jim.Donnelly,Jim.Donnelly
Gauci,Stefanie,22765110,Stefanie.Gauci,Stefanie.Gauci
Kandel,Suman,22766362,Suman.Kandel,Suman.Kandel
Wilson,Andy,22763988,Andy.Wilson,Andy.Wilson
Jones,Ryan,22766490,Ryan.Jones,Ryan.Jones
Campbell,Duncan,22767135,Duncan.Campbell,Duncan.Campbell
Talbot,Stevie,22766878,Stevie.Talbot,Stevie.Talbot
Mora,Natalie,22766394,Natalie.Mora,Natalie.Mora
Kaur,Amandeep,22765646,Amandeep.Kaur,Amandeep.Kaur
Hussain,Kashif,22766083,Kashif.Hussain,Kashif.Hussain
Boyd,Aaron,22767299,Aaron.Boyd,Aaron.Boyd
Edwards,Veronika,22766525,Veronika.Edwards,Veronika.Edwards
Musiov,David,22766337,David.Musiov,David.Musiov
Choi,Amy,22766811,Amy.Choi,Amy.Choi
Dinh,Tony,22764411,Tony.Dinh,Tony.Dinh
Yung,Chee Loong,22766488,CheeLoong.Yung,CheeLoong.Yung
Avdija,Stephanie,22764642,Stephanie.Avdija,Stephanie.Avdija
Zombolas,David,22766816,David.Zombolas,David.Zombolas
Jesudason,Rohan,22760440,Rohan.Jesudason,Rohan.Jesudason
Suhail K M,Ameen,22767151,Ameen.SuhailKM,Ameen.SuhailKM
McGuire,Ken,22766553,Ken.McGuire,Ken.McGuire
Shee,Ronan,22766975,Ronan.Shee,Ronan.Shee
Hejtmanek,James,22767759,James.Hejtmanek,James.Hejtmanek
Dymond,Jesse,22766625,Jesse.Dymond,Jesse.Dymond
Connellan,Jacqueline,22767131,Jacqueline.Connellan,Jacqueline.Connellan
Nguyen,Ambrose,22766742,Ambrose.Nguyen,Ambrose.Nguyen
Jenkins,Jacqueline,22767255,Jacqueline.Jenkins,Jacqueline.Jenkins
Pandey,Anamika,22766740,Anamika.Pandey,Anamika.Pandey
Venter,Christell,22765465,Christell.Venter,22765465
Taylor,Cyndi,22767014,Cyndi.Taylor,Cyndi.Taylor
Vanegas,Alejandra,22767214,Alejandra.Vanegas,Alejandra.Vanegas
Bouquet,Evan,22765878,Evan.Bouquet,Evan.Bouquet
Davenport,Tara,22761669,Tara.Davenport,Tara.Davenport
Smith,Amy,22764745,Amy.Smith,Amy.Smith
Sturmey,Damon,22761950,Damon.Sturmey,Damon.Sturmey
Whitehouse,Mia,22765650,Mia.Whitehouse,Mia.Whitehouse
Tascioglu,Faruk,22766840,Faruk.Tascioglu,Faruk.Tascioglu
Golestan-Nejad,Babak,22760284,Babak.GolestanNejad,Babak.GolestanNejad
Adam,Cameron,22766873,Cameron.Adam,Cameron.Adam
Sridhar,Jagadeeswari,22767609,Jagadeeswari.Sridhar,Jagadeeswari.Sridhar
Wan,Kevin,22760762,Kevin.Wan,Kevin.Wan
Perryman,Anthony,22762908,Anthony.Perryman,Anthony.Perryman
Puri,Anu,22760383,Anu.Puri,Anu.Puri
Gacuma,Napoleon,22761692,Napoleon.Gacuma,Napoleon.Gacuma
Cleary,Thomas,22764103,Thomas.Cleary,Thomas.Cleary
Drew,Robert,22760573,Robert.Drew,Robert.Drew
Minards,James,22764308,James.Minards,James.Minards
Latocha,Stephen,22762878,Stephen.Latocha,Stephen.Latocha
Fu,Kit Ming,22764725,KitMing.Fu,KitMing.Fu
Natoli,Liarna,22763689,Liarna.Natoli,Liarna.Natoli
Fanny,Fanny,22764834,Fanny.Fanny,Fanny.Fanny
Shaheen,Owais,22764104,Owais.Shaheen,Owais.Shaheen
Fa'atoese,Junior,22764196,Junior.Faatoese,Junior.Faatoese
Gupta,Megha,22764871,Megha.Gupta,Megha.Gupta
Hanley,James,22761598,James.Hanley,James.Hanley
Horner,Ian,22761355,Ian.Horner,Ian.Horner
Daley,Naomi,22764243,Naomi.Daley,Naomi.Daley
Nguyen,Trung,22764932,Trung.Nguyen,Trung.Nguyen
Finn,Nicola,22763102,Nicola.Finn,Nicola.Finn
Blincoe,Glenis,22764839,Glenis.Blincoe,Glenis.Blincoe
Ozols,Adam,22762233,Adam.Ozols,Adam.Ozols
Taher,Khaled,22765495,Khaled.Taher,Khaled.Taher
Mccauley,Kerri,22763183,Kerri.Mccauley,Kerri.Mccauley
Fitzgerald,Jessica,22765853,Jessica.Fitzgerald,Jessica.Fitzgerald
Ritchie,Deanne,22761581,Deanne.Ritchie,Deanne.Ritchie
Barlow,Paul,22763386,Paul.Barlow,Paul.Barlow
Maragos,Kelly,22765871,Kelly.Maragos,Kelly.Maragos
Herath,Ashinee,22763387,Ashinee.Herath,Ashinee.Herath
Srivastava,Sheenal,22762763,Sheenal.Srivastava,Sheenal.Srivastava
Chillari,John,22764314,John.Chillari,John.Chillari
de Melo,Andre,22763885,Andre.deMelo,Andre.deMelo
Laden,Shawna,22763635,Shawna.Laden,Shawna.Laden
Holwerda,Andre,22761906,Andre.Holwerda,Andre.Holwerda
Deng,Ziwei,22764475,Ziwei.Deng,Ziwei.Deng
Bennie,Michelle,22760644,Michelle.Bennie,Michelle.Bennie
Young,Luke,22763897,Luke.Young,Luke.Young
Mohammad,Ali,22762025,Ali.Mohammad,Ali.Mohammad
Arora,Amit,22764930,Amit.Arora,Amit.Arora
Newbold,Tim,22764292,Tim.Newbold,Tim.Newbold
Willoughby,Lauren,22761685,Lauren.Willoughby,Lauren.Willoughby
Sharma,Shveta,22763043,Shveta.Sharma,Shveta.Sharma
Stevenson,Natasha,22764595,Natasha.Stevenson,Natasha.Stevenson
Raslan,Maha,22764477,Maha.Raslan,Maha.Raslan
Rubins,Andrew,22763467,Andrew.Rubins,Andrew.Rubins
Malvestuto,Maria,22765163,Maria.Malvestuto,Maria.Malvestuto
Cho,Catherine,22762514,Catherine.Cho,Catherine.Cho
Deegan,Ciara,22763580,Ciara.Deegan,Ciara.Deegan
Li,Michael,22764640,Michael.Li,Michael.Li
Michaelidis,Tabitha,22763790,Tabitha.Michaelidis,Tabitha.Michaelidis
Morgan,Jonathan,22763441,Jonathan.Morgan,Jonathan.Morgan
Bejenariu,John,22765448,John.Bejenariu,John.Bejenariu
Sekhar Dey,Niladri,22765449,Niladri.SekharDey,Niladri.SekharDey
Kelly,Richard,22764312,Richard.Kelly,Richard.Kelly
Robinson,Nicole,22763480,Nicole.Robinson,Nicole.Robinson
Barrett,Madison,22765095,Madison.Barrett,Madison.Barrett
Cassar,Stephanie,22766196,Stephanie.Cassar,Stephanie.Cassar
Mendez,Alistair,22763505,Alistair.Mendez,Alistair.Mendez
Mam,Kerven,22766193,Kerven.Mam,Kerven.Mam
Prasad,Rajeev,22765501,Rajeev.Prasad,Rajeev.Prasad
Pap,Paul,22763904,Paul.Pap,Paul.Pap
Samadhia,Anju,22766563,Anju.Samadhia,Anju.Samadhia
Riches,Shannon,22766473,Shannon.Riches,Shannon.Riches
Booth,Rowan,22766766,Rowan.Booth,Rowan.Booth
McDonald,Matt,22765089,Matt.McDonald,Matt.McDonald
San Miguel,Eriza,22766481,Eriza.SanMiguel,Eriza.SanMiguel
Wilson,Donna,22764639,Donna.Wilson,Donna.Wilson
Imbesi,Stephen,22766826,Stephen.Imbesi,Stephen.Imbesi
Werrin,Hannah,22766886,Hannah.Werrin,Hannah.Werrin
Le,Tram,22765681,Tram.Le,Tram.Le
Bourdot-Clayton,Fiona,22764663,Fiona.BourdotClayton,Fiona.BourdotClayton
Terentev,Max,22767363,Max.Terentev,Max.Terentev
Nanson,Alison,22766003,Alison.Nanson,Alison.Nanson
Sturt,Adrien,22766950,Adrien.Sturt,Adrien.Sturt
Shankar,Sandeep,22767153,Sandeep.Shankar,Sandeep.Shankar
Stephen,Kim,22764883,Kim.Stephen,Kim.Stephen
Luong,Kit,22767541,Kit.Luong,Kit.Luong
Ioannou,Pauline,22766558,Pauline.Ioannou,Pauline.Ioannou
Louie,Virginia,22766982,Virginia.Louie,Virginia.Louie
Ryman,Glen,22760755,Glen.Ryman,Glen.Ryman
Tjanterik,Irwan,22766643,Irwan.Tjanterik,Irwan.Tjanterik
Mohapatra,Siddharth,22767150,Siddharth.Mohapatra,Siddharth.Mohapatra
Chaidemenakis,George,22765658,George.Chaidemenakis,George.Chaidemenakis
Chan,Anthony,22761031,Anthony.Chan,Anthony.Chan
Sadek,Erini,22767216,Erini.Sadek,Erini.Sadek
Browne,Amy,22765687,Amy.Browne,Amy.Browne
Vithanagama,Sanjaya,22766976,Sanjaya.Vithanagama,Sanjaya.Vithanagama
Bishop,Wesley,22767311,Wesley.Bishop,Wesley.Bishop
Waldon,Trent,22761849,Trent.Waldon,Trent.Waldon
Pickwell,Clint,22759671,Clint.Pickwell,Clint.Pickwell
Pereira-Smith,Matt,22759823,Matt.PereiraSmith,Matt.PereiraSmith
Dixon,Peter,22760367,Peter.Dixon,Peter.Dixon
Jardim,Yolandi,22762893,Yolandi.Jardim,Yolandi.Jardim
Barakat,Jackline,22760877,Jackline.Barakat,Jackline.Barakat
Kanaparthy,Sridhar,22763852,Sridhar.Kanaparthy,Sridhar.Kanaparthy
Miller,Wade,22764194,Wade.Miller,Wade.Miller
Taylor,Marama,22763101,Marama.Taylor,Marama.Taylor
Kohn,Anabela,22764200,Anabela.Kohn,Anabela.Kohn
Kyaw,Michael,22762945,Michael.Kyaw,Michael.Kyaw
Hughes,Nadine,22763465,Nadine.Hughes,Nadine.Hughes
Laya,Joseph,22762004,Joseph.Laya,Joseph.Laya
Davis,William,22762876,William.Davis,William.Davis
Gibson,Genevieve,22763682,Genevieve.Gibson,Genevieve.Gibson
Burgin,Christian,22763909,Christian.Burgin,Christian.Burgin
Mitchell,Elliott,22764072,Elliott.Mitchell,Elliott.Mitchell
Hockey,Catherine,28000613,Catherine.Hockey,Catherine.Hockey
Repolusk,Daniel,28105817,Daniel.Repolusk,Daniel.Repolusk
Leon-Navarro,Ruth,28079013,Ruth.LeonNavarro,Ruth.LeonNavarro
Mein,Kate,22744312,Kate.Mein,Kate.Mein
Bruce,Gary,28078494,Gary.Bruce,Gary.Bruce
Sukovski,Mirjana,28105713,Mirjana.Sukovski,Mirjana.Sukovski
De Souza,Eleanor,28078909,Eleanor.DeSouza,Eleanor.DeSouza
Di Santo,Maria,22696338,Maria.DiSanto,Maria.DiSanto
De jesus,Lidia,22746994,Lidia.Dejesus,Lidia.Dejesus
Byrne,Rohan,21122025,Rohan.Byrne,Rohan.Byrne
Williams,Anthony,28078920,Anthony.Williams,Anthony.Williams
Sheehan,Charlotte,28105828,Charlotte.Sheehan,Charlotte.Sheehan
Howes,Timothy,28078929,Timothy.Howes,Timothy.Howes
Baker,Joanne,22747187,Joanne.Baker,Joanne.Baker
Moon,Joanne,22663385,Joanne.Moon,Joanne.Moon
Tomisich,Abigail,22696772,Abigail.Tomisich,Abigail.Tomisich
Di Benedetto,Melina,28000465,Melina.DiBenedetto,Melina.DiBenedetto
Acikgoz,Mine,28078974,Mine.Acikgoz,Mine.Acikgoz
Burg,Sarah,22663382,Sarah.Burg,Sarah.Burg
Roscoe,Chad,28102971,Chad.Roscoe,Chad.Roscoe
Luong,Lyly,22701894,Lyly.Luong,Lyly.Luong
Chowdhury,Asif,22670215,Asif.Chowdhury,22670215
Henttinen,Antoinette,28077830,Antoinette.Henttinen,Antoinette.Henttinen
Carmichael,Brendan,28102924,Brendan.Carmichael,Brendan.Carmichael
Eckersall,Natalie,22695146,Natalie.Eckersall,Natalie.Eckersall
Mondous,Hanna,22703519,Hanna.Mondous,Hanna.Mondous
Liu,Yu,22748670,Yu.Liu,Yu.Liu
Troitsin,Megan,28103870,Megan.Troitsin,Megan.Troitsin
Lee,Veronica,22722873,Veronica.Lee,Veronica.Lee
Gardiner,Lyndon,28079054,Lyndon.Gardiner,Lyndon.Gardiner
Barker,Christopher,22690974,Christopher.Barker,Christopher.Barker
Hingert,Jessica,22695156,Jessica.Hingert,Jessica.Hingert
Karson,Susan,22646662,Susan.Karson,Susan.Karson
Liu,Emma,22751330,Emma.Liu,Emma.Liu
Sharp,Elise,22695367,Elise.Sharp,Elise.Sharp
Marshall,Kathryn,28078798,Kathryn.Marshall,Kathryn.Marshall
Banyai,Sally,28104176,Sally.Banyai,Sally.Banyai
Nguyen,Nga,28085598,Nga.Nguyen,Nga.Nguyen
Susi,Vivian,22661237,Vivian.Susi,Vivian.Susi
Sebastian,Louie,22731082,Louie.Sebastian,Louie.Sebastian
Oliver,Michael,28102720,Michael.Oliver,Michael.Oliver
Garwood,Kathrine,28078927,Kathrine.Garwood,Kathrine.Garwood
Dibenedetto,Nola,28104445,Nola.Dibenedetto,Nola.Dibenedetto
Jayaweera,Sashi,22717582,Sashi.Jayaweera,Sashi.Jayaweera
Kuramochi,Yuichi,22754413,Yuichi.Kuramochi,Yuichi.Kuramochi
Lozano,Sandy,28102804,Sandy.Lozano,Sandy.Lozano
Cowley,Bronwyn,22691115,Bronwyn.Cowley,Bronwyn.Cowley
Pal,Marylene,28000347,Marylene.Pal,Marylene.Pal
Yoseline,Ruth,28104513,Ruth.Yoseline,Ruth.Yoseline
Van Der Linde,Tracey,22720931,Tracey.VanDerLinde,Tracey.VanDerLinde
Shipway,Karina,28078446,Karina.Shipway,Karina.Shipway
Haley,Yasmin,22735166,Yasmin.Haley,Yasmin.Haley
Kim,Hyo,22755196,Hyo.Kim,Hyo.Kim
Hill,Bronwyn,22692342,Bronwyn.Hill,Bronwyn.Hill
Honawar,Jasmine,28104946,Jasmine.Honawar,Jasmine.Honawar
Trang,My Kieu,22739479,MyKieu.Trang,MyKieu.Trang
Fitzsimons,Matthew,21475851,Matthew.Fitzsimons,Matthew.Fitzsimons
Arias,Clarissa,28000406,Clarissa.Arias,Clarissa.Arias
Burnett,John,22695003,John.Burnett,John.Burnett
Pham,Paul,22737532,Paul.Pham,Paul.Pham
Flatman,Sarah,28078721,Sarah.Flatman,Sarah.Flatman
Murray,Derek,22654691,Derek.Murray,Derek.Murray
Habib,Ali,22755541,Ali.Habib,Ali.Habib
Spero,Jordan,22646003,Jordan.Spero,Jordan.Spero
Manns,Danielle,28078801,Danielle.Manns,Danielle.Manns
Shore,Kathryn,22695102,Kathryn.Shore,Kathryn.Shore
Tan,Soo Ho,22738539,SooHo.Tan,SooHo.Tan
Smith,Harriet,22751694,Harriet.Smith,Harriet.Smith
Parker,Trudy,22756616,Trudy.Parker,Trudy.Parker
Mondous,Nella,22695104,Nella.Mondous,Nella.Mondous
Barratt,Tom,28104446,Tom.Barratt,Tom.Barratt
Nadesan,Premananthan,22662064,Premananthan.Nadesan,Premananthan.Nadesan
Yu,Yinghua,22741609,Yinghua.Yu,Yinghua.Yu
Kockaya,Hasan,22752588,Hasan.Kockaya,Hasan.Kockaya
Booth,Jarrad,22665068,Jarrad.Booth,Jarrad.Booth
Williams,Jason,22696181,Jason.Williams,Jason.Williams
Thornton,Courtney,22673651,Courtney.Thornton,Courtney.Thornton
Sellathurai,Anuraada,22661211,Anuraada.Sellathurai,Anuraada.Sellathurai
Ruggeri,Guillermo,22758941,Guillermo.Ruggeri,Guillermo.Ruggeri
Munro,Steven,22675920,Steven.Munro,Steven.Munro
Edwards,Maxine,22752597,Maxine.Edwards,Maxine.Edwards
Rapose,Gillian,22677732,Gillian.Rapose,Gillian.Rapose
Nguyen,Thanh,22680083,Thanh.Nguyen,Thanh.Nguyen
Hewamasmulla,Shashika,22754660,Shashika.Hewamasmulla,Shashika.Hewamasmulla
Jokic,Gordana,22759082,Gordana.Jokic,Gordana.Jokic
Wailes,Amanda,22698718,Amanda.Wailes,Amanda.Wailes
Hewitt,Daniel,22685969,Daniel.Hewitt,Daniel.Hewitt
Chu,Raymond,22745364,Raymond.Chu,Raymond.Chu
Ojaimi,Charles,22689468,Charles.Ojaimi,Charles.Ojaimi
Kennedy,Stephanie,22756043,Stephanie.Kennedy,Stephanie.Kennedy
Sheehan,Peter,22699610,Peter.Sheehan,Peter.Sheehan
Boyle,Brendan,22695128,Brendan.Boyle,Brendan.Boyle
Wisnu,Nina,22757410,Nina.Wisnu,Nina.Wisnu
Turl,Tanya,22692682,Tanya.Turl,Tanya.Turl
Ellery,Sarah,22695328,Sarah.Ellery,Sarah.Ellery
Martinez,Albert,22681659,Albert.Martinez,Albert.Martinez
Simonetti,Stacey,22694076,Stacey.Simonetti,Stacey.Simonetti
Saunders,BeThi,22745059,BeThi.Saunders,BeThi.Saunders
Dhakan,Devang,22704595,Devang.Dhakan,Devang.Dhakan
Perkins,Margery,22697070,Margery.Perkins,Margery.Perkins
Ashby,Luke,22686213,Luke.Ashby,Luke.Ashby
Latimore,Andrew,22749969,Andrew.Latimore,Andrew.Latimore
Ichikawa,Hiroyuki,22754410,Hiroyuki.Ichikawa,Hiroyuki.Ichikawa
Orchard,Jarrod,22757931,Jarrod.Orchard,Jarrod.Orchard
Farago,Kristina,22709043,Kristina.Farago,Kristina.Farago
Samson,Esther,22695127,Esther.Samson,Esther.Samson
Coulson,Darren,22692051,Darren.Coulson,Darren.Coulson
Bekele,Samrawit,22709188,Samrawit.Bekele,Samrawit.Bekele
Bourke,Daryl,22695166,Daryl.Bourke,Daryl.Bourke
Simos,Manolia,22692841,Manolia.Simos,Manolia.Simos
Catalucci,Stephanie,22714258,Stephanie.Catalucci,Stephanie.Catalucci
Moore,Bernard,22711645,Bernard.Moore,Bernard.Moore
Agudera,Johanna,22757854,Johanna.Agudera,Johanna.Agudera
O'callahan,Siobhan,22751652,Siobhan.Ocallahan,Siobhan.Ocallahan
Bailey,Mark,22696182,Mark.Bailey,Mark.Bailey
Jaiswal,Radhika,22764223,Radhika.Jaiswal,Radhika.Jaiswal
Loo,Andrew,22694673,Andrew.Loo,Andrew.Loo
Taylor,Cassandra,22711853,Cassandra.Taylor,Cassandra.Taylor
Mehta,Prajakta,22752591,Prajakta.Mehta,Prajakta.Mehta
Draper,Robert,22698571,Robert.Draper,Robert.Draper
Thomas,Ian,22737422,Ian.Thomas,Ian.Thomas
Trousselot,Navarre,22730955,Navarre.Trousselot,Navarre.Trousselot
Haden,Lisa,22742290,Lisa.Haden,Lisa.Haden
McLaughlin,Angela,22703807,Angela.McLaughlin,Angela.McLaughlin
Gough,Colin,22742106,Colin.Gough,Colin.Gough
Rippon,David,22741135,David.Rippon,David.Rippon
Conroy,Dana,22733372,Dana.Conroy,Dana.Conroy
Hon,Jeff,22745113,Jeff.Hon,Jeff.Hon
Phillips,Lauren,22750052,Lauren.Phillips,Lauren.Phillips
Lam,Kenny,22717024,Kenny.Lam,Kenny.Lam
Ives,Morgan,22749130,Morgan.Ives,Morgan.Ives
Hurley,Eilis,22714160,Eilis.Hurley,Eilis.Hurley
Augustine,Ashleigh,22755899,Ashleigh.Augustine,Ashleigh.Augustine
Gainard,Amanda,22748622,Amanda.Gainard,22748622
Mackie,Lachlan,22750685,Lachlan.Mackie,Lachlan.Mackie
Gorra,Adrienne,22752042,Adrienne.Gorra,Adrienne.Gorra
Murch,Stacey,22714381,Stacey.Murch,Stacey.Murch
Walker,Avara,22756039,Avara.Walker,Avara.Walker
Giammarco,Monique,22717739,Monique.Giammarco,Monique.Giammarco
Darr,Sarah,22749547,Sarah.Darr,Sarah.Darr
Asokan,Sivaprakash,22734131,Sivaprakash.Asokan,Sivaprakash.Asokan
Toumngeun,Chitpasong,22752599,Chitpasong.Toumngeun,Chitpasong.Toumngeun
Nguyen,Diem,22722404,Diem.Nguyen,Diem.Nguyen
Easton,Jessica,22751479,Jessica.Easton,Jessica.Easton
Carpenter,Toni,22756045,Toni.Carpenter,Toni.Carpenter
de Sousa,Shazmeen,22754991,Shazmeen.deSousa,Shazmeen.deSousa
Huntington,Jacqui,22720340,Jacqui.Huntington,Jacqui.Huntington
Addamo,Joseph,22696193,Joseph.Addamo,Joseph.Addamo
Pelgrave,Molly,22751655,Molly.Pelgrave,Molly.Pelgrave
Lohanda,Florence,22730160,Florence.Lohanda,Florence.Lohanda
Kuan,Claire,22756442,Claire.Kuan,Claire.Kuan
Kim,Apollo,22753461,Apollo.Kim,Apollo.Kim
Doughty,Shane,22753691,Shane.Doughty,Shane.Doughty
Andrews,Caroline,22696218,Caroline.Andrews,Caroline.Andrews
Gorvin,Andrew,22755453,Andrew.Gorvin,Andrew.Gorvin
Gao,Zijian,22723787,Zijian.Gao,Zijian.Gao
Kant,Jasmeet,22756673,Jasmeet.Kant,Jasmeet.Kant
Williams,Max,22753546,Max.Williams,Max.Williams
Devlin,Corey,22731345,Corey.Devlin,Corey.Devlin
Sheridan,Jason,22697066,Jason.Sheridan,Jason.Sheridan
Bambry,Natalie,22751826,Natalie.Bambry,Natalie.Bambry
Archer,Nathan,22756155,Nathan.Archer,Nathan.Archer
Purcell,Ray,22695428,Ray.Purcell,Ray.Purcell
Zemski,Leigh,22757555,Leigh.Zemski,Leigh.Zemski
Stewart,Scott,22755639,Scott.Stewart,Scott.Stewart
Du,Chen,22755106,Chen.Du,Chen.Du
Congdon,Sarah,22699782,Sarah.Congdon,Sarah.Congdon
Terefe,Saba,22695250,Saba.Terefe,Saba.Terefe
Shen,MingLing,22696092,MingLing.Shen,MingLing.Shen
Yousry,Yaser,22757390,Yaser.Yousry,Yaser.Yousry
Luka,Barbara,22755778,Barbara.Luka,Barbara.Luka
Memon,Hassaan,22757932,Hassaan.Memon,Hassaan.Memon
Xanthos,John,22701563,John.Xanthos,John.Xanthos
Howes,Narelle,22706768,Narelle.Howes,Narelle.Howes
Miller,Aimee,22757735,Aimee.Miller,Aimee.Miller
Perera,Sagara,22696767,Sagara.Perera,Sagara.Perera
Lang,Matthew,22757848,Matthew.Lang,Matthew.Lang
Wang,Dongyang,22760115,Dongyang.Wang,Dongyang.Wang
Markou,Sarah,22698194,Sarah.Markou,Sarah.Markou
Subramaniam,Nithiya,22756237,Nithiya.Subramaniam,Nithiya.Subramaniam
Ralph,Rowena,22701921,Rowena.Ralph,Rowena.Ralph
Ku,Oliver,22760487,Oliver.Ku,Oliver.Ku
Koskela,Hanna,22760757,Hanna.Koskela,Hanna.Koskela
Benberu,Shaveen,22759333,Shaveen.Benberu,Shaveen.Benberu
Bhan,Indrakshi,22716544,Indrakshi.Bhan,Indrakshi.Bhan
Liu,Jianling,22701553,Jianling.Liu,Jianling.Liu
Cornish,Andrew,22759357,Andrew.Cornish,Andrew.Cornish
Gorelik,Boris,22761625,Boris.Gorelik,Boris.Gorelik
Barbagallo,Concetta,22713641,Concetta.Barbagallo,Concetta.Barbagallo
Reyes,Micah,22757937,Micah.Reyes,Micah.Reyes
Cameron,James,22760287,James.Cameron,James.Cameron
Di Paola,Joshua,22721093,Joshua.DiPaola,Joshua.DiPaola
Fuoco,Jason,22725633,Jason.Fuoco,Jason.Fuoco
Wong,Keillan,22760484,Keillan.Wong,Keillan.Wong
Cassidy,Therese,22762130,Therese.Cassidy,Therese.Cassidy
Conway,Alison,22724774,Alison.Conway,Alison.Conway
Silva,Ranjeewa,22760524,Ranjeewa.Silva,Ranjeewa.Silva
Bhattacharya,Moushree,22725300,Moushree.Bhattacharya,Moushree.Bhattacharya
Ferreira,Brandon,22762482,Brandon.Ferreira,Brandon.Ferreira
Fekete,Szilvia,22760723,Szilvia.Fekete,Szilvia.Fekete
Sheng,Yihang,22762513,Yihang.Sheng,Yihang.Sheng
ODonnell,Chris,22762144,Chris.ODonnell,Chris.ODonnell
Rosel,Henry,22762558,Henry.Rosel,Henry.Rosel
Mahanga,Tassi-mae,22724775,Tassimae.Mahanga,Tassimae.Mahanga
O'Connell,Niamh,22728373,Niamh.OConnell,Niamh.OConnell
Idroos,Nizar,22762751,Nizar.Idroos,Nizar.Idroos
Sahlstrom,Elliot,22761676,Elliot.Sahlstrom,Elliot.Sahlstrom
Mai,Long,22741805,Long.Mai,Long.Mai
Elliott,Vivianne,22725577,Vivianne.Elliott,Vivianne.Elliott
Jones,Nicholas,22762251,Nicholas.Jones,Nicholas.Jones
Borra,Sowjanya,22762509,Sowjanya.Borra,Sowjanya.Borra
Walsh,Jason,22729357,Jason.Walsh,Jason.Walsh
Furlan,Marjorie,22762407,Marjorie.Furlan,Marjorie.Furlan
Lavender,Samuel,22671063,Samuel.Lavender,Samuel.Lavender
Sasihithlu,Savita,22763331,Savita.Sasihithlu,Savita.Sasihithlu
Foley,Cara,22699651,Cara.Foley,Cara.Foley
Matijas,Bernadette,22734160,Bernadette.Matijas,Bernadette.Matijas
Bullion,Wendy,22652422,Wendy.Bullion,Wendy.Bullion
Ross,Nicholas,22766614,Nicholas.Ross,Nicholas.Ross
Hartnell,Gregor,22738424,Gregor.Hartnell,Gregor.Hartnell
Ross,Joseph,22753237,Joseph.Ross,Joseph.Ross
Crivelli,Kristy,22696174,Kristy.Crivelli,Kristy.Crivelli
Rajapakse,Day,22686210,Day.Rajapakse,Day.Rajapakse
Carbert,Geoff,22738188,Geoff.Carbert,Geoff.Carbert
Russell,Richard,22666978,Richard.Russell,Richard.Russell
Dang,Michael,22675086,Michael.Dang,Michael.Dang
Resch,Anton,22739714,Anton.Resch,Anton.Resch
Molnar,Nicholas,22690808,Nicholas.Molnar,Nicholas.Molnar
Doulkeridis,Christine,22708277,Christine.Doulkeridis,Christine.Doulkeridis
Dickins,Robert,28000495,Robert.Dickins,Robert.Dickins
Willis-Davis,Wayne,22741887,Wayne.WillisDavis,Wayne.WillisDavis
Wilson,Deborah,22695546,Deborah.Wilson,Deborah.Wilson
Lacey,Lisa,22679732,Lisa.Lacey,Lisa.Lacey
Tobin,Michael,22701408,Michael.Tobin,Michael.Tobin
Dresner,Liza,22743672,Liza.Dresner,Liza.Dresner
Faglioni,Joan Sybil,28071701,JoanSybil.Faglioni,JoanSybil.Faglioni
Haddad,Jessica,22697958,Jessica.Haddad,Jessica.Haddad
Huang,Hunter,22740261,Hunter.Huang,Hunter.Huang
McLean,Hayden,22725784,Hayden.McLean,Hayden.McLean
Gough,Peter,22748436,Peter.Gough,Peter.Gough
Rossiter,Natalia,28102081,Natalia.Rossiter,Natalia.Rossiter
Nunan,Jennifer,22687443,Jennifer.Nunan,Jennifer.Nunan
Levy,Daniel,22698251,Daniel.Levy,Daniel.Levy
Bradford,Andrew,22740501,Andrew.Bradford,Andrew.Bradford
Kirby,Julie,22729420,Julie.Kirby,Julie.Kirby
Montealegre,Mark,22708893,Mark.Montealegre,Mark.Montealegre
Sebestyen,Carly,22749712,Carly.Sebestyen,Carly.Sebestyen
Santo,Luigi,28104091,Luigi.Santo,Luigi.Santo
McDonald,Mary,22692612,Mary.McDonald,Mary.McDonald
Duke,Daniel,22743188,Daniel.Duke,Daniel.Duke
Robinson,Fiona,22733986,Fiona.Robinson,Fiona.Robinson
Barnes,Peter,22694315,Peter.Barnes,Peter.Barnes
Khan,Nushrat,22715250,Nushrat.Khan,Nushrat.Khan
Gough,Murray,22648835,Murray.Gough,Murray.Gough
Adams,Noel,22734547,Noel.Adams,Noel.Adams
Bui,Daniel,22745004,Daniel.Bui,Daniel.Bui
Eades,Brenden,22694517,Brenden.Eades,Brenden.Eades
Tunha,Elizabeth,22739475,Elizabeth.Tunha,Elizabeth.Tunha
Jacob,Teena,22755464,Teena.Jacob,Teena.Jacob
Bolton,Laura,22726433,Laura.Bolton,Laura.Bolton
Makin,Marcus,22648935,Marcus.Makin,Marcus.Makin
Carabella,Adrian,22745349,Adrian.Carabella,Adrian.Carabella
Falconer,Brendan,22756615,Brendan.Falconer,Brendan.Falconer
Brown,Diana,22740008,Diana.Brown,Diana.Brown
Heyhoe,Melissa,22727441,Melissa.Heyhoe,Melissa.Heyhoe
Kirby,Michelle,22695986,Michelle.Kirby,Michelle.Kirby
Vuu,Khanh Hong,22650943,KhanhHong.Vuu,KhanhHong.Vuu
Peng,James,22760483,James.Peng,James.Peng
Go,Jerah,22757017,Jerah.Go,Jerah.Go
Jorgensen,Terri,22747503,Terri.Jorgensen,Terri.Jorgensen
Lehrer,Candice,22728621,Candice.Lehrer,Candice.Lehrer
Paraskevopoulos,Diasona,22696277,Diasona.Paraskevopoulos,Diasona.Paraskevopoulos
Paningbatan,Oethellebert,22749707,Oethellebert.Paningbatan,Oethellebert.Paningbatan
Tan,Seow,22757117,Seow.Tan,Seow.Tan
De Boucherville,Marie,22747797,Marie.DeBoucherville,Marie.DeBoucherville
Dixon,Lucy,22733988,Lucy.Dixon,Lucy.Dixon
Gulamali,Suraiya,22652436,Suraiya.Gulamali,Suraiya.Gulamali
Wookey,Emma,22761501,Emma.Wookey,Emma.Wookey
Kennedy,Sarah,22750283,Sarah.Kennedy,Sarah.Kennedy
Stoel,Lianda,22749129,Lianda.Stoel,Lianda.Stoel
Choy,Leo,22757197,Leo.Choy,Leo.Choy
Pegg,Rebecca,22761799,Rebecca.Pegg,Rebecca.Pegg
Gifkins,Nathan,22734974,Nathan.Gifkins,Nathan.Gifkins
Dimitriou,Kos,22659841,Kos.Dimitriou,Kos.Dimitriou
To,Hai,22698878,Hai.To,Hai.To
Cohen,Dawn,22752194,Dawn.Cohen,Dawn.Cohen
Cairns,Timothy,22700571,Timothy.Cairns,Timothy.Cairns
Tan,Kenneth,22753832,Kenneth.Tan,Kenneth.Tan
Phung,Billy,22757739,Billy.Phung,Billy.Phung
Farhat,Fatema,22666607,Fatema.Farhat,Fatema.Farhat
Randhawa,Iqbal,22758856,Iqbal.Randhawa,Iqbal.Randhawa
Mackinnon,Simon,22751354,Simon.Mackinnon,Simon.Mackinnon
Pham,Tonia,22757943,Tonia.Pham,Tonia.Pham
Johnstone,Benjamin,22762870,Benjamin.Johnstone,Benjamin.Johnstone
Crawford,Cameron,22708517,Cameron.Crawford,Cameron.Crawford
Watkins,Marcus,22753584,Marcus.Watkins,Marcus.Watkins
Kapsimalis,Aygarinos,22666985,Aygarinos.Kapsimalis,Aygarinos.Kapsimalis
Axelson,Claire,22756971,Claire.Axelson,Claire.Axelson
Ramsey,Paula,22758749,Paula.Ramsey,Paula.Ramsey
Bennetts,David,22758343,David.Bennetts,David.Bennetts
Tan,Karen,22763886,Karen.Tan,Karen.Tan
Vasey,Louise-Marie,21233048,LouiseMarie.Vasey,LouiseMarie.Vasey
Welsh,Mark,22669652,Mark.Welsh,Mark.Welsh
Pizzo,Daniel,22756040,Daniel.Pizzo,Daniel.Pizzo
Chin,Wee Keat,22758925,WeeKeat.Chin,WeeKeat.Chin
Chan,Sun,22675053,Sun.Chan,Sun.Chan
Adan,Edwin,22651423,Edwin.Adan,Edwin.Adan
Munro,Dinah,22759581,Dinah.Munro,Dinah.Munro
Learmonth,Erin,22764869,Erin.Learmonth,Erin.Learmonth
Seth,Neha,22756674,Neha.Seth,Neha.Seth
Orr,Cameron,22764964,Cameron.Orr,Cameron.Orr
Padaria,Jalpa,22759827,Jalpa.Padaria,Jalpa.Padaria
MacColl,Corri,22656918,Corri.MacColl,Corri.MacColl
Watt,Adam,22724835,Adam.Watt,Adam.Watt
Arnold,Michael,22757093,Michael.Arnold,Michael.Arnold
Shannon,Roberta,22724838,Roberta.Shannon,Roberta.Shannon
Tallapaneni,Silpa,22764220,Silpa.Tallapaneni,Silpa.Tallapaneni
Freier,Tina,22648967,Tina.Freier,Tina.Freier
Jones,Catherine,22660582,Catherine.Jones,Catherine.Jones
Patsouris,Debra,22696249,Debra.Patsouris,Debra.Patsouris
Sacco,David,22653125,David.Sacco,David.Sacco
D'Onofrio,Rodolfo,22757678,Rodolfo.DOnofrio,Rodolfo.DOnofrio
Taylor,Cindy,22666273,Cindy.Taylor,Cindy.Taylor
Moyano,Natalia,22669251,Natalia.Moyano,Natalia.Moyano
Sinha,Monosij,22762506,Monosij.Sinha,Monosij.Sinha
Trebar,Vojko,22703210,Vojko.Trebar,Vojko.Trebar
Ide,Amanda,22728823,Amanda.Ide,Amanda.Ide
Quinn,Chris,22677881,Chris.Quinn,Chris.Quinn
Corsaletti,Daniel,22711811,Daniel.Corsaletti,Daniel.Corsaletti
Betikas,Pesa,28000411,Pesa.Betikas,Pesa.Betikas
Anastasopoulos,Popi,22733621,Popi.Anastasopoulos,Popi.Anastasopoulos
Selvaratnam,Vijayan,22763389,Vijayan.Selvaratnam,Vijayan.Selvaratnam
Mucio,Karlo,22654016,Karlo.Mucio,Karlo.Mucio
Ardhy,Thomas,22682762,Thomas.Ardhy,Thomas.Ardhy
Triantafyllou,Phillip,22713441,Phillip.Triantafyllou,Phillip.Triantafyllou
De Friee,Kourtney,22676756,Kourtney.DeFriee,Kourtney.DeFriee
Pelc,Siobhan,22674839,Siobhan.Pelc,Siobhan.Pelc
Su,De Hong,22663472,DeHong.Su,DeHong.Su
Wu,Hua,22683007,Hua.Wu,Hua.Wu
Ignacio,Brian,22764225,Brian.Ignacio,Brian.Ignacio
Siannos,Phillip,22718218,Phillip.Siannos,Phillip.Siannos
Wijoyo,Trijana,22652062,Trijana.Wijoyo,Trijana.Wijoyo
Ong,Christopher,22688564,Christopher.Ong,Christopher.Ong
Bassily,Ramy,22677913,Ramy.Bassily,Ramy.Bassily
Kelly,Dion,22695124,Dion.Kelly,Dion.Kelly
Rutherfurd,Andrew,22686667,Andrew.Rutherfurd,Andrew.Rutherfurd
Ijaz,Nadeya,22764177,Nadeya.Ijaz,Nadeya.Ijaz
Lau,Karen,22682987,Karen.Lau,Karen.Lau
Walton,Cassandra,22721835,Cassandra.Walton,Cassandra.Walton
MacTiernan,Anthea,22764914,Anthea.MacTiernan,Anthea.MacTiernan
Harris,Mark,22679557,Mark.Harris,Mark.Harris
Boyd,Melissa,22676835,Melissa.Boyd,Melissa.Boyd
Victuelles,Anna,22695155,Anna.Victuelles,Anna.Victuelles
Thornton,Lisa,22712080,Lisa.Thornton,Lisa.Thornton
Young,Brett,22724508,Brett.Young,Brett.Young
Beer,Lani,22687271,Lani.Beer,Lani.Beer
Perlic,Ellen,22683575,Ellen.Perlic,Ellen.Perlic
Manetta,Nicholas,22695605,Nicholas.Manetta,Nicholas.Manetta
Blake,Caroline,22684638,Caroline.Blake,Caroline.Blake
Lin,Yu,22686611,Yu.Lin,Yu.Lin
Holla,Priyanka,22713995,Priyanka.Holla,Priyanka.Holla
Italia,Laura,22696214,Laura.Italia,Laura.Italia
Dent,Simon,22689646,Simon.Dent,Simon.Dent
Makris,Catherine,22724551,Catherine.Makris,Catherine.Makris
Nelson,Mike,22697073,Mike.Nelson,Mike.Nelson
Mazurek,Anna,22689773,Anna.Mazurek,Anna.Mazurek
Wharton,Claire,22696227,Claire.Wharton,Claire.Wharton
Pham,Minh,22688712,Minh.Pham,Minh.Pham
Lyons,Christopher,22685279,Christopher.Lyons,Christopher.Lyons
Nuutinen,David,22728536,David.Nuutinen,David.Nuutinen
Paligora,Elizabeth,22733124,Elizabeth.Paligora,Elizabeth.Paligora
Roso,Timothy,22702365,Timothy.Roso,Timothy.Roso
Logan,Adam,22690058,Adam.Logan,Adam.Logan
Ciechomski,Christine,22690775,Christine.Ciechomski,Christine.Ciechomski
Rubic,Rachael,22735004,Rachael.Rubic,Rachael.Rubic
Sannachan,Thomas,22704283,Thomas.Sannachan,Thomas.Sannachan
Venus,Matthew,22699592,Matthew.Venus,Matthew.Venus
Mufti,Sucheta,22695133,Sucheta.Mufti,Sucheta.Mufti
Menon,Tina,22691942,Tina.Menon,Tina.Menon
Nguyen,Dung Quoc,22705958,DungQuoc.Nguyen,DungQuoc.Nguyen
Zhong,Shuang,22735105,Shuang.Zhong,Shuang.Zhong
Vagg,Elise,22704539,Elise.Vagg,Elise.Vagg
Aldemir,Carla,22739732,Carla.Aldemir,Carla.Aldemir
Weston,Leanne,22692219,Leanne.Weston,Leanne.Weston
Gurpinar,Emine,22695171,Emine.Gurpinar,Emine.Gurpinar
Altiparmak,Betul,22751365,Betul.Altiparmak,Betul.Altiparmak
Passarella,Alexander,22696246,Alexander.Passarella,Alexander.Passarella
Wijetunga,Haritha,22694054,Haritha.Wijetunga,Haritha.Wijetunga
Petersen,Stefan,22705970,Stefan.Petersen,Stefan.Petersen
Pugsley,Lauren,22692948,Lauren.Pugsley,Lauren.Pugsley
Mene,Grace,22757734,Grace.Mene,Grace.Mene
Stelzer,Cherene,22735585,Cherene.Stelzer,Cherene.Stelzer
Mucio,Keio,22715510,Keio.Mucio,Keio.Mucio
Horsfall,Benjamin,22752291,Benjamin.Horsfall,Benjamin.Horsfall
Brown,Jennifer,22694989,Jennifer.Brown,Jennifer.Brown
Driver,Braden,22758194,Braden.Driver,Braden.Driver
Cai,Min Wei,22706830,MinWei.Cai,MinWei.Cai
Xiao,Qun,22694637,Qun.Xiao,Qun.Xiao
Tyers,Jonathan,22759006,Jonathan.Tyers,Jonathan.Tyers
Liu,Kuang-Tao,22715532,KuangTao.Liu,KuangTao.Liu
Sood,Pranav,22713950,Pranav.Sood,Pranav.Sood
Clements,Megan,22758240,Megan.Clements,Megan.Clements
Tomay,Albert,22696099,Albert.Tomay,Albert.Tomay
Biddle,Rozanne,22755254,Rozanne.Biddle,Rozanne.Biddle
Munro,Rodney,22695329,Rodney.Munro,Rodney.Munro
Vu,Thanh,22724832,Thanh.Vu,Thanh.Vu
Macqueen,Nicholas,22714769,Nicholas.Macqueen,Nicholas.Macqueen
Atic,Andrija,22755489,Andrija.Atic,Andrija.Atic
Iap,Lalerek,22713968,Lalerek.Iap,Lalerek.Iap
Moore,Jonathan,22698561,Jonathan.Moore,Jonathan.Moore
Hawtin,Erin,22764150,Erin.Hawtin,Erin.Hawtin
Penfold,Dean,22757679,Dean.Penfold,Dean.Penfold
Agustin,Camilla,22727440,Camilla.Agustin,Camilla.Agustin
Manda,Naveen,22699529,Naveen.Manda,Naveen.Manda
Wilson,Alan,22722603,Alan.Wilson,Alan.Wilson
Uzun,Hatice,22764157,Hatice.Uzun,Hatice.Uzun
Newth,Richard,22704559,Richard.Newth,Richard.Newth
Hughes,Kate,22715845,Kate.Hughes,Kate.Hughes
Rosales,Rhodora,22704597,Rhodora.Rosales,Rhodora.Rosales
Du,Jessica,22725407,Jessica.Du,Jessica.Du
Stewart,Jackie,22671848,Jackie.Stewart,Jackie.Stewart
Prado,Dennis,22662414,Dennis.Prado1,Dennis.Prado1
Pettman,Wendy,22765093,Wendy.Pettman,Wendy.Pettman
McLeavy,Leah,22718820,Leah.McLeavy,Leah.McLeavy
Wilson,Taryn,22728965,Taryn.Wilson,Taryn.Wilson
Purdy,Gavan,22705287,Gavan.Purdy,Gavan.Purdy
Pham,Tuyen,22731973,Tuyen.Pham,Tuyen.Pham
De Wan,Mark,22685417,Mark.DeWan,Mark.DeWan
Halim,Laura,22687105,Laura.Halim,Laura.Halim
Pipkorn,Amanda,22735565,Amanda.Pipkorn,Amanda.Pipkorn
Garland,Leisa,22719638,Leisa.Garland,Leisa.Garland
Taylor,Meredith,22732532,Meredith.Taylor,Meredith.Taylor
Dolling,Kate,22722803,Kate.Dolling,Kate.Dolling
D'arcy-Fox,Nick,22761477,Nick.DarcyFox,Nick.DarcyFox
Triffett,Kaitlan,22766405,Kaitlan.Triffett,Kaitlan.Triffett
Papaspiros,Eleni,22697068,Eleni.Papaspiros,Eleni.Papaspiros
Boakye,Birago,22736064,Birago.Boakye,Birago.Boakye
Kozic,Lidia,22729398,Lidia.Kozic,Lidia.Kozic
Topalova,Diana,22692947,Diana.Topalova,Diana.Topalova
Biffen,Concetta,22733427,Concetta.Biffen,Concetta.Biffen
Bedada,Haweni,22720006,Haweni.Bedada,Haweni.Bedada
Nedelkovski,Maria,22699560,Maria.Nedelkovski,Maria.Nedelkovski
Mills,Karen,22686368,Karen.Mills,Karen.Mills
Hopa,Keegan,22706787,Keegan.Hopa,Keegan.Hopa
Underwood,John,22701865,John.Underwood,John.Underwood
Lopez,Rubia,22737002,Rubia.Lopez,Rubia.Lopez
Yap,Cherry,22700022,Cherry.Yap,Cherry.Yap
Abdul Aziz,Rizwan,22730944,Rizwan.AbdulAziz,Rizwan.AbdulAziz
Leng,Wayne,22686679,Wayne.Leng,Wayne.Leng
Williams,Howard,22732531,Howard.Williams,Howard.Williams
Winter,Lyle,22686502,Lyle.Winter,Lyle.Winter
White,Jessica,22737074,Jessica.White,Jessica.White
Von Blomberg,Bianca,22708534,Bianca.VonBlomberg,Bianca.VonBlomberg
Harris,Rebekah,22688010,Rebekah.Harris,Rebekah.Harris
Hazra,Saurav,22705767,Saurav.Hazra,Saurav.Hazra
Dunworth,Mia,22689109,Mia.Dunworth,Mia.Dunworth
Aurora,Karune,22713905,Karune.Aurora,Karune.Aurora
Marsters,Deborah,22689209,Deborah.Marsters,Deborah.Marsters
Dharmalingam,Dhanaraja,22737837,Dhanaraja.Dharmalingam,Dhanaraja.Dharmalingam
Pye,Viera,22691290,Viera.Pye,Viera.Pye
Correlje,Andrew,22725555,Andrew.Correlje,Andrew.Correlje
Iannacone,Linda,22692134,Linda.Iannacone,Linda.Iannacone
Cunha,Jennifer,22741894,Jennifer.Cunha,Jennifer.Cunha
Yu,Peggy,22695531,Peggy.Yu,Peggy.Yu
Wicks,Megan,22687759,Megan.Wicks,Megan.Wicks
Robinson,Forrest,22725775,Forrest.Robinson,Forrest.Robinson
Edwards,Elise,22693082,Elise.Edwards,Elise.Edwards
Grant,Benjamin,22718606,Benjamin.Grant,Benjamin.Grant
Stoitsis,Gregory,22744460,Gregory.Stoitsis,Gregory.Stoitsis
Thomas,Anand,22695559,Anand.Thomas,Anand.Thomas
Acebes,Oliver,22732028,Oliver.Acebes,Oliver.Acebes
Truong,Thao,22745396,Thao.Truong,Thao.Truong
Kateli,Aspi,22695098,Aspi.Kateli,Aspi.Kateli
Jones,Luke,22693935,Luke.Jones,Luke.Jones
Black,Gregory,22743624,Gregory.Black,Gregory.Black
McIntyre,Douglas,22745361,Douglas.McIntyre,Douglas.McIntyre
Orton,Leigh,22695589,Leigh.Orton,Leigh.Orton
Perich,Jayne,22738631,Jayne.Perich,Jayne.Perich
Ford,Kelly,22692127,Kelly.Ford1,Kelly.Ford1
Wetzler,David,22695141,David.Wetzler,David.Wetzler
Buntoro,Vivi,22695115,Vivi.Buntoro,Vivi.Buntoro
Alamaras,Anastasia,22767090,Anastasia.Alamaras,Anastasia.Alamaras
Bowes-Jensen,Peta,28000412,Peta.BowesJensen,Peta.BowesJensen
Davis,Kate,22741710,Kate.Davis,Kate.Davis
Scott,Lucy,22692325,Lucy.Scott,Lucy.Scott
Goldsmith,Vanessa,22696247,Vanessa.Goldsmith,Vanessa.Goldsmith
Khov,Paul,22695379,Paul.Khov,Paul.Khov
D'Errico,Carmine,22696248,Carmine.DErrico,Carmine.DErrico
Stanley,Mark,22694086,Mark.Stanley,Mark.Stanley
Cocheril,Marie,28000775,Marie.Cocheril,Marie.Cocheril
Gorman,Carol,22696161,Carol.Gorman,Carol.Gorman
Bullion,Tracy,28076570,Tracy.Bullion,Tracy.Bullion
Santoso,Ali,22696298,Ali.Santoso,Ali.Santoso
Lee,Michelle,22743235,Michelle.Lee,Michelle.Lee
Hackett,David,22697326,David.Hackett,David.Hackett
Shaw,Nicola,22695330,Nicola.Shaw,Nicola.Shaw
Oberg,Gary,22696341,Gary.Oberg,Gary.Oberg
Wilcox,Melita,28071725,Melita.Wilcox,Melita.Wilcox
Stojcevska,Suzana,22696306,Suzana.Stojcevska,Suzana.Stojcevska
Denmeade,Michael,28078153,Michael.Denmeade,Michael.Denmeade
Cannuli,Robert,22745030,Robert.Cannuli,Robert.Cannuli
Fadel,Nicholas,22700854,Nicholas.Fadel,Nicholas.Fadel
Deslongrais,Henri,22702244,Henri.Deslongrais,Henri.Deslongrais
Gray,Braden,22702393,Braden.Gray,Braden.Gray
Kyle,Gemma,22707075,Gemma.Kyle,Gemma.Kyle
Ward,Sasha,28103116,Sasha.Ward,Sasha.Ward
Dickson,Rebecca,28000420,Rebecca.Dickson,Rebecca.Dickson
Grima,Andrew,22707126,Andrew.Grima,Andrew.Grima
Evans,Tim,22711449,Tim.Evans,Tim.Evans
Taranto,Christine,22697918,Christine.Taranto,Christine.Taranto
Burwood,Louise,22702854,Louise.Burwood,Louise.Burwood
Codreanu,Silviu,28103058,Silviu.Codreanu,Silviu.Codreanu
Jacombs,Philippa,28078886,Philippa.Jacombs,Philippa.Jacombs
Gibbons,Tara,22680900,Tara.Gibbons,Tara.Gibbons
Crockett,Ally,22699713,Ally.Crockett,Ally.Crockett
Ashe,Katherine,28103243,Katherine.Ashe,Katherine.Ashe
Williams,Megan,22705533,Megan.Williams,Megan.Williams
Logan,Craig,22713988,Craig.Logan,Craig.Logan
Cleve,Terry,22713449,Terry.Cleve,Terry.Cleve
Geor,Sam,22692302,Sam.Geor,Sam.Geor
Stuart,Christopher,28102015,Christopher.Stuart,Christopher.Stuart
Staude,Rebecca,20761255,Rebecca.Staude,Rebecca.Staude
Teh,Miranda,22715796,Miranda.Teh,Miranda.Teh
Woon,Wendy,22700437,Wendy.Woon,Wendy.Woon
Lack,Stephanie,22707810,Stephanie.Lack,Stephanie.Lack
Jayaraman,Ravivarma,22715929,Ravivarma.Jayaraman,Ravivarma.Jayaraman
Bridges,Michael,22649369,Michael.Bridges,Michael.Bridges
Sciberras,Brendan,22651518,Brendan.Sciberras,Brendan.Sciberras
Labrooy,Joanna,28104169,Joanna.Labrooy,Joanna.Labrooy
Xuereb,Natalie,22722019,Natalie.Xuereb,Natalie.Xuereb
Perera,Sudheera,22722375,Sudheera.Perera,Sudheera.Perera
Chan,Eric,22703221,Eric.Chan,Eric.Chan
Rielly,Kelly,22655867,Kelly.Rielly,Kelly.Rielly
Cressy,Faryn,22747018,Faryn.Cressy,Faryn.Cressy
Radovic,Snezana,22727934,Snezana.Radovic,Snezana.Radovic
Howitt,Edward,22713120,Edward.Howitt,Edward.Howitt
Canbolat,Nurcan,22656284,Nurcan.Canbolat,Nurcan.Canbolat
Wilson,Louise,22726674,Louise.Wilson,Louise.Wilson
Cheung,Fiona,21291789,Fiona.Cheung,Fiona.Cheung
Kong,Sarah,22659960,Sarah.Kong,Sarah.Kong
Khuu,Anthony,22705957,Anthony.Khuu,Anthony.Khuu
Thomas,Laura,22714810,Laura.Thomas,Laura.Thomas
Desai,Shachi,22734657,Shachi.Desai,Shachi.Desai
Thirlwall,Averil,22728371,Averil.Thirlwall,Averil.Thirlwall
Millis,Kylee,22747201,Kylee.Millis,Kylee.Millis
Malliaros,Sotirios,22657219,Sotirios.Malliaros,22657219
Ly,Rowena,22708381,Rowena.Ly,Rowena.Ly
Costelloe,Yutang,22734766,Yutang.Costelloe,22734766
Lipnicki,Lukasz,22715809,Lukasz.Lipnicki,Lukasz.Lipnicki
Hunt,Nicole,22747831,Nicole.Hunt,Nicole.Hunt
Tran,Robert,22708666,Robert.Tran,Robert.Tran
Eckhardt,James,22730850,James.Eckhardt,James.Eckhardt
Muccio,Marie,22673931,Marie.Muccio,Marie.Muccio
Wade,Lara,22720161,Lara.Wade,Lara.Wade
Smith,Suzanne,22681459,Suzanne.Smith,Suzanne.Smith
Huynh,Lu Kha Ai,22711477,LuKhaAi.Huynh,LuKhaAi.Huynh
Smith,Melanie,22731719,Melanie.Smith,Melanie.Smith
Kaldas,Caroline,22727625,Caroline.Kaldas,Caroline.Kaldas
De Mercurio,Adam,22750139,Adam.DeMercurio,22750139
Pratt,Samantha,22684329,Samantha.Pratt,Samantha.Pratt
Madsen,Martin,22680147,Martin.Madsen,Martin.Madsen
Pulepule,John,22664507,John.Pulepule,John.Pulepule
Kenny,Shane,22714860,Shane.Kenny,Shane.Kenny
Lethbridge,Nick,22732148,Nick.Lethbridge,Nick.Lethbridge
Humphreys,Catherine,22685185,Catherine.Humphreys,Catherine.Humphreys
Thomson,Nico,22721204,Nico.Thomson,Nico.Thomson
Muldoon,Katie,22727882,Katie.Muldoon,Katie.Muldoon
Robinson,Phillip,22692389,Phillip.Robinson,Phillip.Robinson
Wycherley,Scott,22668455,Scott.Wycherley,Scott.Wycherley
Maloney,Corinda,22733126,Corinda.Maloney,Corinda.Maloney
Blanche,Stephen,22733720,Stephen.Blanche,Stephen.Blanche
Pike,Peter,22692650,Peter.Pike,Peter.Pike
Morgan,Thomas,22696280,Thomas.Morgan,Thomas.Morgan
Korman,Sarah,22677490,Sarah.Korman,Sarah.Korman
Kaul,Shailesh,22736988,Shailesh.Kaul,Shailesh.Kaul
Forrest,Mark,22727258,Mark.Forrest,Mark.Forrest
Farakos,Harry,22696149,Harry.Farakos,Harry.Farakos
Mathias,Aaron,22677523,Aaron.Mathias,Aaron.Mathias
Davies,Tara,22698072,Tara.Davies,Tara.Davies
Kelly,Barbara,22728608,Barbara.Kelly,Barbara.Kelly
Righetti,John,22701165,John.Righetti,John.Righetti
Drago,Josephine,22694647,Josephine.Drago,Josephine.Drago
Bilal,Asma,22730613,Asma.Bilal,Asma.Bilal
Kurru,Bhavani,22730171,Bhavani.Kurru,Bhavani.Kurru
Chai,Amy,22701585,Amy.Chai,Amy.Chai
Kachorroski,Andrea,22695137,Andrea.Kachorroski,Andrea.Kachorroski
Teh,Emily,22738512,Emily.Teh,Emily.Teh
Calvani,Marco,22702983,Marco.Calvani,Marco.Calvani
Catanese,Joseph,22713923,Joseph.Catanese,Joseph.Catanese
Farr,Allison,22743306,Allison.Farr,Allison.Farr
Olivia,Peter,22696189,Peter.Olivia,Peter.Olivia
Chong,Amanda,22740980,Amanda.Chong,Amanda.Chong
Moyes,Trina,22747274,Trina.Moyes,Trina.Moyes
Mattiske,Ashlyn,22744394,Ashlyn.Mattiske,Ashlyn.Mattiske
Al-Barchini,Patrick,22713178,Patrick.AlBarchini,Patrick.AlBarchini
Hatch,Angela,22742843,Angela.Hatch,Angela.Hatch
Rigas,Voula,22713442,Voula.Rigas,Voula.Rigas
Reid,Lauren,22714164,Lauren.Reid,Lauren.Reid
Leong,Yen-Yen,22744395,YenYen.Leong,YenYen.Leong
Vuong,Caroline,22714621,Caroline.Vuong,Caroline.Vuong
Johnson,Jason,22744245,Jason.Johnson,Jason.Johnson
Bahuguna,Shubhangini,22715348,Shubhangini.Bahuguna,Shubhangini.Bahuguna
Oh,Won,22744539,Won.Oh,Won.Oh
Shearer,Sequoia,22716170,Sequoia.Shearer,Sequoia.Shearer
Le,David,22745398,David.Le,David.Le
Ika,Kalolaine,22749931,Kalolaine.Ika,Kalolaine.Ika
Hazell,Georgina,22732830,Georgina.Hazell,Georgina.Hazell
Haase,Stacey,22714681,Stacey.Haase,Stacey.Haase
Andruczyk,James,22717979,James.Andruczyk,James.Andruczyk
Drury,Katherine,22721099,Katherine.Drury,Katherine.Drury
Keady,Matthew,22719704,Matthew.Keady,Matthew.Keady
Tu,Shimene,22751545,Shimene.Tu,Shimene.Tu
Lusinta,Kristania,22719392,Kristania.Lusinta,Kristania.Lusinta
Wallis,Paul,22722813,Paul.Wallis,Paul.Wallis
Tran,Taryn,22734947,Taryn.Tran,Taryn.Tran
Kosasih,Hendri,22750187,Hendri.Kosasih,Hendri.Kosasih
Sutherland,Thomas,22730836,Thomas.Sutherland,22730836
Clarke,Chris,22731747,Chris.Clarke,Chris.Clarke
Chen,Jianting,22740754,Jianting.Chen,Jianting.Chen
Evans,Nicholas,22728469,Nicholas.Evans,Nicholas.Evans
Brown,Gregory,22739420,Gregory.Brown,Gregory.Brown
Chandra,Jasmina,22728923,Jasmina.Chandra,Jasmina.Chandra
Jansen Van Rensburg,Liesje,22753159,Liesje.JansenVanRensburg,Liesje.JansenVanRensburg
Ewert,Robbi,22745976,Robbi.Ewert,Robbi.Ewert
Fedele,Daniela,22735291,Daniela.Fedele,Daniela.Fedele
Samadi,Masood,22760362,Masood.Samadi,Masood.Samadi
Stubberfield,Beth,22740978,Beth.Stubberfield,Beth.Stubberfield
Woolfrey,Christopher,22755102,Christopher.Woolfrey,Christopher.Woolfrey
Chan,Jeffrey,22741267,Jeffrey.Chan,Jeffrey.Chan
Babbar,Kanika,22736759,Kanika.Babbar,Kanika.Babbar
Pham,Duyen,22760488,Duyen.Pham,Duyen.Pham
Meredith,Suzanne,22734695,Suzanne.Meredith,Suzanne.Meredith
Cavallaro,Anne-Marie,22738779,AnneMarie.Cavallaro,AnneMarie.Cavallaro
Sumanasuriya,Sarindi,22752607,Sarindi.Sumanasuriya,Sarindi.Sumanasuriya
Levanes,Katherine,22741700,Katherine.Levanes,Katherine.Levanes
Nguyen,Vinh,22734979,Vinh.Nguyen,Vinh.Nguyen
Rosengren,Stephen,22752756,Stephen.Rosengren,Stephen.Rosengren
James,Sarah,22653080,Sarah.James,Sarah.James
Durand Deslongrais,Adrien,22767432,Adrien.DurandDeslongrais,Adrien.DurandDeslongrais
Hawkins,Toby,22741059,Toby.Hawkins,Toby.Hawkins
Verma,Mukul,22739564,Mukul.Verma,Mukul.Verma
Brown,Adam,22756201,Adam.Brown,22756201
Lim,Akin,28078830,Akin.Lim,Akin.Lim
Mallett,Addam,22735289,Addam.Mallett,Addam.Mallett
Rodrigo,Niluki,22667348,Niluki.Rodrigo,Niluki.Rodrigo
Kahika,Taynah,22757941,Taynah.Kahika,Taynah.Kahika
Rivera,Adoracion,22751341,Adoracion.Rivera,Adoracion.Rivera
Aguilar,Maria,22743979,Maria.Aguilar,Maria.Aguilar
Mudasia,Timothy,22738705,Timothy.Mudasia,Timothy.Mudasia
Doherty,Samuel,22670419,Samuel.Doherty,Samuel.Doherty
McGuane,Darren,22649086,Darren.McGuane,Darren.McGuane
Potter,Sean,22758430,Sean.Potter,Sean.Potter
Thompson,David,22739035,David.Thompson,David.Thompson
Gillam,Peter,22759001,Peter.Gillam,Peter.Gillam
McIntyre,Deakyn,22745893,Deakyn.McIntyre,Deakyn.McIntyre
Holland,Brooke,22751727,Brooke.Holland,Brooke.Holland
Stamatopoulos,Mary,22744002,Mary.Stamatopoulos,Mary.Stamatopoulos
Wang,Junyi,22670742,Junyi.Wang,Junyi.Wang
Maxwell,Natasha,22759464,Natasha.Maxwell,Natasha.Maxwell
Sau,Siev,22697271,Siev.Sau,Siev.Sau
Marshall,Lauren,22748858,Lauren.Marshall,Lauren.Marshall
Vecchiet,Andreas,22757570,Andreas.Vecchiet,Andreas.Vecchiet
Bay,Martin,22725478,Martin.Bay,Martin.Bay
Ngo,Si Nhon,22748448,SiNhon.Ngo,SiNhon.Ngo
Kirk,Kristen,22678682,Kristen.Kirk,Kristen.Kirk
Batkov,Anthony,22757733,Anthony.Batkov,Anthony.Batkov
Jeffrey,Helen,22762219,Helen.Jeffrey,Helen.Jeffrey
Joyner,Elisabeth,22750648,Elisabeth.Joyner,Elisabeth.Joyner
Farey,Emma,22755049,Emma.Farey,Emma.Farey
Letheby,Ashlyn,22678910,Ashlyn.Letheby,Ashlyn.Letheby
Phan,Kar Yea,22752593,KarYea.Phan,KarYea.Phan
Choudhury,Tasmeea,22753551,Tasmeea.Choudhury,Tasmeea.Choudhury
Arvind,Vinay,22755454,Vinay.Arvind,Vinay.Arvind
Arthur,Robina,22758620,Robina.Arthur,Robina.Arthur
Shugg,Jalen,22753585,Jalen.Shugg,Jalen.Shugg
Wilcox,Emily,22756110,Emily.Wilcox,Emily.Wilcox
Chin,Soong,22694028,Soong.Chin,Soong.Chin
Toms,Desly,22759002,Desly.Toms,Desly.Toms
Valentine,Katie,22759822,Katie.Valentine,Katie.Valentine
Bilal,Layal,22696179,Layal.Bilal,Layal.Bilal
Jayawardena,Kevin,22756042,Kevin.Jayawardena,Kevin.Jayawardena
Hindle,Natacha,22756215,Natacha.Hindle,Natacha.Hindle
Backman,Matthew,22759110,Matthew.Backman,Matthew.Backman
Lawes,Alana,22766402,Alana.Lawes,Alana.Lawes
Liu,Ya Jun,22756447,YaJun.Liu,YaJun.Liu
Reyes,Michelle,22696262,Michelle.Reyes,Michelle.Reyes
Kennedy,Georgia,22757930,Georgia.Kennedy,Georgia.Kennedy
McDowell,Christopher,22761793,Christopher.McDowell,Christopher.McDowell
Mieog,Sue,22763241,Sue.Mieog,Sue.Mieog
Mutton,Pauline,22696296,Pauline.Mutton,Pauline.Mutton
Johnson,Gareth,22758261,Gareth.Johnson,Gareth.Johnson
Hudson,Jon,22699456,Jon.Hudson,Jon.Hudson
Bradley,Michelle,22760047,Michelle.Bradley,Michelle.Bradley
Muir,Michael,28000729,Michael.Muir,Michael.Muir
Perri,Helen,22706195,Helen.Perri,Helen.Perri
Agar,Joshua,22749759,Joshua.Agar,Joshua.Agar
Easdon,Bridget,22760878,Bridget.Easdon,Bridget.Easdon
Sadowski,Antoni,22760503,Antoni.Sadowski,Antoni.Sadowski
O'Sullivan,Ella,22758216,Ella.OSullivan,Ella.OSullivan
Rapsey,Kate,22750171,Kate.Rapsey,Kate.Rapsey
Gevergis,Marlene,28078873,Marlene.Gevergis,Marlene.Gevergis
Pottier,Cynthia,22761563,Cynthia.Pottier,Cynthia.Pottier
Kaipuke,Paris,22764158,Paris.Kaipuke,Paris.Kaipuke
Chiyangwa,Enock,22751987,Enock.Chiyangwa,Enock.Chiyangwa
Morrissey,Tarryn,22758307,Tarryn.Morrissey,Tarryn.Morrissey
Koliatsos,Maria,22748438,Maria.Koliatsos,Maria.Koliatsos
Levitin,Gail,22721674,Gail.Levitin,Gail.Levitin
Blake,George,22762149,George.Blake,George.Blake
Qin,Tian,22753488,Tian.Qin,Tian.Qin
Gardiner,Nicholas,22748542,Nicholas.Gardiner,Nicholas.Gardiner
Faidy,Nick,22748514,Nick.Faidy,Nick.Faidy
Birkensleigh,Sandra,22759355,Sandra.Birkensleigh,Sandra.Birkensleigh
Tam,Yick,22675341,Yick.Tam,Yick.Tam
Padmasekaran,Sivashankar,22753650,Sivashankar.Padmasekaran,Sivashankar.Padmasekaran
Fujita,Yoichi,22751943,Yoichi.Fujita,Yoichi.Fujita
Gomez,Niccolo,22762771,Niccolo.Gomez,Niccolo.Gomez
Stratsianis,Arthur,22748799,Arthur.Stratsianis,Arthur.Stratsianis
Huynh,Diep,28000611,Diep.Huynh,Diep.Huynh
Alexandroff,Paul-Henri,22753680,Paul.Alexandroff,Paul.Alexandroff
Thankamoni,Jasmine,22747910,Jasmine.Thankamoni,Jasmine.Thankamoni
Rowling,Maddison,22754255,Maddison.Rowling,Maddison.Rowling
Santero,Maria,20908619,Maria.Santero,Maria.Santero
Le,My Lien,22753581,MyLien.Le,MyLien.Le
Muller,Natalia,22763952,Natalia.Muller,Natalia.Muller
Okamoto,Shinichi,22754407,Shinichi.Okamoto,Shinichi.Okamoto
Cheng,Raymond,22737628,Raymond.Cheng,Raymond.Cheng
Bruce,Tyler,22754256,Tyler.Bruce,Tyler.Bruce
Shastri,Bala,22661668,Bala.Shastri,Bala.Shastri
Sleeman,Tessa,22754822,Tessa.Sleeman,Tessa.Sleeman
Tran,Adora Ly,22748477,AdoraLy.Tran,AdoraLy.Tran
Newton,Matthew,22754683,Matthew.Newton,Matthew.Newton
Katta,Naveen,22764224,Naveen.Katta,Naveen.Katta
Ishigami,Erika,22756152,Erika.Ishigami,Erika.Ishigami
Lewis,Kelsey,22756041,Kelsey.Lewis,Kelsey.Lewis
Bombaci,James,22755868,James.Bombaci,James.Bombaci
Iradukunda,Orthension,22752528,Orthension.Iradukunda,Orthension.Iradukunda
Brincat,Melanie,22664347,Melanie.Brincat,Melanie.Brincat
Cheong,Mack,22755205,Mack.Cheong,Mack.Cheong
Lui,Amanda,22761206,Amanda.Lui,Amanda.Lui
Liu,Yuxin,22756960,Yuxin.Liu,Yuxin.Liu
Neill,Debra,22753268,Debra.Neill,Debra.Neill
Tran,Linh-Nam,22756750,LinhNam.Tran,LinhNam.Tran
Watts,Clare,22672375,Clare.Watts,Clare.Watts
Lovich,Lisa,22756115,Lisa.Lovich,Lisa.Lovich
Al-Nakat,Simon,22761392,Simon.AlNakat,Simon.AlNakat
O'Shea,Connor,22757551,Connor.OShea,Connor.OShea
Little,Marina,22756218,Marina.Little,Marina.Little
Giles,Stefanie,22756751,Stefanie.Giles,Stefanie.Giles
Copeman,Jerome,22757011,Jerome.Copeman,Jerome.Copeman
Kinanthi,Arvina,22757737,Arvina.Kinanthi,Arvina.Kinanthi
Ajibola,Tobi,22756982,Tobi.Ajibola,Tobi.Ajibola
Liu,Dianna,22755404,Dianna.Liu,Dianna.Liu
Lu,Qian,22752988,Qian.Lu,Qian.Lu
Hashizume,Shinsuke,22756382,Shinsuke.Hashizume,Shinsuke.Hashizume
Lee,Alex,22757736,Alex.Lee,Alex.Lee
Curry,Rebecca,22759454,Rebecca.Curry,Rebecca.Curry
Hii,Jack,22758026,Jack.Hii,Jack.Hii
Turkoglu,Halime,22753550,Halime.Turkoglu,Halime.Turkoglu
Connolly,Tomoko,22758239,Tomoko.Connolly,Tomoko.Connolly
Vonthethoff,Daniel,22761829,Daniel.Vonthethoff,Daniel.Vonthethoff
Cushan,Roy,22758559,Roy.Cushan,Roy.Cushan
Nguyen,Duc,22762603,Duc.Nguyen,Duc.Nguyen
Kanagalingam,Saravanan,22753610,Saravanan.Kanagalingam,Saravanan.Kanagalingam
Halil,Hassan,22757540,Hassan.Halil,Hassan.Halil
Dominish,Gregory,22762779,Gregory.Dominish,Gregory.Dominish
Sapieja,Evelyne,22760247,Evelyne.Sapieja,Evelyne.Sapieja
Litchfield,Stephanie,22757938,Stephanie.Litchfield,Stephanie.Litchfield
Liind,Kiia,22754120,Kiia.Liind,Kiia.Liind
Woodward,Sean,22760915,Sean.Woodward,Sean.Woodward
Lioe,Jacqueline,22765629,Jacqueline.Lioe,Jacqueline.Lioe
Fisher,Alexandra,22763325,Alexandra.Fisher,Alexandra.Fisher
Prince,Steve,22762012,Steve.Prince,Steve.Prince
Hoich,Carissa,22761626,Carissa.Hoich,Carissa.Hoich
Stedman,Simon,22761865,Simon.Stedman,Simon.Stedman
Quach,Richard,22762154,Richard.Quach,Richard.Quach
Dhillon,Veerpal,22757942,Veerpal.Dhillon,Veerpal.Dhillon
Guittiere,Juliette,22762508,Juliette.Guittiere,Juliette.Guittiere
Low,Wai Kit,22766360,WaiKit.Low,WaiKit.Low
Kripintiris,Emily,22753713,Emily.Kripintiris,Emily.Kripintiris
Macartney,Blake,22756217,Blake.Macartney,Blake.Macartney
Dickson,Sarah,22761948,Sarah.Dickson,Sarah.Dickson
McKean,Michael,22757951,Michael.McKean,Michael.McKean
Cheng,Leny,22762728,Leny.Cheng,Leny.Cheng
Garland,Meg,22751325,Meg.Garland,Meg.Garland
Zhang,Bruce,22755490,Bruce.Zhang,Bruce.Zhang
Holessis,Georgina,22762120,Georgina.Holessis,Georgina.Holessis
Howells,Jamie,22758618,Jamie.Howells,Jamie.Howells
Menzies,James,22757255,James.Menzies,James.Menzies
Beck,Nicholas,22753586,Nicholas.Beck,Nicholas.Beck
Poondla,Adarsh,22762511,Adarsh.Poondla,Adarsh.Poondla
Taylor,Jessica,22759580,Jessica.Taylor,Jessica.Taylor
Sahai,Pallavi,22758924,Pallavi.Sahai,Pallavi.Sahai
Sinha,Sharoon,22757990,Sharoon.Sinha,Sharoon.Sinha
Fitzgerald,Judith,22755906,Judith.Fitzgerald,Judith.Fitzgerald
Lim,Jessica,22764258,Jessica.Lim,Jessica.Lim
Chhim,Linda,22760568,Linda.Chhim,Linda.Chhim
Grey,Peter,22759356,Peter.Grey,Peter.Grey
Cochrane,Adrienne,22758306,Adrienne.Cochrane,Adrienne.Cochrane
Maiolo,Cosimo,22688708,Cosimo.Maiolo,Cosimo.Maiolo
Hoggan,Graham,22764233,Graham.Hoggan,Graham.Hoggan
Khadilkar,Sidharth,22766691,Sidharth.Khadilkar,Sidharth.Khadilkar
Steinmetz,Erin,22761522,Erin.Steinmetz,Erin.Steinmetz
Hughes,Rodney,28000832,Rodney.Hughes,Rodney.Hughes
Deo,Pusp,28000399,Pusp.Deo,Pusp.Deo
Griffiths,Kaleb,22761559,Kaleb.Griffiths,Kaleb.Griffiths
Connors,James,22760377,James.Connors,James.Connors
Wilson,Tracy,22689142,Tracy.Wilson,Tracy.Wilson
Stafford,Michelle,28076481,Michelle.Stafford,Michelle.Stafford
Thomas,Simon,22766132,Simon.Thomas,Simon.Thomas
Murphy,Dean,22695150,Dean.Murphy,Dean.Murphy
Yeo,Amy,28075070,Amy.Yeo,Amy.Yeo
Punzalan,Andrea,28078190,Andrea.Punzalan,Andrea.Punzalan
Mukherjee,Soumyajit,22762510,Soumyajit.Mukherjee,Soumyajit.Mukherjee
Toussaint,Bernard,28079058,Bernard.Toussaint,Bernard.Toussaint
Popova,Lioubov,22696201,Lioubov.Popova,Lioubov.Popova
Knox,Christopher,28102756,Christopher.Knox,Christopher.Knox
Jongebloed,Jamie,22763323,Jamie.Jongebloed,Jamie.Jongebloed
Kruger,Leah,22763520,Leah.Kruger,Leah.Kruger
Disbray,Erin,28102395,Erin.Disbray,Erin.Disbray
Wu,Jun,22762503,Jun.Wu,Jun.Wu
Pati,Vasudha,22763949,Vasudha.Pati,Vasudha.Pati
Harach,Walid,28102795,Walid.Harach,Walid.Harach
MacDonald,Peter,22763075,Peter.MacDonald,Peter.MacDonald
Jones,Grant,28102874,Grant.Jones,Grant.Jones
Milliss,Heidi,28103456,Heidi.Milliss,Heidi.Milliss
Erasmus,Daniel,28104065,Daniel.Erasmus,Daniel.Erasmus
Foenander,Olga,22761695,Olga.Foenander,Olga.Foenander
Taylor,Jarred,28103601,Jarred.Taylor,Jarred.Taylor
Nunez,Esteban,22764222,Esteban.Nunez,Esteban.Nunez
Slonim,Joshua,22649085,Joshua.Slonim,Joshua.Slonim
Taylor,Robyn,22761769,Robyn.Taylor,Robyn.Taylor
Kadambi,Vasanth,28000434,Vasanth.Kadambi,Vasanth.Kadambi
Spizick,Gretel,28104264,Gretel.Spizick,Gretel.Spizick
Star,Rebecca,28103862,Rebecca.Star,Rebecca.Star
Glover,Nicolle,22761881,Nicolle.Glover,Nicolle.Glover
Lugsdin,David,28103442,David.Lugsdin,David.Lugsdin
Lynch,Glenda,28000438,Glenda.Lynch,Glenda.Lynch
Habel,Tim,28104316,Tim.Habel,Tim.Habel
Poriazis,Helen,20884441,Helen.Poriazis,Helen.Poriazis
Amador,Robert,22675767,Robert.Amador,Robert.Amador
Nichols,Julie,28000443,Julie.Nichols,Julie.Nichols
Meighan,Mona,21406889,Mona.Meighan,Mona.Meighan
Kieran,Nicholas,22653229,Nicholas.Kieran,Nicholas.Kieran
Satterly,Eleanor,22648946,Eleanor.Satterly,Eleanor.Satterly
Taylor,Lindy,22694052,Lindy.Taylor,Lindy.Taylor
Hee,Jerry,22699305,Jerry.Hee,Jerry.Hee
Lancelot,Cheryl,28000632,Cheryl.Lancelot,Cheryl.Lancelot
Freeman,Rebecca,22678126,Rebecca.Freeman,Rebecca.Freeman
Lowth,Matthew,22663677,Matthew.Lowth,Matthew.Lowth
Santos,Judite,28087321,Judite.Santos,Judite.Santos
Otares,Catherine,22694881,Catherine.Otares,Catherine.Otares
Milne,Brad,22648573,Brad.Milne,Brad.Milne
Peh,Melissa,22761104,Melissa.Peh,Melissa.Peh
Wong,San,28000675,San.Wong,San.Wong
Gray,Debra,22673844,Debra.Gray,Debra.Gray
Waterson,Karen,22679099,Karen.Waterson,Karen.Waterson
Doyle,David,22695383,David.Doyle,David.Doyle
Spriggs,Michael,22654293,Michael.Spriggs,Michael.Spriggs
Alamaras,Helen,28000740,Helen.Alamaras,Helen.Alamaras
Robinson,Kimberley,22681034,Kimberley.Robinson,Kimberley.Robinson
McCormack,Sean,28101043,Sean.McCormack,Sean.McCormack
Lang,Belkez,22762150,Belkez.Lang,Belkez.Lang
Rowe,Amanda,22696155,Amanda.Rowe,Amanda.Rowe
Page,Colleen,22688534,Colleen.Page,Colleen.Page
McVee,Anna,22672143,Anna.McVee,Anna.McVee
Delisio,Deanna,21123532,Deanna.Delisio,Deanna.Delisio
McLachlan,Shane,22696235,Shane.McLachlan,Shane.McLachlan
D'Ambrosio,Jessica,22692117,Jessica.DAmbrosio,Jessica.DAmbrosio
Kalra,Snezana,28000359,Snezana.Kalra,Snezana.Kalra
Seitaridis,Patricia,22764221,Patricia.Seitaridis,Patricia.Seitaridis
Keung,Matthew,21385101,Matthew.Keung,Matthew.Keung
Luo,Meifen,28085629,Meifen.Luo,Meifen.Luo
Hannah,Russell,22692353,Russell.Hannah,Russell.Hannah
Aucaruri,Evelyn,22696830,Evelyn.Aucaruri,Evelyn.Aucaruri
Paul,Priyunko,22762504,Priyunko.Paul,Priyunko.Paul
Johnson,Tyler,22674411,Tyler.Johnson,Tyler.Johnson
Frazer,Jodie,28075791,Jodie.Frazer,Jodie.Frazer
Perenise,Miranda,28106908,Miranda.Perenise,Miranda.Perenise
Howard,Byron,22695100,Byron.Howard,Byron.Howard
Harris,Erika,22765006,Erika.Harris,Erika.Harris
Buchanan,Fred,22699245,Fred.Buchanan,Fred.Buchanan
Skoro,Bojana,22696226,Bojana.Skoro,Bojana.Skoro
Tichy,Christopher,22681255,Christopher.Tichy,Christopher.Tichy
Leal,Matthew,22652717,Matthew.Leal,Matthew.Leal
Eggleston,Robert,28077542,Robert.Eggleston,Robert.Eggleston
Nguyen,Cyprien,22699774,Cyprien.Nguyen,Cyprien.Nguyen
Griffiths,David,28075030,David.Griffiths,David.Griffiths
Vanderputt,Warren,28000455,Warren.Vanderputt,Warren.Vanderputt
Sanford,Kathryn,22683190,Kathryn.Sanford,Kathryn.Sanford
Ho,Nelson,22705951,Nelson.Ho,Nelson.Ho
Cray,Melissa,28000519,Melissa.Cray,Melissa.Cray
McGowen,Victoria,28104447,Victoria.McGowen,Victoria.McGowen
Nguyen,Kim-Ann,22709061,KimAnn.Nguyen,KimAnn.Nguyen
Ranellone,Nunziata,28000395,Nunziata.Ranellone,Nunziata.Ranellone
Short,Diane,28000612,Diane.Short,Diane.Short
Patel,Priyanka,22709110,Priyanka.Patel,Priyanka.Patel
Lovrek,Leah-Jean,28104652,LeahJean.Lovrek,LeahJean.Lovrek
Chaitanya,Chintaginjala,22712762,Chintaginjala.Chaitanya,Chintaginjala.Chaitanya
Vanderwert,Joel,28103813,Joel.Vanderwert,Joel.Vanderwert
Razon,Beverly-Luna,28103350,BeverlyLuna.Razon,BeverlyLuna.Razon
Clancy,Kay,22764936,Kay.Clancy,Kay.Clancy
Hosanee,Fiona,28000468,Fiona.Hosanee,Fiona.Hosanee
Platcher,Amber,22709144,Amber.Platcher,Amber.Platcher
Welsh,Kara,22652120,Kara.Welsh,Kara.Welsh
McCulloch,Stuart,22689292,Stuart.McCulloch,Stuart.McCulloch
Mason,Helen,28000709,Helen.Mason,Helen.Mason
Herbias,Bryan,22656318,Bryan.Herbias,Bryan.Herbias
Sy-Cardente,Bernadette,28102489,Bernadette.SyCardente,Bernadette.SyCardente
Ries,Christopher,22692146,Christopher.Ries,Christopher.Ries
Cusmano,Josephine,22713429,Josephine.Cusmano,Josephine.Cusmano
Slen,Annie,22766556,Annie.Slen,Annie.Slen
Monteiro,Aurie,28000755,Aurie.Monteiro,Aurie.Monteiro
Carlson,Shannon,22767171,Shannon.Carlson,Shannon.Carlson
Hill,Bradley,22692544,Bradley.Hill,Bradley.Hill
Nguyen,Thanh,22656695,Thanh.Nguyen,22656695
Richardson,Tracey,28106905,Tracey.Richardson,Tracey.Richardson
Younes,Maher,22709579,Maher.Younes,Maher.Younes
Sinopoli,Lisa,28000745,Lisa.Sinopoli,Lisa.Sinopoli
Scafidi,Robert,22695121,Robert.Scafidi,Robert.Scafidi
Muncan,Mimma,28075048,Mimma.Muncan,Mimma.Muncan
Linhart,Evelyn,28078903,Evelyn.Linhart,Evelyn.Linhart
Wood,Jo,22653567,Jo.Wood,Jo.Wood
Cassidy,Fiona,28000414,Fiona.Cassidy,Fiona.Cassidy
Harvey,Michelle,22662843,Michelle.Harvey,Michelle.Harvey
Warren,Rebekah,22696292,Rebekah.Warren,Rebekah.Warren
Oliver,Suzanne,22723282,Suzanne.Oliver,Suzanne.Oliver
Conway,Susan,28104174,Susan.Conway,Susan.Conway
Borg,Susan,22666997,Susan.Borg,Susan.Borg
Holmes,Deborah,28079016,Deborah.Holmes,Deborah.Holmes
Pillai,Nandini,28078091,Nandini.Pillai,Nandini.Pillai
Thomson,John,22691615,John.Thomson,John.Thomson
Foster,Andrew,22724929,Andrew.Foster,Andrew.Foster
Cerasa,Peter,22652582,Peter.Cerasa,Peter.Cerasa
Pimpinella,Angela,28102446,Angela.Pimpinella,Angela.Pimpinella
Harris,William,22754830,William.Harris,William.Harris
Jacombs,Paul,28078326,Paul.Jacombs,Paul.Jacombs
Crowley,Stephen,22702045,Stephen.Crowley,Stephen.Crowley
Mannays,Faron,22660483,Faron.Mannays,Faron.Mannays
lavery,lusiana,22684071,lusiana.lavery,lusiana.lavery
Vujadinovic,Vesna,22700055,Vesna.Vujadinovic,Vesna.Vujadinovic
Cleland,Marc,22725092,Marc.Cleland,Marc.Cleland
Bundy,Jennifer,22740815,Jennifer.Bundy,Jennifer.Bundy
Bhana,Jayesh,22755994,Jayesh.Bhana,Jayesh.Bhana
Simpson,Sharon,28103644,Sharon.Simpson,Sharon.Simpson
Shagrin,Michael,28078815,Michael.Shagrin,Michael.Shagrin
Selth,Mark,22692329,Mark.Selth,Mark.Selth
Waje,Rosana,22674678,Rosana.Waje,Rosana.Waje
Robinson,Darren,22727160,Darren.Robinson,Darren.Robinson
Young,Elizabeth,21230199,Elizabeth.Young,Elizabeth.Young
Burce,Paul,22756149,Paul.Burce,Paul.Burce
Zaidi,Gaiti,22711405,Gaiti.Zaidi,Gaiti.Zaidi
Dey,Mrinalendu,28079081,Mrinalendu.Dey,Mrinalendu.Dey
Kosadias,Gus,22683545,Gus.Kosadias,Gus.Kosadias
Thompson,Chris,22766651,Chris.Thompson,Chris.Thompson
Ellery,Jarrod,22728419,Jarrod.Ellery,Jarrod.Ellery
Hays,Leigh,22653046,Leigh.Hays,Leigh.Hays
Coleman,Robert,28102472,Robert.Coleman,Robert.Coleman
Gleyberman,Arthur,22713960,Arthur.Gleyberman,Arthur.Gleyberman
Gilopidis,Vasiliki,22696312,Vasiliki.Gilopidis,Vasiliki.Gilopidis
Sathianathen,Shervonne,28000665,Shervonne.Sathianathen,Shervonne.Sathianathen
Wong,Andy Kai Sing,22733256,AndyKaiSing.Wong,AndyKaiSing.Wong
Baldacchino,Lisa,22657514,Lisa.Baldacchino,Lisa.Baldacchino
Antony,Cheryl,28000427,Cheryl.Antony,Cheryl.Antony
Kelman,Marina,22723894,Marina.Kelman,Marina.Kelman
Milne,Catherine,28075590,Catherine.Milne,Catherine.Milne
Jenkin,Nick,22709066,Nick.Jenkin,Nick.Jenkin
Burke,Martin,28104137,Martin.Burke,Martin.Burke
Au,Julie,22734987,Julie.Au,Julie.Au
Amory,Alexandra,22727880,Alexandra.Amory,Alexandra.Amory
Andaras,Evangelia,22730629,Evangelia.Andaras,Evangelia.Andaras
Curran,Kendall,28086619,Kendall.Curran,Kendall.Curran
Purvis,Adrian,22735515,Adrian.Purvis,Adrian.Purvis
Moon,Phillip,22710190,Phillip.Moon,Phillip.Moon
Anthony,Jeremy,22731014,Jeremy.Anthony,Jeremy.Anthony
Ranasinghe,Nihara,22713296,Nihara.Ranasinghe,Nihara.Ranasinghe
Hall,Stephen,28102336,Stephen.Hall,Stephen.Hall
Kitzelmann,Sarah,22764355,Sarah.Kitzelmann,Sarah.Kitzelmann
Curran,Lisa,28000418,Lisa.Curran1,Lisa.Curran1
Cassar,Joseph,22741226,Joseph.Cassar,Joseph.Cassar
Petruzzelli,Zoe,22713894,Zoe.Petruzzelli,Zoe.Petruzzelli
Ahmed,Muhammad,28104305,Muhammad.Ahmed,Muhammad.Ahmed
Condo,Joseph,22742680,Joseph.Condo,Joseph.Condo
Stanley,Tracey,28000450,Tracey.Stanley,Tracey.Stanley
Kent,Samantha,22724543,Samantha.Kent,Samantha.Kent
Meiklejohn,Russell,22749450,Russell.Meiklejohn,Russell.Meiklejohn
Garcia,Mary-Rose,28104406,MaryRose.Garcia,MaryRose.Garcia
Femia,Tony,22688765,Tony.Femia,Tony.Femia
Scala,Stephanie,22766371,Stephanie.Scala,Stephanie.Scala
Small,Adam,22743684,Adam.Small,Adam.Small
Huhta,Maria,28076883,Maria.Huhta,Maria.Huhta
Schreenan,Matthew,22694314,Matthew.Schreenan,Matthew.Schreenan
Dillon,Barry,22744580,Barry.Dillon,Barry.Dillon
McLoughlan,Brooke,21135368,Brooke.McLoughlan,Brooke.McLoughlan
Duell,Andrew,22648944,Andrew.Duell,Andrew.Duell
Shakya,Sunita,22695145,Sunita.Shakya,Sunita.Shakya
Foulds,Michele,22757094,Michele.Foulds,Michele.Foulds
Mitchell,James,22755547,James.Mitchell,James.Mitchell
Shah,Dakshita,22750137,Dakshita.Shah,Dakshita.Shah
Arnel,Adam,21314442,Adam.Arnel,Adam.Arnel
Wilden,Beverley,28078884,Beverley.Wilden,Beverley.Wilden
Boughton,Rachel,22756842,Rachel.Boughton,Rachel.Boughton
Ratti,Shilpa,22758563,Shilpa.Ratti,Shilpa.Ratti
Foote,Sam,22695384,Sam.Foote1,Sam.Foote1
McLeod,Sharon,22648968,Sharon.McLeod,Sharon.McLeod
Thaqi,Sophia,22696300,Sophia.Thaqi,Sophia.Thaqi
Miers,Renee,28000616,Renee.Miers,Renee.Miers
Williams,Kristal,22753164,Kristal.Williams,Kristal.Williams
Johnson,Alison,28079088,Alison.Johnson,Alison.Johnson
Ward,Karen,21330651,Karen.Ward,Karen.Ward
Cigdem,Dilek,22698530,Dilek.Cigdem,Dilek.Cigdem
Hoang,Thanh,22753876,Thanh.Hoang,Thanh.Hoang
Londregan,Shane,28102494,Shane.Londregan,Shane.Londregan
Probin,Paul,22658663,Paul.Probin,Paul.Probin
Salter,Kane,22765647,Kane.Salter,Kane.Salter
MacNaughton,Anne,28104629,Anne.MacNaughton,Anne.MacNaughton
Fallows,Peter,28102624,Peter.Fallows,Peter.Fallows
Martin,Simon,22660996,Simon.Martin,Simon.Martin
Peddamadula,Keshaba,22758654,Keshaba.Peddamadula,Keshaba.Peddamadula
Fragkoulis,Dionysios,22762515,Dionysios.Fragkoulis,Dionysios.Fragkoulis
Abdilla,Janice,21448607,Janice.Abdilla,Janice.Abdilla
Giannikos,John,28000429,John.Giannikos,John.Giannikos
Malone,Laura,22707402,Laura.Malone,Laura.Malone
Sydenham,Bradley,28103834,Bradley.Sydenham,Bradley.Sydenham
Son,Mi Hye,22669874,MiHye.Son,MiHye.Son
Mogridge-Khan,Lynette,22648962,Lynette.MogridgeKhan,Lynette.MogridgeKhan
Jahn,Heather,28087411,Heather.Jahn,Heather.Jahn
Goldsmith,Peta,22652384,Peta.Goldsmith,Peta.Goldsmith
Gutierrez,Myrna,28104058,Myrna.Gutierrez,Myrna.Gutierrez
Abbott-Walton,Angelique,22672010,Angelique.AbbottWalton,Angelique.AbbottWalton
Kwon,Iris,22672243,Iris.Kwon,Iris.Kwon
Valluri,Anitha,22764217,Anitha.Valluri,Anitha.Valluri
Turner,Alison,22660266,Alison.Turner,Alison.Turner
Hodges,Andrew,22761805,Andrew.Hodges,Andrew.Hodges
Dowsing,Andrew,22692349,Andrew.Dowsing,Andrew.Dowsing
Law,Andy,22672244,Andy.Law,Andy.Law
Harper,Antony,22761980,Antony.Harper,Antony.Harper
Cherian,Jolly,22692693,Jolly.Cherian,Jolly.Cherian
Edwards,Nicholas,28000497,Nicholas.Edwards,Nicholas.Edwards
Felipe,Olivia,22692121,Olivia.Felipe,Olivia.Felipe
Herden,Ruth,22762068,Ruth.Herden,Ruth.Herden
Singh,Rajneesh,22692723,Rajneesh.Singh,Rajneesh.Singh
O'Sullivan,Andrew,22692157,Andrew.OSullivan,Andrew.OSullivan
Watson,Ann-Maree,28078799,AnnMaree.Watson,AnnMaree.Watson
O'Connor,Matthew,22695439,Matthew.OConnor,Matthew.OConnor
Ristevski,Lydia,22692702,Lydia.Ristevski,Lydia.Ristevski
Lennon,Brian,28102487,Brian.Lennon,Brian.Lennon
Holmes,Barry,22694290,Barry.Holmes,Barry.Holmes
Prasad,Lynette,22725036,Lynette.Prasad,Lynette.Prasad
Potter,Sonora,28104606,Sonora.Potter,Sonora.Potter
Aidone,Gregory,22696239,Gregory.Aidone,Gregory.Aidone
Goodwin,Noel,22735517,Noel.Goodwin,Noel.Goodwin
Mansfield,Jason,22696242,Jason.Mansfield,Jason.Mansfield
Katsoulis,Eleni,22741039,Eleni.Katsoulis,Eleni.Katsoulis
Colbert,Maria,22696288,Maria.Colbert,Maria.Colbert
Learmonth,Lorraine,22696752,Lorraine.Learmonth,Lorraine.Learmonth
Alhajji,Mahdi,22751656,Mahdi.Alhajji,Mahdi.Alhajji
Magallanes,Mary,22678592,Mary.Magallanes,Mary.Magallanes
McFarlane,Peter,22754259,Peter.McFarlane,Peter.McFarlane
Mok,Katherine,22686366,Katherine.Mok,Katherine.Mok
Lagarrigue,Nicholas,22755253,Nicholas.Lagarrigue,Nicholas.Lagarrigue
Trejo,Selene,22760486,Selene.Trejo,Selene.Trejo
Griggspall,Matthew,22653268,Matthew.Griggspall,Matthew.Griggspall
Else,Joanna,22709425,Joanna.Else,Joanna.Else
Kay,Sarah,22713203,Sarah.Kay,Sarah.Kay
Rima,Alexandra,22734879,Alexandra.Rima,Alexandra.Rima
Patsouris,Jeffrey,22692609,Jeffrey.Patsouris,Jeffrey.Patsouris
Cafari,Stephanie,22735514,Stephanie.Cafari,Stephanie.Cafari
Schneider,Brendan,22725865,Brendan.Schneider,Brendan.Schneider
Ballard Maher,Tamara,22727865,Tamara.BallardMaher,Tamara.BallardMaher
Vizzini,Spiro,22745352,Spiro.Vizzini,Spiro.Vizzini
Paues,Simone,22711307,Simone.Paues,Simone.Paues
Lieberman,Christopher,22725856,Christopher.Lieberman,Christopher.Lieberman
Smith,Anthony,22746100,Anthony.Smith,Anthony.Smith
Murphy,Peter,22758260,Peter.Murphy,Peter.Murphy
Galpin,Kirsty,22755052,Kirsty.Galpin,Kirsty.Galpin
Tsuji,Chihaya,22754409,Chihaya.Tsuji,Chihaya.Tsuji
Ward,Jake,22755105,Jake.Ward,Jake.Ward
Tealby,Alan,22760183,Alan.Tealby,Alan.Tealby
Rowling,Cheryl,28075315,Cheryl.Rowling,Cheryl.Rowling
Molloy,Emily,22761807,Emily.Molloy,Emily.Molloy
Dang,Cyndi,22757431,Cyndi.Dang,Cyndi.Dang
Ryan,Mark,28078441,Mark.Ryan,Mark.Ryan
Ellings,Kara,28103200,Kara.Ellings,Kara.Ellings
Anastasopoulos,George,22751363,George.Anastasopoulos,George.Anastasopoulos
Downs,Laura,22761520,Laura.Downs,Laura.Downs
Canning,Elisha,22679265,Elisha.Canning,Elisha.Canning
Lee,Zarni,22686589,Zarni.Lee,Zarni.Lee
Sands,Rachel,22680729,Rachel.Sands,Rachel.Sands
Kirk,Lyndon,22694855,Lyndon.Kirk,Lyndon.Kirk
Chow,Esther,28105802,Esther.Chow,Esther.Chow
Humphries,Jenna,22705457,Jenna.Humphries,Jenna.Humphries
Guscott,Fiona,22696279,Fiona.Guscott,Fiona.Guscott
Denton,Gerard,22699354,Gerard.Denton,Gerard.Denton
Head,James,22704475,James.Head,James.Head
Davidson,Scott,22708614,Scott.Davidson,Scott.Davidson
Juillard,Francois,22735625,Francois.Juillard,Francois.Juillard
Oltoumis,Marina,22696356,Marina.Oltoumis,Marina.Oltoumis
Kolodziejski,Phillip,22741021,Phillip.Kolodziejski,Phillip.Kolodziejski
Tang,Angela,22688709,Angela.Tang,Angela.Tang
Ng,Kit,22719347,Kit.Ng,Kit.Ng
Jarman,Michael,22755167,Michael.Jarman,Michael.Jarman
Daniels,Rebekah,22757389,Rebekah.Daniels,Rebekah.Daniels
Koo,Yi Sheen,22747017,YiSheen.Koo,YiSheen.Koo
Muchtarudin,Amelia,22757429,Amelia.Muchtarudin,Amelia.Muchtarudin
Faiva,Jenelyn,22721811,Jenelyn.Faiva,Jenelyn.Faiva
Truong,Thuy M,22712213,ThuyM.Truong,ThuyM.Truong
Ishii,Miwa,22757783,Miwa.Ishii,Miwa.Ishii
Trpcevski,Dimce,22763186,Dimce.Trpcevski,Dimce.Trpcevski
Maroney,Nick,22757434,Nick.Maroney,Nick.Maroney
Harsic,Vanessa,22751333,Vanessa.Harsic,Vanessa.Harsic
Sinclair,Joanna,22757924,Joanna.Sinclair,Joanna.Sinclair
Richardson,Sarah,22731720,Sarah.Richardson,Sarah.Richardson
Noe-Nordberg,Renee,22753821,Renee.NoeNordberg,Renee.NoeNordberg
Miranda,Praveen,22761196,Praveen.Miranda,Praveen.Miranda
Van Gils,Claire,22767590,Claire.VanGils,Claire.VanGils
Garner,Danielle,22761205,Danielle.Garner,Danielle.Garner
Buccheri,Andrea,22745043,Andrea.Buccheri,Andrea.Buccheri
Khalaf,Daniel,22757866,Daniel.Khalaf,Daniel.Khalaf
De Mattia,James,22761867,James.DeMattia,James.DeMattia
Bon,Hayley,22657646,Hayley.Bon,Hayley.Bon
Musumeci,Katrina,28086952,Katrina.Musumeci,Katrina.Musumeci
Slater,Luke,22735646,Luke.Slater,Luke.Slater
Thein,Hein,22663537,Hein.Thein,Hein.Thein
McKenzie,Michael,22662525,Michael.McKenzie,Michael.McKenzie
Plaister,Nicholas,22743010,Nicholas.Plaister,Nicholas.Plaister
Robeau,Lucy,22687992,Lucy.Robeau,Lucy.Robeau
Leembruggen,Charles,28102841,Charles.Leembruggen,Charles.Leembruggen
Ketelaar,Lynsey,22667063,Lynsey.Ketelaar,Lynsey.Ketelaar
Bombaci,Matthew,22738010,Matthew.Bombaci,Matthew.Bombaci
Harvey,James,22702276,James.Harvey,James.Harvey
Lauwrencia,Listya,22670998,Listya.Lauwrencia,Listya.Lauwrencia
Bux,Paige,22695169,Paige.Bux,Paige.Bux
Bonser,Jarrod,22669390,Jarrod.Bonser,Jarrod.Bonser
Urzia,Laura,22650832,Laura.Urzia,Laura.Urzia
Beilby,Erin,22738851,Erin.Beilby,Erin.Beilby
Mudaliar,Kirtika,22701469,Kirtika.Mudaliar,Kirtika.Mudaliar
Hunter,Alastair,22696315,Alastair.Hunter,Alastair.Hunter
Trevethan,John,22752623,John.Trevethan,John.Trevethan
Ushizuka,Takeo,22754408,Takeo.Ushizuka,Takeo.Ushizuka
Vanmechelen,Lies,22744190,Lies.Vanmechelen,Lies.Vanmechelen
Ngo,Cameron,22759015,Cameron.Ngo,Cameron.Ngo
Marsh,Bethwyn,22737043,Bethwyn.Marsh,Bethwyn.Marsh
Murray,Gillian,22758888,Gillian.Murray,Gillian.Murray
Formosa,Joel,22741184,Joel.Formosa,Joel.Formosa
Skalkos,James,22761803,James.Skalkos,James.Skalkos
Reddy,Caajal,22748400,Caajal.Reddy,Caajal.Reddy
Gill,Kristin,22758922,Kristin.Gill,Kristin.Gill
Morden,Nicholas,22719889,Nicholas.Morden,Nicholas.Morden
Tavalu,Sabrina,22761443,Sabrina.Tavalu,Sabrina.Tavalu
Hyde,Luke,22750911,Luke.Hyde,Luke.Hyde
Davies,Tiffany,22717777,Tiffany.Davies,Tiffany.Davies
Wrightman,Nelson,22732122,Nelson.Wrightman,Nelson.Wrightman
Bailey,Tamara,22753865,Tamara.Bailey,Tamara.Bailey
Cunningham,Anna,22751606,Anna.Cunningham,Anna.Cunningham
Worland,Allira,22733910,Allira.Worland,Allira.Worland
He,Tian,22734829,Tian.He,Tian.He
Rosher,Rebecca,22757430,Rebecca.Rosher,Rebecca.Rosher
Shaw,Caitlyn,22751944,Caitlyn.Shaw,Caitlyn.Shaw
Shah,Tulip,22762589,Tulip.Shah,Tulip.Shah
Rake,Peta,22761554,Peta.Rake,Peta.Rake
Pascoe,Carmen,22755485,Carmen.Pascoe,Carmen.Pascoe
Tennent,Victoria,22743085,Victoria.Tennent,Victoria.Tennent
Burrell,Ashley,22756887,Ashley.Burrell,Ashley.Burrell
Svoboda,Daniel,22748500,Daniel.Svoboda,Daniel.Svoboda
Su,Tony,22743832,Tony.Su,Tony.Su
Canning,Ashleigh,22761536,Ashleigh.Canning,Ashleigh.Canning
Gambhir,Elga,22752576,Elga.Gambhir,Elga.Gambhir
Dymock,Kristy,22753552,Kristy.Dymock,Kristy.Dymock
Betham,Chanelle,22759672,Chanelle.Betham,Chanelle.Betham
Delahunty,John,22751505,John.Delahunty,John.Delahunty
Hanlan,Ainsley,22757382,Ainsley.Hanlan,Ainsley.Hanlan
Lewis,Peta,22759817,Peta.Lewis,Peta.Lewis
Morgan,Joeris,22761526,Joeris.Morgan,Joeris.Morgan
Frazer,Amanda,28075357,Amanda.Frazer,Amanda.Frazer
Luong,Ivan,22761109,Ivan.Luong,Ivan.Luong
Forsyth,Zachary,22761519,Zachary.Forsyth,Zachary.Forsyth
Nash,Jessica,22713972,Jessica.Nash,Jessica.Nash
Gaudion,Sarah,22729396,Sarah.Gaudion,Sarah.Gaudion
Desai,Ankur,22690987,Ankur.Desai,Ankur.Desai
Bono,Josephine,22736237,Josephine.Bono,Josephine.Bono
Chu,Alfred,22741158,Alfred.Chu,Alfred.Chu
Lloyd,Rebecca,22748928,Rebecca.Lloyd,Rebecca.Lloyd
Ralph,Benjamin,22753740,Benjamin.Ralph,Benjamin.Ralph
Do,Tiffany,22748475,Tiffany.Do,Tiffany.Do
Bhat,Kajake Akhila,22750865,KajakeAkhila.Bhat,KajakeAkhila.Bhat
Liang,Steven,22758067,Steven.Liang,Steven.Liang
Assawa,Phelan,22748478,Phelan.Assawa,Phelan.Assawa
King,Linda,28078251,Linda.King,Linda.King
Dockray,Sean,22686371,Sean.Dockray,Sean.Dockray
Mitchell,Matthew,28000781,Matthew.Mitchell,Matthew.Mitchell
Smart,Claire,22648789,Claire.Smart,Claire.Smart
Bandian,Nova,22711776,Nova.Bandian,Nova.Bandian
Askham,Jennifer,22696185,Jennifer.Askham,Jennifer.Askham
Stanic,Roslyn,22660608,Roslyn.Stanic,Roslyn.Stanic
Iap,Nahare,22664080,Nahare.Iap,Nahare.Iap
Bicer,Eylem,22736388,Eylem.Bicer,Eylem.Bicer
Quach,Joanne,22756388,Joanne.Quach,Joanne.Quach
Russell,Sandra,22702565,Sandra.Russell,Sandra.Russell
Sadik,Melissa,22692143,Melissa.Sadik,Melissa.Sadik
Hassett,Sam,22701771,Sam.Hassett,Sam.Hassett
Branson,Nicholas,22751014,Nicholas.Branson,Nicholas.Branson
Mohamed,Muhuda,22704913,Muhuda.Mohamed,Muhuda.Mohamed
Gill,Tiffany,22724878,Tiffany.Gill,Tiffany.Gill
Morovic,Sara,22751301,Sara.Morovic,Sara.Morovic
Sethi,Trishala,22754257,Trishala.Sethi,Trishala.Sethi
Nicoletto,Daniel,22759744,Daniel.Nicoletto,Daniel.Nicoletto
Anderson,Josephine,22718758,Josephine.Anderson,Josephine.Anderson
Mouldey,Gemma,22747505,Gemma.Mouldey,Gemma.Mouldey
Maguire,Laikin,22761110,Laikin.Maguire,Laikin.Maguire
Hwang,Anita,22741509,Anita.Hwang,Anita.Hwang
Lee,Bryan,22697022,Bryan.Lee,Bryan.Lee
Chakraborty,Soumya,22764672,Soumya.Chakraborty,Soumya.Chakraborty
Curran,Neil,22747125,Neil.Curran,Neil.Curran
Geddes,Erika,22748298,Erika.Geddes,Erika.Geddes
Bosevski,Bilyana,22761940,Bilyana.Bosevski,Bilyana.Bosevski
Hutchinson,Simon,22745231,Simon.Hutchinson,Simon.Hutchinson
Cass,Erin,22758196,Erin.Cass,Erin.Cass
Scheuber,Chris,22733789,Chris.Scheuber,Chris.Scheuber
Rebeiro,Joanne,22766492,Joanne.Rebeiro,Joanne.Rebeiro
Knowles,Jennifer,22753811,Jennifer.Knowles,Jennifer.Knowles
Kumar,Rahul,22766012,Rahul.Kumar,Rahul.Kumar
Cotton,James,22746069,James.Cotton,James.Cotton
Field,Saul,22767196,Saul.Field,Saul.Field
Fofandi,Paresh,22752850,Paresh.Fofandi,Paresh.Fofandi
Das,Sarit,22766013,Sarit.Das,Sarit.Das
Vary,Susan,22748289,Susan.Vary,Susan.Vary
Das,Tapen,22766713,Tapen.Das,Tapen.Das
Deni,Giovanni,22745154,Giovanni.Deni,Giovanni.Deni
Williamson,Sean,22766523,Sean.Williamson,Sean.Williamson
Sefton,Stephen,22732846,Stephen.Sefton,Stephen.Sefton
Dorfling,Andre,22756794,Andre.Dorfling,Andre.Dorfling
Mahady,Vanessa,22684754,Vanessa.Mahady,Vanessa.Mahady
Subbarayan,Kiruthiga,22767778,Kiruthiga.Subbarayan,Kiruthiga.Subbarayan
Torise,Janette,22745767,Janette.Torise,Janette.Torise
Miu,Damien,20990000,Damien.Miu,Damien.Miu
Narev,Ian,20990001,Ian.Narev,Ian.Narev
Choi,SOTestTeam-David,20990002,SOTestTeamDavid.Choi,SOTestTeamDavid.Choi
Athena,SO TestT eam ,20990003,SOTestTeam.Athena,SOTestTeam.Athena
PlanITLname1,PlanITFname1,20990004,PlanITFname.PlanITLname,PlanITFname.PlanITLname
Test Team,SO Mandy,20990005,SOMandy.TestTeam,SOMandy.TestTeam
PlanITLname2,PlanITFname2,20990006,PlanITFname.PlanITLname,20990006
Lname1,SO TEST TEAM,20990007,SOTESTTEAM.Lname,SOTESTTEAM.Lname
Lname2,SO TEST TEAM,20990008,SOTESTTEAM.Lname,20990008
Adams,SO Rachel,20990009,SORachel.Adams,SORachel.Adams
Adams,SO Pearl,20990010,SOPearl.Adams,SOPearl.Adams
Hazell,George,20990013,George.Hazell,George.Hazell
Lname3,SO TEST TEAM,20990011,SOTESTTEAM.Lname,20990011
Mozart,SO TEST TEAM Stephanie,20990012,SOTESTTEAMStephanie.Mozart,SOTESTTEAMStephanie.Mozart
Spagnuolo,Chelsea,20990014,Chelsea.Spagnuolo,Chelsea.Spagnuolo
Spagnuolo,Diane,20990015,Diane.Spagnuolo,Diane.Spagnuolo
Lname4,SO TEST TEAM,20990016,SOTESTTEAM.Lname,20990016
Capron,Kalps,20990017,Kalps.Capron,Kalps.Capron
Rivera,SO Test Danica,20990018,SOTestDanica.Rivera,SOTestDanica.Rivera
Perkins,Michael,20990019,Michael.Perkins,20990019
Cristsilis,Bonquiqui,20990020,Bonquiqui.Cristsilis,20990020
Mills,Courtney,20990021,Courtney.Mills,20990021
Trixiebelle,Fifi,20990022,Fifi.Trixiebelle,20990022
Hepburn,Audrey,20990023,Audrey.Hepburn,20990023
Ketelaar,Lynsey,20990024,Lynsey.Ketelaar1,20990024
INFOSYS_USER,INFOSYS,20990025,INFOSYS.INFOSYS_USER,INFOSYS.INFOSYS_USER
Richardson,Joshua,20990026,Joshua.Richardson,20990026
walkman,natalie,20990028,natalie.walkman,20990028
Cory,Jessie,20990030,Jessie.Cory,Jessie.Cory
Fay,Denis,20990032,Denis.Fay,Denis.Fay
Samadhia,John,20990033,John.Samadhia@ad.mlclife.com.au,20990033
Doe,Mary,20990035,Mary.Doe@ad.mlclife.com.au,20990035
Kalff,Alex,20990036,Alex.Kalff@ad.mlclife.com.au,20990036
Kirchoff,Cameron,20990037,Cameron.Kirchoff,20990037
Jacqui,Kettles,20990038,Kettles.Jacqui,20990038
Karpaty,Martie,20990039,Martie.Karpaty,20990039
Ref,Mlc,20990040,Mlc.Ref,20990040
Kirchoff,Kaela,20990041,Kaela.Kirchoff1,20990041
Alamilla,Tsubasa,20990042,Tsubasa.Alamilla,20990042
Tanner,Keone,20990043,Keone.Tanner,20990043
Keller,Christie,20990044,Christie.Keller@ad.mlclife.com.au,20990044
Drake,Robert,20990045,Robert.Drake@ad.mlclife.com.au,20990045
Lovell,Kayin,20990050,Kayin.Lovell,Kayin.Lovell
Lyne,Adebola,20990051,Adebola.Lyne,Adebola.Lyne
Gustafsson,Sri,20990052,Sri.Gustafsson,Sri.Gustafsson
Valdez,Vinh,20990053,Vinh.Valdez,Vinh.Valdez
Molina,Vijaya,20990054,Vijaya.Molina,Vijaya.Molina
Ingolfsson,Ashley,20990055,Ashley.Ingolfsson,Ashley.Ingolfsson
Freehaze,Hanne,20990056,Hanne.Freehaze,20990056
Ferreira,Brandon,20990057,Brandon.Ferreira,20990057
Pavlou,Louis,20990058,Louis.Pavlou@ad.mlclife.com.au,20990058
Ferreira,Brandon,20990059,Ferreira.Brandon,Ferreira.Brandon
Jobs,Steve,20990060,Steve.Jobs,20990060
Cyrus,David,20990061,David.Cyrus,20990061
Wells,Kristin,20990064,Kristin.Wells,20990064
Arlotti,Linsday,20990062,Linsday.Arlotti,20990062
Sevriens,Tierney,20990063,Tierney.Sevriens,20990063
Critsilis,Bonquiqui,20990065,Bonquiqui.Critsilis,20990065
Yong,Aaron,20990066,Aaron.Yong,20990066
Ludekens,Veronique,20990067,Veronique.Ludekens@ad.mlclife.com.au,20990067
Smith,Will,20990068,Will.Smith,20990068
Yadav,Anjali,20990069,Anjali.Yadav,20990069
Yadav,Anjali,20990070,Anjali.Yadav,20990070
Smith,Will,20990071,Will.Smith,20990071
Lee,Brett,20990072,Brett.Lee,20990072
Kumari,Niti,20990073,Niti.Kumari,20990073
Hoschke,Max,20990074,Max.Hoschke,20990074
Tylor,Goerge,20990075,Goerge.Tylor,20990075
Tylor,Will,20990076,Will.Tylor,20990076
K,Niti,20990077,Niti.K,20990077
Smith,Newton,20990078,Newton.Smith,20990078
Smith,Max,20990079,Max.Smith,20990079
Spencer,Mark,20990080,Mark.Spencer,20990080
Taylor,Mark,20990081,Mark.Taylor,20990081
Chapman,Chris,20990082,Chris.Chapman,20990082
Beiber,Justin,20990083,Justin.Beiber,20990083
Duke,Shelly,20990084,Shelly.Duke,20990084
Peynirci,Chibueze,20990085,Chibueze.Peynirci,20990085
Blanco,Carey,20990086,Carey.Blanco,20990086
Phillips,Ron,20990087,Ron.Phillips,20990087
Sansone,Hibiki,20990088,Hibiki.Sansone,20990088
Tawfiq,Manu,20990089,Manu.Tawfiq,20990089
Krantz,Jingyi,20990090,Jingyi.Krantz,20990090
Schuler,Chandra,20990091,Chandra.Schuler,20990091
Emile,Efe,20990092,Efe.Emile,20990092
Bramson,Iman,20990093,Iman.Bramson,20990093
Cruise,David,20990094,David.Cruise,20990094
Ray,Billy,20990095,Billy.Ray,20990095
Ho,Lee,20990096,Lee.Ho,20990096
Min,Lee,20990097,Lee.Min,20990097
Name,Any,20990100,Any.Name,20990100
Min,Lee,20990098,Lee.Min,20990098
Min,Ho,20990099,Ho.Min,20990099
Middleton,John,20990101,John.Middleton,20990101
Hoschke,Max,20990102,Max.Hoschke,20990102
Silva,Nori,20990103,Nori.Silva,20990103
Ta,Tole,20990105,Tole.Ta,20990105
La,Tester7,20990106,Tester.La,20990106
