groupName,groupDescription,groupType,membershipRuleType,attributeRule,cascadingGroupName,manualMembershipAssignment,groupApplicationAssignment
End user - snc_internal,snc_internal,Auto,Attribute,"{""jobFamily"":""Customer;Operations;Product;Information Technology;Business Enablement"",""jobFunction"":""Sales;Claims;Underwriting;Customer Support;Product Manage;Marketing;Digital;Acutarial Services;Risk;Legal;Strategy;HR;Finance;Project Manage;Business Manage;Data Analysis"",""jobRole"":""Lead Consultant;Senior Analyst;Team Member;Advisor;Officer""}",,,
Approvers,snc_internal  + sys_approver,Auto,Attribute,"{""jobFamily"":""Customer;Operations;Product;Information Technology;Business Enablement"",""jobFunction"":""Sales;Claims;Underwriting;Customer Support;Product Manage;Marketing;Digital;Acutarial Services;Risk;Legal;Strategy;HR;Finance;Project Manage;Business Manage;Data Analysis"",""jobRole"":""Leadership Role (CEO);Leadership Role (Chief);Head of;Manager;Manager;Senior Consultant;Team Leader;Analyst;Associate""}",,,
ITIL,"knowledge, problem,change,incident,etc.",Auto,Attribute,"{""jobFamily"":""Information Technology"",""jobFunction"":""Tech"",""jobRole"":""Leadership Role (CEO);Leadership Role (Chief);Head of;Manager;Manager;Senior ConsultantLead Consultant;Senior Analyst;Team Leader;Analyst;Associate;Team Member;Advisor;Officer""}",,,
End user,"snc_grc.user,sn_compliance.reader,sn_risk.asmt_creator,sn_risk.user,sn_risk.reader,sn_audit.user,sn_compliance.user",Auto,Attribute,"{""jobFamily"":""Customer;Operations;Product;Information Technology;Business Enablement"",""jobFunction"":""Sales;Claims;Underwriting;Customer Support;Product Manage;Marketing;Digital;Acutarial Services;Risk;Legal;Strategy;HR;Finance;Project Manage;Business Manage;Data Analysis"",""jobRole"":""Leadership Role (CEO);Leadership Role (Chief);Head of;Manager;Manager;Senior Consultant;Lead Consultant;Senior Analyst;Team Leader;Analyst;Associate;Team Member;Advisor;Officer""}",,,
Management Assurance (MA) ,"sn_risk.reader,grc_audit_reader,sn_risk.asmt_creator,sn_compliance.manager,grc_compliance_reader,sn_audit.user,sn_compliance.user,sn_risk.manager,grc_audit_owner,sn_risk.user,sn_grc.manager,sn_audit.manager,sn_compliance.attestation_creator,grc_audit_reviewer,sn_audit.external_auditor",Auto,Attribute,"{""jobFamily"":""Business Enablement"",""jobFunction"":""Management Assurance;MA - Compliance"",""jobRole"":""Leadership Role (CEO);Leadership Role (Chief);Head of;Manager;Manager;Senior Consultant;Lead Consultant;Senior Analyst;Team Leader;Analyst;Associate;Team Member;Advisor;Officer""}",,,
MA-Admin,"sn_grc.admin,sn_audit.admin,sn_risk.admin,sn_compliance.admin,sn_grc.mlc_reg_chg,sn_grc.mlc_audit",Auto,Attribute,"{""jobFamily"":""Business Enablement"",""jobFunction"":""MA - Admin"",""jobRole"":""Manager - Risk Systems;Senior Consultant""}",,,
Legal,"sn_risk.user,sn_risk.asmt_creator,catalog,sn_audit.user,sn_compliance.reader,sn_risk.reader,sn_compliance.user",Auto,Attribute,"{""jobFamily"":""Business Enablement"",""jobFunction"":""Legal"",""jobRole"":""Leadership Role (CEO);Leadership Role (Chief);Head of;Manager;Manager;Senior Consultant;Lead Consultant;Senior Analyst;Team Leader;Analyst;Associate;Team Member;Advisor;Officer""}",,,
Events,"sn_risk.risk_event_user,sn_grc.user",Auto,Attribute,"{""jobFamily"":""Business Enablement"",""jobFunction"":""MA - Admin;Events"",""jobRole"":""Head of;Manager;Manager;Senior Consultant;Lead Consultant;Senior Analyst;Team Leader;Analyst;Associate;Team Member;Advisor;Officer""}",,,
Internal Audit,"grc_audit_reviewer,sn_audit.developer,sn_grc.mlc_audit,grc_audit_reader,sn_audit.manager,sn_audit.admin,grc_audit_owner,grc_audit_definition_admin,sn_audit.user,sn_audit.external_auditor",Auto,Attribute,"{""jobFamily"":""Business Enablement"",""jobFunction"":""Audit"",""jobRole"":""Head of;Manager;Manager;Senior Consultant;Lead Consultant;Senior Analyst;Team Leader;Analyst;Associate;Team Member;Advisor;Officer""}",,,
Risk Line 2,"sn_risk.user,sn_risk.asmt_creator,catalog,sn_audit.user,sn_compliance.reader,sn_risk.reader,sn_compliance.user",Auto,Attribute,"{""jobFamily"":""Business Enablement"",""jobFunction"":""Risk"",""jobRole"":""Leadership Role (CEO);Leadership Role (Chief);Head of;Manager;Manager;Senior Consultant;Lead Consultant;Senior Analyst;Team Leader;Analyst;Associate;Team Member;Advisor;Officer""}",,,
PU leader,"sn_risk.user,sn_risk.manager,sn_risk.asmt_creator,sn_risk.reader,sn_compliance.user,grc_compliance_reader",Auto,Attribute,"{""jobFamily"":""Customer;Operations;Product;Information Technology;Business Enablement"",""jobFunction"":""Sales;Claims;Underwriting;Customer Support;Product Manage;Marketing;Tech;Digital;Acutarial Services;Risk;Legal;Strategy;HR;Finance;Project Manage;Business Manage;Data Analysis"",""jobRole"":""Leadership Role (CEO);Leadership Role (Chief)""}",,,
Head Of,"sn_compliance.user,sn_risk.asmt_creator,sn_risk.reader,sn_risk.manager,sn_risk.user,sn_compliance.reader",Auto,Attribute,"{""jobFamily"":""Customer;Operations;Product;Information Technology;Business Enablement"",""jobFunction"":""Sales;Claims;Underwriting;Customer Support;Product Manage;Marketing;Tech;Digital;Acutarial Services;Risk;Legal;Strategy;HR;Finance;Project Manage;Business Manage;Data Analysis;Management Assurance;MA - Compliance;Events;Audit"",""jobRole"":""Head of;Manager""}",,,
End user - snc_internal - Test,snc_internal,Auto,Manual,,,"{""userLogin"":""abarman@oktademo.com;ubolt@oktademo.com""}",ServiceNow Test;ActiveDirectory Provisioning Group
PU leader Test,"sn_risk.user,sn_risk.manager,sn_risk.asmt_creator,sn_risk.reader,sn_compliance.user,grc_compliance_reader",Auto,Cascade,,ActiveDirectory Provisioning Group,,
MA-Admin - 30032018,"sn_grc.admin,sn_audit.admin,sn_risk.admin,sn_compliance.admin,sn_grc.mlc_reg_chg,sn_grc.mlc_audit",Auto,Attribute,"{""jobFamily"":""Business Enablement"",""jobFunction"":""MA - Admin"",""jobRole"":""Manager - Risk Systems;Senior Consultant""}",,,
ITIL - 30032018,"knowledge, problem,change,incident,etc.",Auto,Attribute,"{""jobFamily"":""Information Technology"",""jobFunction"":""Tech"",""jobRole"":""Leadership Role (CEO);Leadership Role (Chief);Head of;Manager;Manager;Senior ConsultantLead Consultant;Senior Analyst;Team Leader;Analyst;Associate;Team Member;Advisor;Officer""}",,,
End user - snc_internal - Test - 30032018,snc_internal,Auto,Manual,,,"{""userLogin"":""abarman@oktademo.com;ubolt@oktademo.com""}",ServiceNow Test;ActiveDirectory Provisioning Group
PU leader Test - 30032018,"sn_risk.user,sn_risk.manager,sn_risk.asmt_creator,sn_risk.reader,sn_compliance.user,grc_compliance_reader",Auto,Cascade,,ActiveDirectory Provisioning Group,,
Legal - 30032018,"sn_risk.user,sn_risk.asmt_creator,catalog,sn_audit.user,sn_compliance.reader,sn_risk.reader,sn_compliance.user",Auto,Attribute,"{""jobFamily"":""Business Enablement"",""jobFunction"":""Legal"",""jobRole"":""Leadership Role (CEO);Leadership Role (Chief);Head of;Manager;Manager;Senior Consultant;Lead Consultant;Senior Analyst;Team Leader;Analyst;Associate;Team Member;Advisor;Officer""}",,,
