login,firstName,lastName,email,employeeNumber,hcmUsername,isHCMUser
vincent.quach@accenture.com,Vincent,Quach,vincent.quach@accenture.com,null,null,FALSE
gus.a.d'onofrio@mlcinsurance.com.au,Gus,D'Onofrio,gus.a.d'onofrio@mlcinsurance.com.au,null,null,FALSE
anurag.c.tripathi@accenture.com,Anurag,Tripathi,anurag.c.tripathi@accenture.com,null,null,FALSE
dbiswas@mlclimited.com,Debmalya,Biswas,debmalya.biswas@accenture.com,null,null,FALSE
okta-admin@mlclimited.com,Okta,Admin,debmalya.biswas@accenture.com,null,null,FALSE
khoa.le-admin@mlclimited.com,Khoa,Le,khoa.y.le@mlcinsurance.com.au,null,null,FALSE
user.test@mlclimited.com,User,test,debmalya.biswas@accenture.com,null,null,FALSE
sam.foote@ad.mlclife.com.au,Sam,Foote,sam_foote@mlcinsurance.com.au,22695384,Sam.Foote1,TRUE
lisa.curran@ad.mlclife.com.au,Lisa,Curran,lisa_curran@mlcinsurance.com.au,28000418,Lisa.Curran1,TRUE
john.thomson@ad.mlclife.com.au,John,Thomson,john.s.thomson@mlcinsurance.com.au,22691615,John.Thomson,TRUE
Kelly.Ford@ad.mlclife.com.au,Kelly,Ford,kelly_ford@mlcinsurance.com.au,22692127,Kelly.Ford1,TRUE
Diane.Spagnuolo@ad.mlclife.com.au,Diane,Spagnuolo,debmalya.biswas@accenture.com,20990015,Diane.Spagnuolo,TRUE
Catherine.Makris@ad.mlclife.com.au,Catherine,Makris,Catherine.Makris@mlcinsurance.com.au,22724551,Catherine.Makris,TRUE
Tracey.Stanley@ad.mlclife.com.au,Tracey,Stanley,tracey_l_stanley@mlcinsurance.com.au,28000450,Tracey.Stanley,TRUE
Phillip.Moon@ad.mlclife.com.au,Phillip,Moon,philip.moon@mlcinsurance.com.au,22710190,Phillip.Moon,TRUE
William.Harris@ad.mlclife.com.au,William,Harris,Wil.D.Harris@mlcinsurance.com.au,22754830,William.Harris,TRUE
Lynsey.Ketelaar@ad.mlclife.com.au,Lynsey,Ketelaar,Lynsey.Ketelaar@mlcinsurance.com.au,22667063,Lynsey.Ketelaar,TRUE
Robert.Coleman@ad.mlclife.com.au,Robert,Coleman,Robert.Coleman@mlcinsurance.com.au,28102472,Robert.Coleman,TRUE
Gaurav.Singla@ad.mlclife.com.au,Gaurav,Singla,22766646@mlcl.com.au,22766646,Gaurav.Singla,TRUE
Diem.Nguyen@ad.mlclife.com.au,Diem,Nguyen,Diem.Nguyen@nab.com.au,22722404,Diem.Nguyen,TRUE
Anita.Hwang@ad.mlclife.com.au,Anita,Hwang,Anita.Hwang@mlcinsurance.com.au,22741509,Anita.Hwang,TRUE
Sabrina.Tavalu@ad.mlclife.com.au,Sabrina,Tavalu,Sabrina.X.Tavalu@mlcinsurance.com.au,22761443,Sabrina.Tavalu,TRUE
Chelsea.Spagnuolo@ad.mlclife.com.au,Chelsea,Spagnuolo,debmalya.biswas@accenture.com,20990014,Chelsea.Spagnuolo,TRUE
Siobhan.Pelc@ad.mlclife.com.au,Siobhan,Pelc,Siobhan.Pelc@mlcinsurance.com.au,22674839,Siobhan.Pelc,TRUE
Emma.Wookey@ad.mlclife.com.au,Emma,Wookey,Emma.Wookey@mlcinsurance.com.au,22761501,Emma.Wookey,TRUE
SooHo.Tan@ad.mlclife.com.au,Soo Ho,Tan,Soo.Ho.Tan@mlcinsurance.com.au,22738539,SooHo.Tan,TRUE
Anju.Samadhia@ad.mlclife.com.au,Anju,Samadhia,Anju.Samadhia@mlcinsurance.com.au,22766563,Anju.Samadhia,TRUE
Marina.Oltoumis@ad.mlclife.com.au,Marina,Oltoumis,22696356@mlcl.com.au,22696356,Marina.Oltoumis,TRUE
Luke.Slater@ad.mlclife.com.au,Luke,Slater,Luke.X.Slater@mlcinsurance.com.au,22735646,Luke.Slater,TRUE
Emily.Teh@ad.mlclife.com.au,Emily,Teh,Emily.Teh@mlcinsurance.com.au,22738512,Emily.Teh,TRUE
Paul.Alexandroff@ad.mlclife.com.au,Paul-Henri,Alexandroff,Paul-Henri.Alexandroff@mlcinsurance.com.au,22753680,Paul.Alexandroff,TRUE
Amy.Myatt@ad.mlclife.com.au,Amy,Myatt,22762232@mlcl.com.au,22762232,Amy.Myatt,TRUE
Naveen.Manda@ad.mlclife.com.au,Naveen,Manda,22699529@mlcl.com.au,22699529,Naveen.Manda,TRUE
John.Burnett@ad.mlclife.com.au,John,Burnett,john.burnett@mlcinsurance.com.au,22695003,John.Burnett,TRUE
Michael.McKean@ad.mlclife.com.au,Michael,McKean,MICHAEL.MCKEAN@MLCINSURANCE.COM.AU,22757951,Michael.McKean,TRUE
KitMing.Fu@ad.mlclife.com.au,Kit Ming,Fu,May.Fu@mlcinsurance.com.au,22764725,KitMing.Fu,TRUE
Tanya.Turl@ad.mlclife.com.au,Tanya,Turl,Tanya_Turl@mlcinsurance.com.au,22692682,Tanya.Turl,TRUE
Jacqui.Huntington@ad.mlclife.com.au,Jacqui,Huntington,Jacqui.Huntington@mlcinsurance.com.au,22720340,Jacqui.Huntington,TRUE
Stephanie.Szabo@ad.mlclife.com.au,Stephanie,Szabo,22766128@mlcl.com.au,22766128,Stephanie.Szabo,TRUE
Lauren.Willoughby@ad.mlclife.com.au,Lauren,Willoughby,22761685@mlcl.com.au,22761685,Lauren.Willoughby,TRUE
Andreas.Vecchiet@ad.mlclife.com.au,Andreas,Vecchiet,22757570@mlcl.com.au,22757570,Andreas.Vecchiet,TRUE
James.Cameron@ad.mlclife.com.au,James,Cameron,22760287@mlcl.com.au,22760287,James.Cameron,TRUE
James.Connors@ad.mlclife.com.au,James,Connors,22760377@mlcl.com.au,22760377,James.Connors,TRUE
Fiona.Williams@ad.mlclife.com.au,Fiona,Williams,22764653@mlcl.com.au,22764653,Fiona.Williams,TRUE
Jennifer.Nunan@ad.mlclife.com.au,Jennifer,Nunan,Jenny.Nunan@mlcinsurance.com.au,22687443,Jennifer.Nunan,TRUE
helpdesk-admin@ad.mlclife.com.au,Helpdesk,Admin,grawal@planittesting.com,null,null,FALSE
Christopher.McDowell@ad.mlclife.com.au,Christopher,McDowell,Christopher.McDowell@mlcinsurance.com.au,null,null,FALSE
Ean.Brewty@ad.mlclife.com.au,Ean,Brewty,ebrewty@planittesting.com,null,null,FALSE
joshua.di.paola@ad.mlclife.com.au,Joshua,paola,joshua.di.paola@ad.mlclife.com.au,null,null,FALSE
Oliver.Acebes@ad.mlclife.com.au,Oliver,Acebes,22732028@mlcl.com.au,22732028,Oliver.Acebes,TRUE
Mary.Doe@ad.mlclife.com.au,Mary,Doe,ebrewty@planittesting.com,20990035,20990035,TRUE
Kaela.Kirchoff@ad.mlclife.com.au,Kaela,Kirchoff,Kaela.Kirchoff@mlcinsurance.com.au,22767236,Kaela.Kirchoff,TRUE
Denis.Fay@ad.mlclife.com.au,Denis,Fay,anurag.c.tripathi@accenture.comm,20990032,Denis.Fay,TRUE
Mark.Stanley@ad.mlclife.com.au,Mark,Stanley,MARK_STANLEY@MLCINSURANCE.COM.AU,22694086,Mark.Stanley,TRUE
Susan.Karson@ad.mlclife.com.au,Susan,Karson,SUSAN.KARSON@MLCINSURANCE.COM.AU,22646662,Susan.Karson,TRUE
Mirna.Abdelmalek@ad.mlclife.com.au,Mirna,Abdelmalek,22763735-test@mlcl.com.au,22763735,Mirna.Abdelmalek,TRUE
John.Samadhia@ad.mlclife.com.au,John,Samadhia,grawal@planittesting.com,20990033,20990033,TRUE
Alex.Kalff@ad.mlclife.com.au,Alex,Kalff,david.colson@mlcinsurance.com.au,20990036,20990036,TRUE
Jessie.Cory@ad.mlclife.com.au,Jessie,Cory,dnanjappa@planittesting.com,20990030,Jessie.Cory,TRUE
Marina.Kelman@ad.mlclife.com.au,Marina,Kelman,MARINA.KELMAN@MLCINSURANCE.COM.AU,22723894,Marina.Kelman,TRUE
Robert.Drake@ad.mlclife.com.au,Robert,Drake,userokta82@gmail.com,20990045,20990045,TRUE
Christie.Keller@ad.mlclife.com.au,Christie,Keller,userokta82@gmail.com,20990044,20990044,TRUE
Jason.Williams@ad.mlclife.com.au,Jason,Williams,22696181@mlcl.com.au,22696181,Jason.Williams,TRUE
Kayin.Lovell@ad.mlclife.com.au,Kayin,Lovell,Anthony.Sideris@mlcinsurance.com.au,20990050,Kayin.Lovell,TRUE
Adebola.Lyne@ad.mlclife.com.au,Adebola,Lyne,Matt.X.McDonald@mlcinsurance.com.au,20990051,Adebola.Lyne,TRUE
Sri.Gustafsson@ad.mlclife.com.au,Sri,Gustafsson,Shannon.Carlson@mlcinsurance.com.au,20990052,Sri.Gustafsson,TRUE
Vinh.Valdez@ad.mlclife.com.au,Vinh,Valdez,Margot.X.Clarke@mlcinsurance.com.au,20990053,Vinh.Valdez,TRUE
Vijaya.Molina@ad.mlclife.com.au,Vijaya,Molina,Kendell.Farley-Stewart@mlcinsurance.com.au,20990054,Vijaya.Molina,TRUE
Ashley.Ingolfsson@ad.mlclife.com.au,Ashley,Ingolfsson,Ming.Chan@mlcinsurance.com.au,20990055,Ashley.Ingolfsson,TRUE
Peta.Rake@ad.mlclife.com.au,Peta,Rake,Peta.Rake@mlcinsurance.com.au,22761554,Peta.Rake,TRUE
Corrie.Critsilis@ad.mlclife.com.au,Corrie,Critsilis,Corrie.Critsilis@mlcinsurance.com.au,22766560,Corrie.Critsilis,TRUE
test.snowuser@mlclimited.com,Test,Snowuser,debmalya.biswas@accenture.com,9890076,null,TRUE
Arthur.Stratsianis@ad.mlclife.com.au,Arthur,Stratsianis,Arthur.Stratsianis@mlcinsurance.com.au,22748799,Arthur.Stratsianis,TRUE
Louis.Pavlou@ad.mlclife.com.au,Louis,Pavlou,Louis.X.Pavlou@mlcinsurance.com.au,20990058,20990058,TRUE
anurag.tripathi-uat2@mlcinsurance.com.au,anurag-uat2,tripathi-uat2,anurag.c.tripathi@accenture.com,null,null,FALSE
anurag.tripathi-uat@mlcinsurance.com.au,anurag-uat,tripathi uat,anurag.c.tripathi@accenture.com,null,null,FALSE
Joseph.Addamo@ad.mlclife.com.au,Joseph,Addamo,22696193@mlcl.com.au,22696193,Joseph.Addamo,TRUE
Veronique.Ludekens@ad.mlclife.com.au,Veronique,Ludekens,dnanjappa@planittesting.com,20990067,20990067,TRUE
Christopher.Lieberman@ad.mlclife.com.au,Christopher,Lieberman,Christopher.Lieberman@mlcinsurance.com.au,22725856,Christopher.Lieberman,TRUE
