hcmDepartmentname,
AWD T1_55017740,
AWD Team 1_55020905,
AWD Team 2_55011123,
AWD Team 3_55017767,
Actuarial - Business Support_55023778,
Actuarial - Information_55006222,
"Actuarial,  Capital & Risk_55006510",
"Actuary,  Group Insurance_55013135",
Agile and Iteration_55021696,
Analytics 2_55022428,
Analytics_55021845,
Application Platform Management_55018835,
Architecture & Development Management_55018838,
Architecture Management_55024164,
Associate Underwriting_55025325,
Audit_55017646,
Bancassurance & Direct team 1_55020908,
Bancassurance & Direct_55014882,
"Bancassurance, Digital & Direct Insuranc_55025476", 
Bank Advised_55023648,
Board Admin_55022444,
"Brand Experience, Events & Sponsorships_55017668", 
Business Alignment_55010665,
"Business Analysis,  Change & UAT_55011346",
Business Analysis_55016870,
