login,firstName,lastName,middleName,honorificPrefix,honorificPrefix,email,title,displayName,secondEmail,mobilePhone,primaryPhone,city,state,zipCode,countryCode,preferredLanguage,userType,employeeNumber,organization,department,managerId,manager,gender,homePhone,knownAs,country,startDate,endDate,faxNumber,PersonId,hcmUsername,isHCMUser
MLC_123@ad.mlclife.com.au,Wayne,Bailey,null,null,null,userokta82@gmail.com,Manager - Customer Support,Wayne Bailey,None,None,null,null,null,null,null,null,Permanent,MLC_123,MLC Limited,null,3E+14,null,M,null,null,null,1/1/2004,null,null,3E+14,MLC_123@mlcldonotreply.com,TRUE
Shiloh.Assendorp@ad.mlclife.com.au,Shiloh,Assendorp,null,null,null,Shiloh.Assendorp@ad.mlclife.com.au,null,Shiloh Assendorp,None,None,null,Melbourne,Victoria,3000,AU,null,Director,73,MLC Limited,null,null,null,null,null,null,AU,8/1/2017,null,null,3E+14,Shiloh.Assendorp,TRUE
Graeme.Bell@ad.mlclife.com.au,Graeme,Bell,null,null,null,MLC_124@mlcldonotreply.com,Manager - Product Manage,Graeme Bell,None,None,null,null,null,null,null,null,Permanent,MLC_124,MLC Limited,null,3E+14,null,M,null,null,null,1/1/2004,null,null,3E+14,Graeme.Bell,TRUE
Susan.Bryant@ad.mlclife.com.au,Susan,Bryant,null,null,null,abc@donotreplay.com,Analyst - Claims,Susan (PreferredName) Bryant,None,61  2141241234,null,Melbourne,Victoria,3000,AU,null,Permanent,21950008,MLC Limited,null,3E+14,null,F,null,PreferredName,AU,8/18/2017,null,null,3E+14,Susan.Bryant,TRUE
Samuel.Pedolina@ad.mlclife.com.au,Samuel,Pedolina,John,null,null,userokta82@gmail.com,Analyst - Claims,Samuel (Sam Pedolina) Pedolina,None,None,null,Docklands,Victoria,3008,AU,null,Permanent,21950012,MLC Limited,null,3E+14,null,M,null,Sam Pedolina,AU,8/18/2017,null,null,3E+14,Samuel.Pedolina,TRUE
ext-test1.user1@mlclimited.com,ext-test1,user1 (external),null,null,null,userokta82@gmail.com,null,null,None,None,null,null,null,null,null,null,null,null,null,null,null,null,null,null,null,null,null,null,null,null,null,TRUE
ext-test2.user2@mlclimited.com,ext-test2,user2 (external),null,null,null,userokta82@gmail.com,null,null,None,None,null,null,null,null,null,null,null,null,null,null,null,null,null,null,null,null,null,null,null,null,null,FALSE
ext-test3.user3@mlclimited.com,ext-test3,user3 (external),null,null,null,userokta82@gmail.com,null,null,None,None,null,null,null,null,null,null,null,null,null,null,null,null,null,null,null,null,null,null,null,null,null,FALSE
ext-test4.user4@mlclimited.com,ext-test4,user4 (external),null,null,null,userokta82@gmail.com,null,null,None,None,null,null,null,null,null,null,null,null,null,null,null,null,null,null,null,null,null,null,null,null,null,FALSE
Blair.Steffen@ad.mlclife.com.au,Blair,Steffen,null,null,null,blair.steffen@mlcinsurance.com,Analyst - Claims,Blair Steffen,None,None,null,3008,Victoria,3008,AU,null,Permanent,21950086,MLC Limited,null,3E+14,null,M,null,null,AU,9/5/2017,null,null,3E+14,21950086,TRUE
Thomas.Barnes@ad.mlclife.com.au,Thomas,Barnes,null,null,null,MLC_165@ad.mlclife.com.au,Senior Analyst - Product Manage,Thomas Barnes,None,None,null,null,null,null,null,null,Contractor,MLC_165,MLC Limited,null,3E+14,Brian.Gomez@ad.mlclife.com.au,M,null,null,null,1/1/2006,null,null,3E+14,Thomas.Barnes,TRUE
L??nh.Daniel@ad.mlclife.com.au,L??nh,Daniel,null,null,null,L??nh.Daniel@ad.mlclife.com.au,Analyst - Claims,L??nh Daniel,None,None,null,Melbourne,Victoria,3000,AU,null,Permanent,69,MLC Limited,null,3E+14,null,null,null,null,AU,7/28/2017,null,null,3E+14,L??nh.Daniel,TRUE
SMICTEST.ELEVEN@mlcinsurance.com.au,SMICTEST,ELEVEN,MIDDLENAME,DR,DR,SMICTEST.ELEVEN@mlcinsurance.com.au,Director,SMICTEST ELEVEN,cmcdonald@planittesting.com,Australia,415340122,Melbourne,VIC,3000,null,English,Contractor,98324324,MLC,Audit,Change.Manager,cmcdonald@planittesting.com,M,98762334,ELEVEN,Australia,2/8/2017,null,97233332,null,null,FALSE
21950006@ad.mlclife.com.au,Peter,Mellor,Middle,null,null,userokta82@gmail.com,Analyst - Claims,Peter (Preferred_Name) Mellor,None,61 3 4789234234,null,Melbourne,Victoria,3000,AU,null,Contractor,(MLC Contracter)P%t%r.Mell@r,MLC Limited,null,3E+14,null,M,null,Preferred_Name,AU,8/15/2017,null,null,3E+14,21950006,TRUE
okta-serviceAccount@mlclimited.com,Okta,ServiceAccount,null,null,null,userokta82@gmail.com,null,null,None,None,null,null,null,null,null,null,null,null,null,null,null,null,null,null,null,null,null,null,null,null,null,FALSE
automation.compmanager@ad.mlclife.com.au,automation,compmanager,null,null,null,userokta82@gmail.com,Analyst - Finance,automation compmanager,None,None,null,Paramatta,Australian Capital Territory,2150,AU,null,Permanent,21950064,MLC Limited,null,null,null,F,null,null,AU,8/30/2017,null,null,3E+14,automation.compmanager,TRUE
Helpdesk.User1@mlclimited.com,Helpdesk,User1,null,null,null,userokta82@gmail.com,null,null,None,None,null,null,null,null,null,null,null,null,null,null,null,null,null,null,null,null,null,null,null,null,null,FALSE
ext-hcm-techadmin@mlcinsurance.com.au,HCM,Tech Admin (External),null,null,null,mustaali.vasowala@accenture.com,null,null,None,None,null,null,null,null,null,null,null,null,null,null,null,null,null,null,null,null,null,null,null,null,,FALSE
gus.a.d'onofrio@mlcinsurance.com.au,Gus,D'Onofrio,null,null,null,gus.a.d'onofrio@mlcinsurance.com.au,null,null,None,None,null,null,null,null,null,null,null,null,null,null,null,null,null,null,null,null,null,null,null,null,null,FALSE
anurag.c.tripathi@accenture.com,Anurag,Tripathi,null,null,null,anurag.c.tripathi@accenture.com,null,null,None,None,null,null,null,null,null,null,null,null,null,null,null,null,null,null,null,null,null,null,null,null,null,FALSE
Madhur.Beck@mlclimited.com,Madhur,Beck,null,null,null,debmalya.biswas@accenture.com,Analyst - Claims,Madhur (Maddy) Beck,None,None,null,Melbourne,Victoria,3000,AU,null,Permanent,58,MLC Limited,null,3E+14,Heather.Hernandez@ad.mlclife.com.au,ORA_HRX_NONSPECIFIC,null,Maddy,AU,6/30/2017,null,null,3E+14,Madhur.Beck,TRUE
vincent.quach@accenture.com,Vincent ,Quach,null,null,null,vincent.quach@accenture.com,null,null,None,None,null,null,null,null,null,null,null,null,null,null,null,null,null,null,null,null,null,null,null,null,null,FALSE
appadmin-snow@mlclimited.com,SNOW,Admin,null,null,null,debmalya.biswas@accenture.com,null,null,None,None,null,null,null,null,null,null,null,null,null,null,null,null,null,null,null,null,null,null,null,null,null,FALSE
okta-admin@mlclimited.com,Okta,Admin,null,null,null,debmalya.biswas@accenture.com,null,null,None,None,null,null,null,null,null,null,null,null,null,null,null,null,null,null,null,null,null,null,null,null,null,FALSE
91@ad.mlclife.com.au,SNOW Test,User1,null,null,null,debmalya.biswas@accenture.com,null,SNOW Test User1,None,None,null,Docklands,Victoria,3008,AU,null,Permanent,91,MLC Limited,null,3E+14,SITFN01.SITLN01@ad.mlclife.com.au,null,null,null,AU,8/9/2017,null,null,3E+14,91,TRUE
snowtest.user2@mlclimited.com,SNOW Test,User2,null,null,null,debmalya.biswas@accenture.com,null,SNOW Test User2,None,1234567890,null,Melbourne,null,564321,AU,null,null,65432,null,null,null,null,null,null,null,AU,null,null,null,null,null,FALSE
Karen.Anderson@ad.mlclife.com.au,Karen,Anderson,null,null,null,Karen.Anderson@ad.mlclife.com.au,Manager - Technology,Karen Anderson,None,None,null,null,null,null,null,null,Permanent,MLC_129,MLC Limited,null,3E+14,MLC_112@ad.mlclife.com.au,F,null,null,null,1/1/2004,null,null,3E+14,Karen.Anderson,TRUE
test.user@mlcinsurance.com.au,Test,User1,null,null,null,test.user@mlclilmited.com,null,Test User1,None,None,null,null,null,null,null,null,null,null,null,null,null,null,null,null,null,null,null,null,null,null,null,FALSE
test.user2@mlcinsurance.com.au,Test,User2,null,null,null,debmalyabis@gmail.com,null,Test User2,None,None,null,null,null,null,null,null,null,null,null,null,null,null,null,null,null,null,null,null,null,null,null,FALSE
test.user3@mlcinsurance.com.au,Test,User3,null,null,null,test.user3@mlclimited.com,null,Test User3,None,None,null,null,null,null,null,null,null,null,null,null,null,null,null,null,null,null,null,null,null,null,null,FALSE
ITIL.User@mlcinsurance.com.au,ITIL, User,null,null,null,cmcdonald@planittesting.com,null,ITIL  User,debmalya.biswas@accenture.com,None,null,null,null,null,null,null,null,null,null,null,null,null,null,null,null,null,null,null,null,null,null,FALSE
System.Administrator@mlcinsurance.com.au,System,Administrator,null,null,null,cmcdonald@planittesting.com,null,System Administrator,debmalya.biswas@accenture.com,None,null,null,null,null,null,null,null,null,null,null,null,null,null,null,null,null,null,null,null,null,null,FALSE
Change.Manager@mlcinsurance.com.au,Change, Manager,null,null,null,cmcdonald@planittesting.com,null,Change  Manager,debmalya.biswas@accenture.com,None,null,null,null,null,null,null,null,null,null,null,null,null,null,null,null,null,null,null,null,null,null,FALSE
end.user@mlcinsurance.com.au,End,User,null,null,null,cmcdonald@planittesting.com,null,End User,debmalya.biswas@accenture.com,None,null,null,null,null,null,null,null,null,null,null,null,null,null,null,null,null,null,null,null,null,null,FALSE
Test.User01@mlcinsurance.com.au,Test,User01,null,null,null,sgawai@planittesting.com,Administrative Assistant,TestUser01,None,+91 1234 567 890,470329115,Melbourne,VIC,3000,null,null,null,null,null,Security,null,null,null,null,TU01,null,null,null,null,null,null,FALSE
Test.User02@mlcinsurance.com.au,Test,User02,null,null,null,sgawai@planittesting.com,Test User01,TestUser01,None,470329115,null,Melbourne,VIC,3000,null,null,null,null,null,Security,null,null,null,null,null,null,null,null,null,null,null,FALSE
smictest.one@mlcinsurance.com.au,SMICTEST,ONE,JOHN,DR,DR,smictest.one@mlcinsurance.com.au,MR,Smictest One,cmcdonald@planittesting.com,412988000,412988000,Melbourne,VIC,3000,AU,English,Permnanent,98324324,MLC,Security,Change.Manager,Change.Manager@mlcinsurance.com.au,M,98762333,Ala,AU,2/8/2017,null,92320999,null,null,FALSE
Test.User03@mlcinsurance.com.au,Test,User03,IDAM,null,null,sgawai@planittesting.com,Test User03,TestUser03,None,470329115,null,Melbourne,VIC,3000,null,English,null,123456,MLC,Security,null,null,M,null,null,null,null,null,null,null,null,FALSE
Test.User04@mlcinsurance.com.au,Test,User04,IDAM,null,null,sgawai@planittesting.com,Test User04,TestUser04,None,470329115,null,Melbourne,VIC,3000,null,English,null,123456,MLC,Security,null,null,M,null,null,null,null,null,null,null,null,FALSE
Test.User05@mlcinsurance.com.au,Test,User05,IDAM,null,null,sgawai@planittesting.com,Test User03,TestUser05,None,470329115,null,Melbourne,VIC,3000,null,English,null,123456,MLC,Security,null,null,M,null,null,null,null,null,null,null,null,FALSE
Test.User06@mlcinsurance.com.au,Test,User06,IDAM,null,null,sgawai@planittesting.com,Test User04,TestUser06,None,470329115,null,Melbourne,VIC,3000,null,English,null,123456,MLC,Security,null,null,M,null,null,null,null,null,null,null,null,FALSE
Test.User07@mlcinsurance.com.au,Test,User07,IDAM,null,null,sgawai@planittesting.com,Test User03,TestUser07,None,470329115,null,Melbourne,VIC,3000,null,English,null,123456,MLC,Security,null,null,M,null,null,null,null,null,null,null,null,FALSE
Test.User08@mlcinsurance.com.au,Test,User08,IDAM,null,null,sgawai@planittesting.com,Test User04,TestUser08,None,470329115,null,Melbourne,VIC,3000,null,English,null,123456,MLC,Security,null,null,M,null,null,null,null,null,null,null,null,FALSE
SITFN01.SITLN01@ad.mlclife.com.au,SITFN01,SITLN01,SITMN01,null,null,debmalya.biswas@accenture.com,null,SITFN01 (SIT Test User) SITLN01,None,61 3 90991313,null,Docklands,Victoria,3008,AU,null,Permanent,72,MLC Limited,null,3E+14,Heather.Hernandez@ad.mlclife.com.au,M,null,SIT Test User,AU,7/31/2017,null,null,3E+14,SITFN01.SITLN01,TRUE
user.test1@mlcinsurance.com.au,user,test1,null,null,null,debmalyabis@gmail.com,null,user test1,None,None,null,null,null,null,null,null,null,null,null,null,null,null,null,null,null,null,null,null,null,null,null,FALSE
Test.User09@mlcinsurance.com.au,Test,User09,IDAM,null,null,sanjay.gawai01@gmail.com,Test User09,TestUser09,None,470329115,null,Melbourne,VIC,3000,null,English,null,123456,MLC,Security,null,null,M,null,null,null,null,null,null,null,null,FALSE
123456@ad.mlclife.com.au,Test,User10,IDAM,null,null,sgawai@planittesting.com,Test User10,TestUser10,None,470329115,null,Melbourne,VIC,3000,null,English,null,123456,MLC,Security,null,null,M,null,null,null,null,null,null,null,null,FALSE
Test.User12@ad.mlclife.com.au,Test,User11,IDAM,null,null,gawai_sanjay1@yahoo.com,Test User12,TestUser12,None,61470329114,null,Melbourne,VIC,3000,null,English,null,123456,MLC,Security,null,null,M,null,null,null,null,null,null,null,null,FALSE
Test.User13@mlcinsurance.com.au,Test,User13,IDAM,null,null,grawal@planittesting.com,Test User13,TestUser13,None,61470329114,null,Melbourne,VIC,3000,null,English,null,123456,MLC,Security,null,null,M,null,null,null,null,null,null,null,null,FALSE
SMIC.MANDATORY@mlcinsurance.com.au,SMIC,MANDATORY,null,null,null,cmcdonald@planittesting.com,null,SMIC MANDATORY,None,None,null,null,null,null,null,null,null,null,null,null,null,null,null,null,null,null,null,null,null,null,null,FALSE
SMIC.MANDATORYTEST@mlcinsurance.com.au,SMIC,MANDATORYTEST,null,null,null,SMIC.MANDATORYTEST@mlcinsurance.com.au,null,SMIC MANDATORYTEST,None,None,null,null,null,null,null,null,null,null,null,null,null,null,null,null,null,null,null,null,null,null,null,FALSE
smictest.five@mlcinsurance.com.au,SMICTEST,five,JOHN,DR,DR,userokta82@gmail.com,MR,Smictest One,cmcdonald@planittesting.com,412988000,412988000,Melbourne,VIC,3000,AU,English,Contractor,98324324,MLC,Security,Change.Manager,Change.Manager@mlcinsurance.com.au,M,98762355,Update,Australia,2/8/2017,null,98762366,null,null,FALSE
Janice.Baker@ad.mlclife.com.au,Janice,Baker,null,null,null,MLC_185@ad.mlclife.com.au,Team Member - Risk,Janice Baker,None,None,null,null,null,null,null,null,Permanent,MLC_185,MLC Limited,null,3E+14,MLC_106@ad.mlclife.com.au,F,null,null,null,1/1/2006,null,null,3E+14,Janice.Baker,TRUE
84@ad.mlclife.com.au,SITFN04,SITLN04,null,null,null,84@ad.mlclife.com.au,null,SITFN04 (SIT User 4) SITLN04,None,61 4 69056008,61 3 90991313,Docklands,Victoria,3008,AU,null,Permanent,84,MLC Limited,null,null,null,M,61 3 90991314,SIT User 4,AU,8/7/2017,null,null,3E+14,null,TRUE
Jeanette.Carter@ad.mlclife.com.au,Jeanette,Carter,null,null,null,MLC_193@ad.mlclife.com.au,Team Member - Business Manage,Jeanette Carter,None,None,null,null,null,null,null,null,Contractor,MLC_193,MLC Limited,null,3E+14,Cheryl.Jackson@ad.mlclife.com.au,F,null,null,null,1/1/2006,null,null,3E+14,Jeanette.Carter,TRUE
Lorraine.Allen@ad.mlclife.com.au,Lorraine,Allen,null,null,null,Lorraine.Allen@ad.mlclife.com.au,Analyst - Digital,Lorraine Allen,None,None,null,null,null,null,null,null,Permanent,MLC_179,MLC Limited,null,3E+14,Wendy.Taylor@ad.mlclife.com.au,F,null,null,null,1/1/2006,null,null,3E+14,Lorraine.Allen,TRUE
SITFN111.SITLN111@ad.mlclife.com.au,SITFN111,SITLN111,SITMN111,null,null,SITFN11.SITLN11@ad.mlclife.com.au,null,SITFN111 (SITFN111) SITLN111,None,61 61 470329114,null,Melbourne,Victoria,3000,AU,null,Permanent,81,MLC Limited,null,3E+14,SITFN01.SITLN01@ad.mlclife.com.au,M,null,SITFN111,AU,8/10/2017,null,null,3E+14,SITFN111.SITLN111,TRUE
Catherine.Adams@ad.mlclife.com.au,Catherine,Adams,null,null,null,Catherine.Adams@ad.mlclife.com.au,Senior Analyst - Human Resources,Catherine Adams,None,None,null,null,null,null,null,null,Permanent,MLC_186,MLC Limited,null,3E+14,Heather.Hernandez@ad.mlclife.com.au,F,null,null,null,1/1/2006,null,null,3E+14,Catherine.Adams,TRUE
SITFN12.SITLN12@ad.mlclife.com.au,SITFN12,SITLN12,SITMN12,null,null,sgawai@planittesting.com,Analyst - Claims,SITFN12 (SITFN12) SITLN12,None,61  470329114,null,Melbourne,Victoria,3000,AU,null,Permanent,86,MLC Limited,null,3E+14,null,M,null,SITFN12,AU,8/7/2017,null,null,3E+14,SITFN12.SITLN12,TRUE
Madhur.Beck@ad.mlclife.com.au,Madhur,Beck,null,null,null,Madhur.Beck@ad.mlclife.com.au,Analyst - Claims,Madhur (Maddy) Beck,None,None,null,Melbourne,Victoria,3000,AU,null,Permanent,58,MLC Limited,null,3E+14,Heather.Hernandez@ad.mlclife.com.au,ORA_HRX_NONSPECIFIC,null,Maddy,AU,6/30/2017,null,null,3E+14,Madhur.Beck,TRUE
MLC_111@ad.mlclife.com.au,Julie,Brown,null,null,null,MLC_111@mlcldonotreply.com,Head of Marketing,Julie Brown,None,None,null,null,null,null,null,null,Permanent,MLC_111,MLC Limited,null,3E+14,MLC_103@ad.mlclife.com.au,F,null,null,null,1/1/2004,null,null,3E+14,MLC_111@mlcldonotreply.com,TRUE
Richard.Bennett@ad.mlclife.com.au,Richard,Bennett,null,null,null,Richard.Bennett@ad.mlclife.com.au,Team Member - Claims,Richard Bennett,None,None,null,null,null,null,null,null,Permanent,MLC_145,MLC Limited,null,3E+14,Geoffrey.Morgan@ad.mlclife.com.au,M,null,null,null,1/1/2006,null,null,3E+14,Richard.Bennett,TRUE
SITFN13.SITLN13@ad.mlclife.com.au,SITFN13,SITLN13,SITMN13,null,null,SITFN13.SITLN13@ad.mlclife.com.au,null,SITFN13 (KnownAs) SITLN13,None,61  470329116,null,Melbourne,Victoria,3003,AU,null,Casual,87,MLC Limited,null,3E+14,SITFN12.SITLN12@ad.mlclife.com.au,M,null,KnownAs,AU,8/10/2017,null,null,3E+14,SITFN13.SITLN13,TRUE
Neil.Brooks@ad.mlclife.com.au,Neil,Brooks,null,null,null,Neil.Brooks@ad.mlclife.com.au,Senior Analyst - Claims,Neil Brooks,None,None,null,null,null,null,null,null,Permanent,MLC_144,MLC Limited,null,3E+14,Mark.Rogers@ad.mlclife.com.au,M,null,null,null,1/1/2006,null,null,3E+14,Neil.Brooks,TRUE
UATTEST.ONE@ad.mlclife.com.au,UATTEST,ONE,UAT,DR,DR,UATTEST.ONE@mlcinsurance.com.au,Chief Financial Officer,UATTEST ONE,cmcdonald@planittesting.com,412988034,412986655,Melbourne,VIC,3000,null,English,Permanent,98324324,MLC,Security,Change.Manager,Change.Manager@mlcinsurance.com.au,M,98762334,Update,Australia,2/8/2017,null,98762366,null,null,FALSE
UATTEST.ONE@mlcinsurance.com.au,UATTEST,ONE,UAT,DR,DR,UATTEST.ONE@mlcinsurance.com.au,Chief Financial Officer,UATTEST ONE,cmcdonald@planittesting.com,412988034,412986655,Melbourne,VIC,3000,null,English,Permanent,98324324,MLC,Security,Change.Manager,Change.Manager@mlcinsurance.com.au,M,98762334,Update,Australia,2/8/2017,null,98762366,null,null,FALSE
Mark.Rogers@ad.mlclife.com.au,Mark,Rogers,null,null,null,Mark.Rogers@ad.mlclife.com.au,Manager - Claims,Mark Rogers,None,None,null,null,null,null,null,null,Permanent,MLC_118,MLC Limited,null,3E+14,Michael.Flores@ad.mlclife.com.au,M,null,null,null,1/1/2004,null,null,3E+14,Mark.Rogers,TRUE
Paul.Rivera@ad.mlclife.com.au,Paul,Rivera,null,null,null,Paul.Rivera@ad.mlclife.com.au,Head of Claims,Paul Rivera,None,None,null,null,null,null,null,null,Permanent,MLC_116,MLC Limited,null,3E+14,MLC_106@ad.mlclife.com.au,M,61 434 791765,null,null,1/1/2004,null,null,3E+14,Paul.Rivera,TRUE
MLC_113@ad.mlclife.com.au,Helen,Miller,null,null,null,Helen.Miller@ad.mlclife.com.au,Head of Digital,Helen Miller,None,None,null,null,null,null,null,null,Permanent,MLC_113,MLC Limited,null,3E+14,MLC_104@ad.mlclife.com.au,F,null,null,null,1/1/2004,null,null,3E+14,MLC_113@mlcldonotreply.com,TRUE
Heather.Hernandez@ad.mlclife.com.au,Heather,Hernandez,null,null,null,Heather.Hernandez@ad.mlclife.com.au,Manager - Human Resources,Heather Hernandez,None,None,61 434 791780,null,null,null,null,null,Permanent,MLC_132,MLC Limited,null,3E+14,Judith.Davis@ad.mlclife.com.au,F,null,null,null,1/1/2004,null,null,3E+14,Heather.Hernandez,TRUE
MLC_115@ad.mlclife.com.au,Lynette,Garcia,null,null,null,jlabarrete@planittesting.com,Head of Business Manage,Lynette Garcia,None,None,null,melbourne,Victoria,3000,AU,null,Permanent,MLC_115,MLC Limited,null,3E+14,Christine.Williams@ad.mlclife.com.au,F,null,null,AU,6/28/2017,null,null,3E+14,MLC_115@mlcldonotreply.com,TRUE
Kerry.Wright-Smith@ad.mlclife.com.au,Kerry,Wright-Smith,null,null,null,Kerry.Wright-Smith@ad.mlclife.com.au,Team Member - Human Resources,Kerry Wright-Smith,None,workmobile,null,Melbourne,Victoria,3000,AU,null,Permanent,MLC_181,MLC Limited,null,3E+14,MLC_115@ad.mlclife.com.au,F,null,null,AU,6/2/2017,null,null,3E+14,Kerry.Wright-Smith,TRUE
SSO.TEST@ad.mlclife.com.au,SSO,TEST,null,null,null,SSO.TEST@ad.mlclife.com.au,null,SSO TEST,None,61  470329114,null,Melbourne,Victoria,3000,AU,null,Permanent,90,MLC Limited,null,3E+14,SITFN111.SITLN111@ad.mlclife.com.au,M,null,null,AU,8/9/2017,null,null,3E+14,SSO.TEST,TRUE
Lucky.Chan@ad.mlclife.com.au,Lucky,Chan,null,null,null,Lucky.Chan@ad.mlclife.com.au,Analyst - Human Resources,Lucky Chan,None,None,null,North Sydney,New South Wales,2060,AU,null,Contractor,52,MLC Limited,null,3E+14,Peter.Parker@ad.mlclife.com.au,M,null,null,AU,8/10/2017,null,null,3E+14,Lucky.Chan,TRUE
Allan.Powell@ad.mlclife.com.au,Allan,Powell,null,null,null,Allan.Powell@ad.mlclife.com.au,Analyst - Customer Support,Allan Powell,None,None,null,null,null,null,null,null,Contractor,MLC_158,MLC Limited,null,3E+14,null,M,null,null,null,1/1/2006,null,null,3E+14,Allan.Powell,TRUE
Rosemary.Campbell@ad.mlclife.com.au,Rosemary,Campbell,null,null,null,Rosemary.Campbell@ad.mlclife.com.au,Team Member - Business Manage,Rosemary Campbell,None,None,null,null,null,null,null,null,Permanent,MLC_190,MLC Limited,null,3E+14,Sandra.Martin@ad.mlclife.com.au,F,null,null,null,1/1/2006,null,null,3E+14,Rosemary.Campbell,TRUE
Issy.Beulens@ad.mlclife.com.au,Issy,Beulens,null,null,null,anurag.c.tripathi@accenture.com,Analyst - Claims,Issy Beulens,None,None,null,Melbourne,null,3000,AU,null,Permanent,43,MLC Limited,null,3E+14,Heather.Hernandez@ad.mlclife.com.au,null,null,null,AU,8/21/2017,null,null,3E+14,Issy.Beulens,TRUE
MLC_200@ad.mlclife.com.au,Jackson,Brown,null,null,null,Jackson.Brown@ad.mlclife.com.au,null,Jackson Brown,None,None,null,null,null,null,null,null,Permanent,MLC_200,MLC Limited,null,3E+14,MLC_197@ad.mlclife.com.au,M,null,null,null,1/1/2006,null,null,3E+14,MLC_200@mlcldonotreply.com,TRUE
UATTEST.FOUR@ad.mlclife.com.au,UATTEST,FOUR,UAT,DR,DR,UATTEST.FOUR@mlcinsurance.com.au,Chief Financial Officer,UATTEST FOUR,cmcdonald@planittesting.com,412985555,412986666,Melbourne,VIC,3000,null,English,Contractor,98324324,MLC,Security,Change.Manager,Change.Manager@mlcinsurance.com.au,M,98762334,Update,Australia,2/8/2017,null,98762322,null,null,FALSE
UATTEST.FIVE@ad.mlclife.com.au,UATTEST,FIVE,UAT,DR,DR,UATTEST.FIVE@mlcinsurance.com.au,Chief Financial Officer,UATTEST FIVE,cmcdonald@planittesting.com,412985555,412986665,Melbourne,VIC,3001,null,English,Contractor,98324325,MLC,Security,Change.Manager,Change.Manager@mlcinsurance.com.au,M,98762335,Update,Australia,3/8/2017,null,98762322,null,null,FALSE
UATTEST.SIX@ad.mlclife.com.au,UATTEST,SIX,UAT,DR,DR,UATTEST.SIX@mlcinsurance.com.au,Chief Financial Officer,UATTEST SIX,cmcdonald@planittesting.com,412985555,412986666,Melbourne,VIC,3000,null,English,Employee,98324324,MLC,Security,Change.Manager,Change.Manager@mlcinsurance.com.au,M,98762334,Update,Australia,2/8/2017,null,98762322,null,null,FALSE
Keith.Butler@ad.mlclife.com.au,Keith,Butler,null,null,null,MLC_164@mlcldonotreply.com,Analyst - Product Manage,Keith Butler,None,None,null,null,null,null,null,null,Contractor,MLC_164,MLC Limited,null,3E+14,Brian.Gomez@ad.mlclife.com.au,M,null,null,null,1/1/2006,null,null,3E+14,Keith.Butler,TRUE
SMICTEST.SEVEN@ad.mlclife.com.au,SMICTEST,SEVEN,MIDDLENAME,DR,DR,SMICTEST.SEVEN@mlcinsurance.com.au,Vice President,SMICTEST SEVEN,cmcdonald@planittesting.com,Australia,415340122,Melbourne,VIC,3000,null,English,Employee,98324324,MLC,Audit,Change.Manager,Change.Manager@mlcinsurance.com.au,M,98762334,Macca,Australia,2/8/2017,null,97233332,null,null,FALSE
SMICTEST.SEVEN@mlcinsurance.com.au,SMICTEST,SEVEN,MIDDLENAME,DR,DR,SMICTEST.SEVEN@mlcinsurance.com.au,Vice President,SMICTEST SEVEN,cmcdonald@planittesting.com,Australia,415340122,Melbourne,VIC,3000,null,English,Employee,98324324,MLC,Audit,Change.Manager,Change.Manager@mlcinsurance.com.au,M,98762334,Macca,Australia,2/8/2017,null,97233332,null,null,FALSE
SMICTEST.EIGHT@ad.mlclife.com.au,SMICTEST,EIGHT,MIDDLENAME,DR,DR,SMICTEST.EIGHT@mlcinsurance.com.au,Vice President,SMICTEST EIGHT,cmcdonald@planittesting.com,Australia,415340122,Melbourne,VIC,3000,null,English,Employee,98324324,MLC,Audit,Change.Manager,Change.Manager@mlcinsurance.com.au,M,98762334,Macca,Australia,2/8/2017,null,97233332,null,null,FALSE
98324324@ad.mlclife.com.au,SMICTEST,NINE,MIDDLENAME,DR,DR,SMICTEST.NINE@mlcinsurance.com.au,Vice President,SMICTEST NINE,cmcdonald@planittesting.com,Australia,415340122,Melbourne,VIC,3000,null,English,Employee,98324324,MLC,Audit,Change.Manager,cmcdonald@planittesting.com,M,98762334,Macca,Australia,2/8/2017,null,97233332,null,null,FALSE
OKTA-Helpdesk@ad.mlclife.com.au,OKTA,Helpdesk,null,null,null,grawal@planittesting.com,null,OKTA Helpdesk,None,None,null,null,null,null,null,null,null,null,null,null,null,null,null,null,null,null,null,null,null,null,null,FALSE
SMICTEST.TEN@ad.mlclife.com.au,SMICTEST,TEN,MIDDLENAME,DR,DR,SMICTEST.TEN@mlcinsurance.com.au,Vice President,SMICTEST NINE,cmcdonald@planittesting.com,Australia,415340122,Melbourne,VIC,3000,null,English,Employee,98324324,MLC,Audit,Change.Manager,cmcdonald@planittesting.com,M,98762334,Macca,Australia,2/8/2017,null,97233332,null,null,FALSE
John.Collins@ad.mlclife.com.au,John,Collins,null,null,null,John.Collins@ad.mlclife.com.au,Chief,John Collins,None,None,null,null,null,null,null,null,Permanent,MLC_101,MLC Limited,null,3E+14,Peter.Parker@ad.mlclife.com.au,M,null,null,null,1/1/2002,null,null,3E+14,John.Collins,TRUE
SITFN14.SITLN14@ad.mlclife.com.au,SITFN14,SITLN14,SITMN14,null,null,SITFN14New.SITLN14New@ad.mlclife.com.au,null,SITFN14 SITLN14,None,61  09987543212345678,null,Melbourne,Victoria,3000,AU,null,Contractor,93,MLC Limited,null,null,null,M,null,null,AU,8/10/2017,null,null,3E+14,null,TRUE
SMICTEST.ELEVEN@ad.mlclife.com.au,SMICTEST,ELEVEN,MIDDLENAME,DR,DR,SMICTEST.ELEVEN@mlcinsurance.com.au,Vice President,SMICTEST ELEVEN,cmcdonald@planittesting.com,Australia,415340122,Melbourne,VIC,3000,null,English,Employee,98324324,MLC,Audit,Change.Manager,cmcdonald@planittesting.com,M,98762334,ELEVEN,Australia,2/8/2017,null,97233332,null,null,FALSE
SITFN03.SITLN03@ad.mlclife.com.au,SITFN03,SITLN03,Middle Name,null,null,SITFN03.SITLN03@ad.mlclife.com.au,null,SITFN03 SITLN03,None,None,null,Docklands,Victoria,3008,AU,null,Permanent,79,MLC Limited,null,3E+14,SITFN01.SITLN01@ad.mlclife.com.au,M,null,null,AU,8/10/2017,null,null,3E+14,SITFN03.SITLN03,TRUE
Judith.Davis@ad.mlclife.com.au,Judith,Davis,null,null,null,Judith.Davis@ad.mlclife.com.au,Head of Human Resources,Judith Davis,None,None,null,null,null,null,null,null,Permanent,MLC_114,MLC Limited,null,3E+14,Christine.Williams@ad.mlclife.com.au,F,null,null,null,1/1/2004,null,null,3E+14,Judith.Davis,TRUE
Kiran.Downer@ad.mlclife.com.au,Kiran,Downer,null,null,null,Kiran.Downer@ad.mlclife.com.au,Senior Analyst - Digital,Kiran (Group 3) Downer,None,None,null,Melbourne,null,3000,AU,null,Permanent,45,MLC Limited,null,3E+14,Heather.Hernandez@ad.mlclife.com.au,ORA_HRX_NONSPECIFIC,null,Group 3,AU,8/10/2017,null,null,3E+14,Kiran.Downer,TRUE
Jillian.Phillips@ad.mlclife.com.au,Jillian,Phillips,null,null,null,Jillian.Phillips@ad.mlclife.com.au,Analyst - Business Manage,Jillian Phillips,None,None,null,WAMURAN,New South Wales,4512,AU,null,Contractor,MLC_194,MLC Limited,null,3E+14,Cheryl.Jackson@ad.mlclife.com.au,F,null,null,AU,8/10/2017,null,null,3E+14,Jillian.Phillips,TRUE
Shane.Sullivan@ad.mlclife.com.au,Shane,Sullivan,null,null,null,Shane.Sullivan@ad.mlclife.com.au,Senior Analyst - Customer Support,Shane Sullivan,None,None,null,null,null,null,null,null,Contractor,MLC_159,MLC Limited,null,3E+14,null,M,null,null,null,1/1/2006,null,null,3E+14,Shane.Sullivan,TRUE
Petr.Sedina@ad.mlclife.com.au,Petr,Sedina,null,null,null,Petr.Sedina@ad.mlclife.com.au,null,Petr (Petr Sedina) Sedina,None,250 7 98765432,91 80 12345678,Docklands,Victoria,3008,AU,null,Contractor,96,MLC Limited,null,null,null,null,61 3 90991212,Petr Sedina,AU,8/11/2017,null,null,3E+14,null,TRUE
Michael.Flores@ad.mlclife.com.au,Michael,Flores,null,null,null,Michael.Flores@ad.mlclife.com.au,Head of Claims,Michael Flores,None,None,null,null,null,null,null,null,Permanent,MLC_107,MLC Limited,null,3E+14,John.Collins@ad.mlclife.com.au,M,null,null,null,1/1/2004,null,null,3E+14,Michael.Flores,TRUE
Jaswinder.Franco@ad.mlclife.com.au,Jaswinder,Franco,null,null,null,Jaswinder.Franco@ad.mlclife.com.au,null,Jaswinder Franco,None,None,null,Melbourne,Victoria,3000,AU,null,Director,82,MLC Limited,null,3E+14,null,M,null,null,AU,8/7/2017,null,null,3E+14,Jaswinder.Franco,TRUE
Anthony.Cooper@ad.mlclife.com.au,Anthony,Cooper,null,null,null,Anthony.Cooper@ad.mlclife.com.au,Manager - Under Writing,Anthony Cooper,None,None,null,null,null,null,null,null,Permanent,MLC_121,MLC Limited,null,3E+14,Stephen.Morris@ad.mlclife.com.au,M,null,null,null,1/1/2004,null,null,3E+14,Anthony.Cooper,TRUE
SITFN15.SITLN15@ad.mlclife.com.au,SITFN15,SITLN15,null,null,null,userokta82@gmail.com,null,SITFN15 SITLN15,None,61 4 1234346457,null,Melbourne,Victoria,3000,AU,null,null,98,null,null,null,null,M,null,null,AU,8/11/2017,8/13/2019,null,3E+14,SITFN15.SITLN15,TRUE
Steve.Jobs@ad.mlclife.com.au,Steve,Jobs,null,null,null,userokta82@gmail.com,null,Steve Jobs,None,None,null,Melbourne CBD,null,3000,AU,null,Permanent,55,MLC Limited,null,3E+14,Mark.Rogers@ad.mlclife.com.au,M,null,null,AU,8/11/2017,null,null,3E+14,Steve.Jobs,TRUE
Andrew.Cox@ad.mlclife.com.au,Andrew,Cox,null,null,null,MLC_139@mlcldonotreply.com,Team Member - Sales,Andrew Cox,None,None,null,null,null,null,null,null,Permanent,MLC_139,MLC Limited,null,3E+14,Gary.Cook@ad.mlclife.com.au,M,null,null,null,1/1/2006,null,null,3E+14,Andrew.Cox,TRUE
MLC_112@ad.mlclife.com.au,Margaret,Jones,null,null,null,MLC_112@mlcldonotreply.com,Head of Technology,Margaret Jones,None,None,null,null,null,null,null,null,Permanent,MLC_112,MLC Limited,null,3E+14,MLC_104@ad.mlclife.com.au,F,null,null,null,1/1/2004,null,null,3E+14,MLC_112@mlcldonotreply.com,TRUE
Apurva.Graeme@ad.mlclife.com.au,Apurva,Graeme,null,null,null,Apurva.Graeme@ad.mlclife.com.au,Manager - Digital,Apurva (Group 4) Graeme,None,None,null,Melbourne,null,3000,AU,null,Permanent,46,MLC Limited,null,3E+14,Heather.Hernandez@ad.mlclife.com.au,ORA_HRX_NONSPECIFIC,null,Group 4,AU,8/11/2017,null,null,3E+14,Apurva.Graeme,TRUE
Mikhayhu.Grosse@ad.mlclife.com.au,Mikhayhu,Grosse,null,null,null,Mikhayhu.Grosse@ad.mlclife.com.au,Analyst - Claims,Mikhayhu (Mickey) Grosse,None,None,null,Melbourne,Victoria,3000,AU,null,Permanent,57,MLC Limited,null,3E+14,Heather.Hernandez@ad.mlclife.com.au,ORA_HRX_NONSPECIFIC,null,Mickey,AU,1/1/2017,null,null,3E+14,Mikhayhu.Grosse,TRUE
Gary.Cook@ad.mlclife.com.au,Gary,Cook,null,null,null,Gary.Cook@ad.mlclife.com.au,Tester - Sales,Gary Cook,None,None,null,null,null,null,null,null,Permanent,MLC_117,MLC Limited,null,3E+14,MLC_106@ad.mlclife.com.au,M,null,null,null,1/1/2004,null,null,3E+14,Gary.Cook,TRUE
Ashlee.John@ad.mlclife.com.au,Ashlee,John,null,null,null,userokta82@gmail.com,null,Ashlee John,None,None,null,Melbourne,null,3000,AU,null,Director,63,MLC Limited,null,3E+14,MLC_115@ad.mlclife.com.au,null,null,null,AU,8/11/2017,null,null,3E+14,Ashlee.John,TRUE
Linda.Gonzalez@ad.mlclife.com.au,Linda,Gonzalez,null,null,null,MLC_170@mlcldonotreply.com,Analyst - Marketing,Linda Gonzalez,None,None,null,null,null,null,null,null,Permanent,MLC_170,MLC Limited,null,3E+14,Elizabeth.Wilson@ad.mlclife.com.au,F,null,null,null,1/1/2006,null,null,3E+14,Linda.Gonzalez,TRUE
Testfirst.Defect@ad.mlclife.com.au,Testfirst,Defect,null,null,null,Testfirst.Defect@ad.mlclife.com.au,null,Testfirst Defect,None,None,null,Melbourne,null,3000,AU,null,Permanent,15,MLC Limited,null,null,null,null,null,null,AU,8/11/2017,null,null,3E+14,Testfirst.Defect,TRUE
Lanh-Yu.Daniel-Old@ad.mlclife.com.au,Lanh-Yu,Daniel-Old,null,null,null,Lanh-Yu.Daniel-Old@ad.mlclife.com.au,Analyst - Claims,Lanh-Yu Daniel-Old,None,None,null,Melbourne,Victoria,3000,AU,null,Permanent,74,MLC Limited,null,3E+14,null,F,null,null,AU,8/1/2017,null,null,3E+14,Lanh-Yu.Daniel-Old,TRUE
Glen.Gen@ad.mlclife.com.au,Glen,Gen,null,null,null,MLC_184@mlcldonotreply.com,Team Member - Human Resources,Glen Gen,None,None,null,null,null,null,null,null,Permanent,MLC_184,MLC Limited,null,3E+14,Heather.Hernandez@ad.mlclife.com.au,F,null,null,null,1/1/2006,null,null,3E+14,Glen.Gen,TRUE
Martina.Ticha@ad.mlclife.com.au,Martina,Ticha,null,null,null,martina.ticha@mlcinsurance.com.au,Analyst - Claims,Martina (Martina Ticha) Ticha,None,4 69896734,null,Melbourne,Victoria,3000,AU,null,Permanent,21950002,MLC Limited,null,3E+14,null,F,null,Martina Ticha,AU,8/14/2017,null,null,3E+14,Martina.Ticha,TRUE
Tim.Henman@ad.mlclife.com.au,Tim,Henman,null,null,null,userokta82@gmail.com,Analyst - Claims,Tim Henman,None,None,null,North Sydney ,New South Wales,2060,AU,null,Contractor,50,MLC Limited,null,3E+14,MLC_106@ad.mlclife.com.au,M,null,null,AU,6/19/2017,null,null,3E+14,Tim.Henman,TRUE
MLC_103@ad.mlclife.com.au,Jennifer,Smith,null,null,null,userokta82@gmail.com,Chief,Jennifer Smith,None,None,null,null,null,null,null,null,Permanent,MLC_103,MLC Limited,null,3E+14,Peter.Parker@ad.mlclife.com.au,F,null,null,null,1/1/2002,null,null,3E+14,MLC_103@mlcldonotreply.com,TRUE
Christine.Williams@ad.mlclife.com.au,Christine,Williams,null,null,null,userokta82@gmail.com,Chief,Christine Williams,None,None,null,null,null,null,null,null,Permanent,MLC_105,MLC Limited,null,3E+14,Peter.Parker@ad.mlclife.com.au,F,null,null,null,1/1/2002,null,null,3E+14,Christine.Williams,TRUE
Sandra.Martin@ad.mlclife.com.au,Sandra,Martin,null,null,null,userokta82@gmail.com,Manager - Business Manage,Sandra Martin,None,None,null,null,null,null,null,null,Contractor,MLC_134,MLC Limited,null,3E+14,MLC_115@ad.mlclife.com.au,F,null,null,null,1/1/2004,null,null,3E+14,Sandra.Martin,TRUE
Cheryl.Jackson@ad.mlclife.com.au,Cheryl,Jackson,null,null,null,userokta82@gmail.com,Analyst - Digital,Cheryl Jackson,None,None,null,null,null,null,null,null,Contractor,MLC_135,MLC Limited,null,3E+14,MLC_115@ad.mlclife.com.au,F,null,null,null,1/1/2004,null,null,3E+14,Cheryl.Jackson,TRUE
Kevin.Howard@ad.mlclife.com.au,Kevin,Howard,null,null,null,userokta82@gmail.com,Analyst - Sales,Kevin Howard,None,None,null,null,null,null,null,null,Permanent,MLC_137,MLC Limited,null,3E+14,Paul.Rivera@ad.mlclife.com.au,M,null,null,null,1/1/2006,null,null,3E+14,Kevin.Howard,TRUE
Patricia.White@ad.mlclife.com.au,Patricia,White,null,null,null,userokta82@gmail.com,Analyst - Marketing,Patricia White,None,None,null,null,null,null,null,null,Permanent,MLC_167,MLC Limited,null,3E+14,Robyn.Rodriguez@ad.mlclife.com.au,F,null,null,null,1/1/2006,null,null,3E+14,Patricia.White,TRUE
Maureen.Mitchell@ad.mlclife.com.au,Maureen,Mitchell,null,null,null,userokta82@gmail.com,Analyst - Business Manage,Maureen Mitchell,None,None,null,null,null,null,null,null,Contractor,MLC_191,MLC Limited,null,3E+14,Sandra.Martin@ad.mlclife.com.au,F,null,null,null,1/1/2006,null,null,3E+14,Maureen.Mitchell,TRUE
Colin.Diaz@ad.mlclife.com.au,Colin,Diaz,null,null,null,userokta82@gmail.com,Analyst - Sales,Colin Diaz,None,None,null,null,null,null,null,null,Permanent,MLC_140,MLC Limited,null,3E+14,Gary.Cook@ad.mlclife.com.au,M,null,null,null,1/1/2006,null,null,3E+14,Colin.Diaz,TRUE
Philip.Reyes@ad.mlclife.com.au,Philip,Reyes,null,null,null,userokta82@gmail.com,Team Member - Under Writing,Philip Reyes,None,None,null,null,null,null,null,null,Permanent,MLC_148,MLC Limited,null,3E+14,Christopher.Peterson@ad.mlclife.com.au,M,null,null,null,1/1/2006,null,null,3E+14,Philip.Reyes,TRUE
Russell.Myers@ad.mlclife.com.au,Russell,Myers,null,null,null,userokta82@gmail.com,Analyst - Under Writing,Russell Myers,None,None,null,null,null,null,null,null,Permanent,MLC_152,MLC Limited,null,3E+14,Anthony.Cooper@ad.mlclife.com.au,M,null,null,null,1/1/2006,null,null,3E+14,Russell.Myers,TRUE
Malcolm.Perry@ad.mlclife.com.au,Malcolm,Perry,null,null,null,userokta82@gmail.com,Team Member - Product Manage,Malcolm Perry,None,None,null,null,null,null,null,null,Contractor,MLC_163,MLC Limited,null,3E+14,Brian.Gomez@ad.mlclife.com.au,M,null,null,null,1/1/2006,null,null,3E+14,Malcolm.Perry,TRUE
Pauline.Ramirez@ad.mlclife.com.au,Pauline,Ramirez,null,null,null,userokta82@gmail.com,Senior Analyst - Human Resources,Pauline Ramirez,None,None,null,null,null,null,null,null,Permanent,MLC_189,MLC Limited,null,3E+14,MLC_106@ad.mlclife.com.au,F,null,null,null,1/1/2006,null,null,3E+14,Pauline.Ramirez,TRUE
Annette.Evans@ad.mlclife.com.au,Annette,Evans,null,null,null,userokta82@gmail.com,Analyst - Claims,Annette Evans,None,None,null,null,null,null,null,null,Contractor,MLC_195,MLC Limited,null,3E+14,Heather.Hernandez@ad.mlclife.com.au,F,null,null,null,1/1/2006,null,null,3E+14,Annette.Evans,TRUE
Peter.Parker@ad.mlclife.com.au,Peter,Parker,null,null,null,userokta82@gmail.com,CEO,Peter (Pete) Parker,None,None,null,null,null,null,null,null,Permanent,MLC_100,MLC Limited,null,null,null,M,null,Pete,null,1/1/2000,null,null,3E+14,Peter.Parker,TRUE
William.Reed@ad.mlclife.com.au,William,Reed,null,null,null,userokta82@gmail.com,Manager - Customer Support,William Reed,None,None,null,null,null,null,null,null,Permanent,MLC_122,MLC Limited,null,3E+14,Ian.Nguyen@ad.mlclife.com.au,M,null,null,null,1/1/2004,null,null,3E+14,William.Reed,TRUE
Wendy.Taylor@ad.mlclife.com.au,Wendy,Taylor,null,null,null,userokta82@gmail.com,Manager - Digital,Wendy Taylor,None,None,null,null,null,null,null,null,Permanent,MLC_130,MLC Limited,null,3E+14,MLC_113@ad.mlclife.com.au,F,null,null,null,1/1/2004,null,null,3E+14,Wendy.Taylor,TRUE
Jeffrey.Sanders@ad.mlclife.com.au,Jeffrey,Sanders,null,null,null,userokta82@gmail.com,Analyst - Customer Support,Jeffrey Sanders,None,None,null,null,null,null,null,null,Permanent,MLC_155,MLC Limited,null,3E+14,William.Reed@ad.mlclife.com.au,M,null,null,null,1/1/2006,null,null,3E+14,Jeffrey.Sanders,TRUE
Douglas.Ortiz@ad.mlclife.com.au,Douglas,Ortiz,null,null,null,userokta82@gmail.com,Analyst - Product Manage,Douglas Ortiz,None,None,null,null,null,null,null,null,Contractor,MLC_161,MLC Limited,null,3E+14,null,M,null,null,null,1/1/2006,null,null,3E+14,Douglas.Ortiz,TRUE
Glenn.Jenkins@ad.mlclife.com.au,Glenn,Jenkins,null,null,null,userokta82@gmail.com,Senior Analyst - Product Manage,Glenn Jenkins,None,None,null,null,null,null,null,null,Contractor,MLC_162,MLC Limited,null,3E+14,null,M,null,null,null,1/1/2006,null,null,3E+14,Glenn.Jenkins,TRUE
Dianne.Thompson@ad.mlclife.com.au,Dianne,Thompson,null,null,null,userokta82@gmail.com,Team Member - Marketing,Dianne Thompson,None,None,null,null,null,null,null,null,Permanent,MLC_166,MLC Limited,null,3E+14,Robyn.Rodriguez@ad.mlclife.com.au,F,null,null,null,1/1/2006,null,null,3E+14,Dianne.Thompson,TRUE
Debra.Lopez@ad.mlclife.com.au,Debra,Lopez,null,null,null,userokta82@gmail.com,Senior Analyst - Marketing,Debra Lopez,None,None,null,null,null,null,null,null,Permanent,MLC_168,MLC Limited,null,3E+14,Robyn.Rodriguez@ad.mlclife.com.au,F,null,null,null,1/1/2006,null,null,3E+14,Debra.Lopez,TRUE
Janet.Harris@ad.mlclife.com.au,Janet,Harris,null,null,null,userokta82@gmail.com,Senior Analyst - Marketing,Janet Harris,None,None,null,null,null,null,null,null,Permanent,MLC_171,MLC Limited,null,3E+14,Elizabeth.Wilson@ad.mlclife.com.au,F,null,null,null,1/1/2006,null,null,3E+14,Janet.Harris,TRUE
Suzanne.Lewis@ad.mlclife.com.au,Suzanne,Lewis,null,null,null,userokta82@gmail.com,Analyst - Technology,Suzanne Lewis,None,None,null,null,null,null,null,null,Permanent,MLC_173,MLC Limited,null,3E+14,Anne.Martinez@ad.mlclife.com.au,F,null,null,null,1/1/2006,null,null,3E+14,Suzanne.Lewis,TRUE
Denise.Perez@ad.mlclife.com.au,Denise,Perez,null,null,null,userokta82@gmail.com,Analyst - Technology,Denise Perez,None,None,null,null,null,null,null,null,Permanent,MLC_176,MLC Limited,null,3E+14,Karen.Anderson@ad.mlclife.com.au,F,null,null,null,1/1/2006,null,null,3E+14,Denise.Perez,TRUE
Ann.Sanchez@ad.mlclife.com.au,Ann,Sanchez,null,null,null,userokta82@gmail.com,Senior Analyst - Digital,Ann Sanchez,None,None,null,null,null,null,null,null,Permanent,MLC_180,MLC Limited,null,3E+14,Wendy.Taylor@ad.mlclife.com.au,F,null,null,null,1/1/2006,null,null,3E+14,Ann.Sanchez,TRUE
Kathleen.Scott@ad.mlclife.com.au,Kathleen,Scott,null,null,null,userokta82@gmail.com,Senior Analyst - Digital,Kathleen Scott,None,None,null,null,null,null,null,null,Permanent,MLC_183,MLC Limited,null,3E+14,Pamela.Thomas@ad.mlclife.com.au,F,null,null,null,1/1/2006,null,null,3E+14,Kathleen.Scott,TRUE
Gail.Nelson@ad.mlclife.com.au,Gail,Nelson,null,null,null,userokta82@gmail.com,Team Member - Human Resources,Gail Nelson,None,None,null,null,null,null,null,null,Permanent,MLC_187,MLC Limited,null,3E+14,MLC_115@ad.mlclife.com.au,F,null,null,null,1/1/2006,null,null,3E+14,Gail.Nelson,TRUE
Sharon.Hill@ad.mlclife.com.au,Sharon,Hill,null,null,null,userokta82@gmail.com,Analyst - Human Resources,Sharon Hill,None,None,null,null,null,null,null,null,Permanent,MLC_188,MLC Limited,null,3E+14,MLC_106@ad.mlclife.com.au,F,null,null,null,1/1/2006,null,null,3E+14,Sharon.Hill,TRUE
Maree.Roberts@ad.mlclife.com.au,Maree,Roberts,null,null,null,userokta82@gmail.com,Team Member - Human Resources,Maree Roberts,None,None,null,null,null,null,null,null,Contractor,MLC_192,MLC Limited,null,3E+14,Sandra.Martin@ad.mlclife.com.au,F,null,null,null,1/1/2006,null,null,3E+14,Maree.Roberts,TRUE
MLC_104@ad.mlclife.com.au,Susan,Johnson,null,null,null,userokta82@gmail.com,Chief,Susan Johnson,None,None,null,null,null,null,null,null,Permanent,MLC_104,MLC Limited,null,3E+14,Peter.Parker@ad.mlclife.com.au,F,null,null,null,1/1/2002,null,null,3E+14,MLC_104@mlcldonotreply.com,TRUE
Christopher.Peterson@ad.mlclife.com.au,Christopher,Peterson,null,null,null,userokta82@gmail.com,Manager - Under Writing,Christopher Peterson,None,None,null,null,null,null,null,null,Permanent,MLC_120,MLC Limited,null,3E+14,Stephen.Morris@ad.mlclife.com.au,M,null,null,null,1/1/2004,null,null,3E+14,Christopher.Peterson,TRUE
Brian.Gomez@ad.mlclife.com.au,Brian,Gomez,null,null,null,userokta82@gmail.com,Manager - Product Manage,Brian Gomez,None,None,null,null,null,null,null,null,Permanent,MLC_125,MLC Limited,null,3E+14,MLC_111@ad.mlclife.com.au,M,null,null,null,1/1/2004,null,null,3E+14,Brian.Gomez,TRUE
Anne.Martinez@ad.mlclife.com.au,Anne,Martinez,null,null,null,userokta82@gmail.com,Manager - Technology,Anne Martinez,None,None,null,null,null,null,null,null,Permanent,MLC_128,MLC Limited,null,3E+14,MLC_112@ad.mlclife.com.au,F,null,null,null,1/1/2004,null,null,3E+14,Anne.Martinez,TRUE
Raymond.Richardson@ad.mlclife.com.au,Raymond,Richardson,null,null,null,userokta82@gmail.com,Senior Analyst - Sales,Raymond Richardson,None,None,null,null,null,null,null,null,Permanent,MLC_141,MLC Limited,null,3E+14,Gary.Cook@ad.mlclife.com.au,M,null,null,null,1/1/2006,null,null,3E+14,Raymond.Richardson,TRUE
Garry.Hughes@ad.mlclife.com.au,Garry,Hughes,null,null,null,userokta82@gmail.com,Senior Analyst - Under Writing,Garry Hughes,None,None,null,null,null,null,null,null,Permanent,MLC_150,MLC Limited,null,3E+14,Christopher.Peterson@ad.mlclife.com.au,M,null,null,null,1/1/2006,null,null,3E+14,Garry.Hughes,TRUE
Graham.Long@ad.mlclife.com.au,Graham,Long,null,null,null,userokta82@gmail.com,Senior Analyst - Under Writing,Graham Long,None,None,null,null,null,null,null,null,Permanent,MLC_153,MLC Limited,null,3E+14,Anthony.Cooper@ad.mlclife.com.au,M,null,null,null,1/1/2006,null,null,3E+14,Graham.Long,TRUE
Ross.Ross@ad.mlclife.com.au,Ross,Ross,null,null,null,userokta82@gmail.com,Senior Analyst - Customer Support,Ross Ross,None,None,null,null,null,null,null,null,Contractor,MLC_156,MLC Limited,null,3E+14,William.Reed@ad.mlclife.com.au,M,null,null,null,1/1/2006,null,null,3E+14,Ross.Ross,TRUE
Rhonda.Walker@ad.mlclife.com.au,Rhonda,Walker,null,null,null,userokta82@gmail.com,Team Member - Technology,Rhonda Walker,None,None,null,null,null,null,null,null,Permanent,MLC_175,MLC Limited,null,3E+14,Karen.Anderson@ad.mlclife.com.au,F,null,null,null,1/1/2006,null,null,3E+14,Rhonda.Walker,TRUE
Robyn.Rodriguez@ad.mlclife.com.au,Robyn,Rodriguez,null,null,null,userokta82@gmail.com,Manager - Marketing,Robyn Rodriguez,None,None,null,null,null,null,null,null,Permanent,MLC_126,MLC Limited,null,3E+14,MLC_111@ad.mlclife.com.au,F,null,null,null,1/1/2004,null,null,3E+14,Robyn.Rodriguez,TRUE
Mary.Moore@ad.mlclife.com.au,Mary,Moore,null,null,null,userokta82@gmail.com,Manager - Human Resources,Mary Moore,None,None,null,null,null,null,null,null,Contractor,MLC_133,MLC Limited,null,3E+14,Judith.Davis@ad.mlclife.com.au,F,null,null,null,1/1/2004,null,null,3E+14,Mary.Moore,TRUE
Alan.Ward@ad.mlclife.com.au,Alan,Ward,null,null,null,userokta82@gmail.com,Senior Analyst - Sales,Alan Ward,None,None,null,null,null,null,null,null,Permanent,MLC_138,MLC Limited,null,3E+14,Paul.Rivera@ad.mlclife.com.au,M,null,null,null,1/1/2006,null,null,3E+14,Alan.Ward,TRUE
Ronald.Watson@ad.mlclife.com.au,Ronald,Watson,null,null,null,userokta82@gmail.com,Analyst - Claims,Ronald Watson,None,None,null,null,null,null,null,null,Permanent,MLC_143,MLC Limited,null,3E+14,Mark.Rogers@ad.mlclife.com.au,M,null,null,null,1/1/2006,null,null,3E+14,Ronald.Watson,TRUE
Donald.Russell@ad.mlclife.com.au,Donald,Russell,null,null,null,userokta82@gmail.com,Team Member - Product Manage,Donald Russell,None,None,null,null,null,null,null,null,Contractor,MLC_160,MLC Limited,null,3E+14,null,M,null,null,null,1/1/2006,null,null,3E+14,Donald.Russell,TRUE
Diane.Young@ad.mlclife.com.au,Diane,Young,null,null,null,userokta82@gmail.com,Team Member - Digital,Diane Young,None,None,null,null,null,null,null,null,Permanent,MLC_178,MLC Limited,null,3E+14,Wendy.Taylor@ad.mlclife.com.au,F,null,null,null,1/1/2006,null,null,3E+14,Diane.Young,TRUE
Elizabeth.Wilson@ad.mlclife.com.au,Elizabeth,Wilson,null,null,null,userokta82@gmail.com,Manager - Marketing,Elizabeth Wilson,None,None,null,null,null,null,null,null,Permanent,MLC_127,MLC Limited,null,3E+14,MLC_111@ad.mlclife.com.au,F,null,null,null,1/1/2004,null,null,3E+14,Elizabeth.Wilson,TRUE
Pamela.Thomas@ad.mlclife.com.au,Pamela,Thomas,null,null,null,userokta82@gmail.com,Manager - Digital,Pamela Thomas,None,None,null,null,null,null,null,null,Permanent,MLC_131,MLC Limited,null,3E+14,MLC_113@ad.mlclife.com.au,F,null,null,null,1/1/2004,null,null,3E+14,Pamela.Thomas,TRUE
Kenneth.Kelly@ad.mlclife.com.au,Kenneth,Kelly,null,null,null,userokta82@gmail.com,Team Member - Sales,Kenneth Kelly,None,None,null,null,null,null,null,null,Permanent,MLC_136,MLC Limited,null,3E+14,Paul.Rivera@ad.mlclife.com.au,M,null,null,null,1/1/2006,null,null,3E+14,Kenneth.Kelly,TRUE
Rodney.Gray@ad.mlclife.com.au,Rodney,Gray,null,null,null,userokta82@gmail.com,Analyst - Claims,Rodney Gray,None,None,null,null,null,null,null,null,Permanent,MLC_146,MLC Limited,null,3E+14,Geoffrey.Morgan@ad.mlclife.com.au,M,null,null,null,1/1/2006,null,null,3E+14,Rodney.Gray,TRUE
Deborah.Robinson@ad.mlclife.com.au,Deborah,Robinson,null,null,null,userokta82@gmail.com,Team Member - Human Resources,Deborah Robinson,None,None,null,null,null,null,null,null,Permanent,MLC_174,MLC Limited,null,3E+14,Anne.Martinez@ad.mlclife.com.au,F,null,null,null,1/1/2006,null,null,3E+14,Deborah.Robinson,TRUE
Vicki.King@ad.mlclife.com.au,Vicki,King,null,null,null,userokta82@gmail.com,Analyst - Digital,Vicki King,None,None,null,null,null,null,null,null,Permanent,MLC_182,MLC Limited,null,3E+14,Pamela.Thomas@ad.mlclife.com.au,F,null,null,null,1/1/2006,null,null,3E+14,Vicki.King,TRUE
Robert.Edwards@ad.mlclife.com.au,Robert,Edwards,null,null,null,userokta82@gmail.com,Chief,Robert Edwards,None,None,null,null,null,null,null,null,Permanent,MLC_102,MLC Limited,null,3E+14,Peter.Parker@ad.mlclife.com.au,M,null,null,null,1/1/2002,null,null,3E+14,Robert.Edwards,TRUE
Stephen.Morris@ad.mlclife.com.au,Stephen,Morris,null,null,null,userokta82@gmail.com,Head of Under Writing,Stephen Morris,None,None,null,null,null,null,null,null,Permanent,MLC_108,MLC Limited,null,3E+14,Robert.Edwards@ad.mlclife.com.au,M,null,null,null,1/1/2004,null,null,3E+14,Stephen.Morris,TRUE
Ian.Nguyen@ad.mlclife.com.au,Ian,Nguyen,null,null,null,userokta82@gmail.com,Head of Customer Support,Ian Nguyen,None,None,null,null,null,null,null,null,Permanent,MLC_109,MLC Limited,null,3E+14,Robert.Edwards@ad.mlclife.com.au,M,null,null,null,1/1/2004,null,null,3E+14,Ian.Nguyen,TRUE
Geoffrey.Morgan@ad.mlclife.com.au,Geoffrey,Morgan,null,null,null,userokta82@gmail.com,Manager - Claims,Geoffrey Morgan,None,None,null,null,null,null,null,null,Permanent,MLC_119,MLC Limited,null,3E+14,Michael.Flores@ad.mlclife.com.au,M,null,null,null,1/1/2004,null,null,3E+14,Geoffrey.Morgan,TRUE
Trevor.James@ad.mlclife.com.au,Trevor,James,null,null,null,userokta82@gmail.com,Senior Analyst - Claims,Trevor James,None,None,null,null,null,null,null,null,Permanent,MLC_147,MLC Limited,null,3E+14,Geoffrey.Morgan@ad.mlclife.com.au,M,null,null,null,1/1/2006,null,null,3E+14,Trevor.James,TRUE
Steven.Morales@ad.mlclife.com.au,Steven,Morales,null,null,null,userokta82@gmail.com,Team Member - Customer Support,Steven Morales,None,None,null,null,null,null,null,null,Contractor,MLC_157,MLC Limited,null,3E+14,null,M,null,null,null,1/1/2006,null,null,3E+14,Steven.Morales,TRUE
Barbara.Lee@ad.mlclife.com.au,Barbara,Lee,null,null,null,userokta82@gmail.com,Tester - Sales,Barbara Lee,None,None,null,null,null,null,null,null,Permanent,MLC_169,MLC Limited,null,3E+14,Elizabeth.Wilson@ad.mlclife.com.au,F,null,null,null,1/1/2006,null,null,3E+14,Barbara.Lee,TRUE
Maria.Hall@ad.mlclife.com.au,Maria,Hall,null,null,null,userokta82@gmail.com,Senior Analyst - Technology,Maria Hall,None,None,null,null,null,null,null,null,Permanent,MLC_177,MLC Limited,null,3E+14,Karen.Anderson@ad.mlclife.com.au,F,null,null,null,1/1/2006,null,null,3E+14,Maria.Hall,TRUE
MLC_106@ad.mlclife.com.au,David,Stewart,null,null,null,userokta82@gmail.com,Head of Sales,David Stewart,None,None,null,null,null,null,null,null,Permanent,MLC_106,MLC Limited,null,3E+14,John.Collins@ad.mlclife.com.au,M,null,null,null,1/1/2004,null,null,3E+14,MLC_106@mlcldonotreply.com,TRUE
James.Wood@ad.mlclife.com.au,James,Wood,null,null,null,userokta82@gmail.com,Team Member - Claims,James Wood,None,None,null,null,null,null,null,null,Permanent,MLC_142,MLC Limited,null,3E+14,Mark.Rogers@ad.mlclife.com.au,M,null,null,null,1/1/2006,null,null,3E+14,James.Wood,TRUE
Phillip.Price@ad.mlclife.com.au,Phillip,Price,null,null,null,userokta82@gmail.com,Team Member - Under Writing,Phillip Price,None,None,null,null,null,null,null,null,Permanent,MLC_151,MLC Limited,null,3E+14,Anthony.Cooper@ad.mlclife.com.au,M,null,null,null,1/1/2006,null,null,3E+14,Phillip.Price,TRUE
Barry.Foster@ad.mlclife.com.au,Barry,Foster,null,null,null,userokta82@gmail.com,Team Member - Customer Support,Barry Foster,None,None,null,null,null,null,null,null,Permanent,MLC_154,MLC Limited,null,3E+14,William.Reed@ad.mlclife.com.au,M,null,null,null,1/1/2006,null,null,3E+14,Barry.Foster,TRUE
MLC_196@ad.mlclife.com.au,Sophia,Lee,null,null,null,userokta82@gmail.com,null,Sophia Lee,None,None,null,null,null,null,null,null,Permanent,MLC_196,MLC Limited,null,3E+14,Peter.Parker@ad.mlclife.com.au,F,null,null,null,1/1/2002,null,null,3E+14,MLC_196@mlcldonotreply.com,TRUE
MLC_197@ad.mlclife.com.au,Emma,Johnson,null,null,null,userokta82@gmail.com,null,Emma Johnson,None,None,null,null,null,null,null,null,Permanent,MLC_197,MLC Limited,null,3E+14,MLC_196@ad.mlclife.com.au,F,null,null,null,1/1/2004,null,null,3E+14,MLC_197@mlcldonotreply.com,TRUE
MLC_198@ad.mlclife.com.au,Olivia,Smith,null,null,null,userokta82@gmail.com,null,Olivia Smith,None,None,null,null,null,null,null,null,Permanent,MLC_198,MLC Limited,null,3E+14,MLC_196@ad.mlclife.com.au,F,null,null,null,1/1/2004,null,null,3E+14,MLC_198@mlcldonotreply.com,TRUE
MLC_201@ad.mlclife.com.au,Aiden,Tan,null,null,null,userokta82@gmail.com,null,Aiden Tan,None,None,null,null,null,null,null,null,Permanent,MLC_201,MLC Limited,null,3E+14,MLC_197@ad.mlclife.com.au,M,null,null,null,1/1/2006,null,null,3E+14,MLC_201@mlcldonotreply.com,TRUE
Lucas.Bond@ad.mlclife.com.au,Lucas,Bond,null,null,null,userokta82@gmail.com,null,Lucas Bond,None,None,null,null,null,null,null,null,Permanent,MLC_202,MLC Limited,null,null,null,M,null,null,null,1/1/2006,null,null,3E+14,null,TRUE
MLC_203@ad.mlclife.com.au,Liam,Jackson,null,null,null,userokta82@gmail.com,null,Liam Jackson,None,None,null,null,null,null,null,null,Permanent,MLC_203,MLC Limited,null,3E+14,MLC_198@ad.mlclife.com.au,M,null,null,null,1/1/2006,null,null,3E+14,MLC_203@mlcldonotreply.com,TRUE
MLC_204@ad.mlclife.com.au,Robert,Higgs,null,null,null,userokta82@gmail.com,null,Robert Higgs,None,None,null,null,null,null,null,null,Permanent,MLC_204,MLC Limited,null,3E+14,MLC_198@ad.mlclife.com.au,M,null,null,null,1/1/2006,null,null,3E+14,MLC_204@mlcldonotreply.com,TRUE
MLC_199@ad.mlclife.com.au,Ava,Wilson,null,null,null,userokta82@gmail.com,null,Ava Wilson,None,None,null,null,null,null,null,null,Permanent,MLC_199,MLC Limited,null,3E+14,MLC_197@ad.mlclife.com.au,F,null,null,null,1/1/2006,null,null,3E+14,MLC_199@mlcldonotreply.com,TRUE
Richard.Hadley@ad.mlclife.com.au,Richard,Hadley,null,null,null,userokta82@gmail.com,null,Richard (Richie) Hadley,None,61  123456,null,Sydney,New South Wales,2000,AU,null,Permanent,1,MLC Limited,null,null,null,M,null,Richie,AU,1/1/2017,null,null,3E+14,Richard.Hadley,TRUE
Testfirst.Testlast@ad.mlclife.com.au,Testfirst,Testlast,null,null,null,userokta82@gmail.com,null,Testfirst Testlast,None,None,null,Melbourne,Victoria,3000,AU,null,Pending Worker,3,MLC Limited,null,3E+14,MLC_106@ad.mlclife.com.au,null,null,null,AU,5/8/2017,null,null,3E+14,Testfirst.Testlast,TRUE
Testfuture@ad.mlclife.com.au,Testfuture,Lastfuture,null,null,null,userokta82@gmail.com,null,Testfuture Lastfuture,None,None,null,Melbourne,Victoria,3000,AU,null,Pending Worker,4,MLC Limited,null,3E+14,MLC_106@ad.mlclife.com.au,null,null,null,AU,5/8/2017,null,null,3E+14,Testfuture,TRUE
Testpast.Lastpast@ad.mlclife.com.au,Testpast,Lastpast,null,null,null,userokta82@gmail.com,null,Testpast Lastpast,None,None,null,Melbourne,Victoria,3000,AU,null,Pending Worker,5,MLC Limited,null,null,null,null,null,null,AU,5/1/2017,null,null,3E+14,Testpast.Lastpast,TRUE
Testemployeetoday@ad.mlclife.com.au,Testemployeetoday,Todaytest,null,null,null,userokta82@gmail.com,null,Testemployeetoday Todaytest,None,None,null,Melbourne,null,3000,AU,null,Permanent,6,MLC Limited,null,null,null,null,null,null,AU,5/11/2017,null,null,3E+14,Testemployeetoday,TRUE
Nonfirst.Nonlast@ad.mlclife.com.au,Nonfirst,Nonlast,null,null,null,userokta82@gmail.com,null,Nonfirst Nonlast,None,None,null,Melbourne,null,3000,AU,null,null,7,MLC Limited,null,3E+14,Peter.Parker@ad.mlclife.com.au,null,null,null,AU,5/5/2016,null,null,3E+14,Nonfirst.Nonlast,TRUE
Lakshmi.Vukovi??@ad.mlclife.com.au,Lakshmi,Vukovi??,null,null,null,userokta82@gmail.com,null,Lakshmi Vukovi??,None,None,null,Melbourne,null,3008,AU,null,Pending Worker,16,MLC Limited,null,null,null,ORA_HRX_NONSPECIFIC,null,null,AU,5/17/2017,null,null,3E+14,Lakshmi.Vukovi??,TRUE
Lesley.Rosales@ad.mlclife.com.au,Lesley,Rosales,null,null,null,userokta82@gmail.com,Analyst - Claims,Lesley Rosales,None,None,null,Melbourne,null,3000,AU,null,Contractor,37,MLC Limited,null,3E+14,Heather.Hernandez@ad.mlclife.com.au,null,null,null,AU,5/1/2017,null,null,3E+14,Lesley.Rosales,TRUE
Lonide.Hermanson@ad.mlclife.com.au,L??onide,Hermanson,null,null,null,userokta82@gmail.com,Analyst - Claims,L??onide Hermanson,None,None,null,Melbourne,Victoria,3000,AU,null,Pending Worker,39,MLC Limited,null,3E+14,Heather.Hernandez@ad.mlclife.com.au,ORA_HRX_NONSPECIFIC,null,null,AU,6/2/2017,null,null,3E+14,Lonide.Hermanson,TRUE
Madhu.Leight@ad.mlclife.com.au,Madhu,Leight,null,null,null,userokta82@gmail.com,null,Madhu Leight,None,None,null,Melbourne,null,3000,AU,null,Contractor,41,MLC Limited,null,3E+14,Heather.Hernandez@ad.mlclife.com.au,ORA_HRX_NONSPECIFIC,null,null,AU,6/5/2017,null,null,3E+14,Madhu.Leight,TRUE
Yannic.Rutten@ad.mlclife.com.au,Yannic,Rutten,null,null,null,userokta82@gmail.com,null,Yannic Rutten,None,None,null,Melbourne,null,3000,AU,null,Contractor,42,MLC Limited,null,3E+14,Heather.Hernandez@ad.mlclife.com.au,null,null,null,AU,6/5/2017,null,null,3E+14,Yannic.Rutten,TRUE
Sung.Rothenburg@ad.mlclife.com.au,Sung,Rothenburg,null,null,null,userokta82@gmail.com,null,Sung Rothenburg,None,None,null,Melbourne,null,3000,AU,null,Permanent,44,MLC Limited,null,3E+14,Heather.Hernandez@ad.mlclife.com.au,null,null,null,AU,6/25/2017,null,null,3E+14,Sung.Rothenburg,TRUE
Andy.Roddick@ad.mlclife.com.au,Andy,Roddick,null,null,null,userokta82@gmail.com,Analyst - Actuarial Service,Andy Roddick,None,None,null,North Sydney,New South Wales,2060,AU,null,Permanent,51,MLC Limited,null,3E+14,MLC_106@ad.mlclife.com.au,M,null,null,AU,6/19/2017,null,null,3E+14,Andy.Roddick,TRUE
Sandhya.Shetty@ad.mlclife.com.au,Sandhya,Shetty,null,null,null,userokta82@gmail.com,Analyst - Finance,Sandhya Shetty,None,None,null,North Sydney,New South Wales,2060,AU,null,Contractor,49,MLC Limited,null,3E+14,MLC_111@ad.mlclife.com.au,F,null,null,AU,6/19/2017,null,null,3E+14,Sandhya.Shetty,TRUE
Vivian.Siena@ad.mlclife.com.au,Vivian,Siena,null,null,null,userokta82@gmail.com,Analyst - Claims,Vivian Siena,None,None,null,Melbourne,null,3000,AU,null,Permanent,53,MLC Limited,null,3E+14,Heather.Hernandez@ad.mlclife.com.au,null,null,null,AU,6/22/2017,null,null,3E+14,Vivian.Siena,TRUE
Kayin.Svoboda@ad.mlclife.com.au,Kayin,Svoboda,null,null,null,userokta82@gmail.com,null,Kayin Svoboda,None,None,null,Melbourne,Victoria,3000,AU,null,Permanent,56,MLC Limited,null,3E+14,Heather.Hernandez@ad.mlclife.com.au,null,null,null,AU,6/29/2017,null,null,3E+14,Kayin.Svoboda,TRUE
