login,OktaUserType
vincent.quach@accenture.com,null
Christopher.Lieberman@ad.mlclife.com.au,Permanent
gus.a.d'onofrio@mlcinsurance.com.au,null
anurag.c.tripathi@accenture.com,null
dbiswas@mlclimited.com,null
okta-admin@mlclimited.com,null
khoa.le-admin@mlclimited.com,null
user.test@mlclimited.com,null
sam.foote@ad.mlclife.com.au,Permanent
lisa.curran@ad.mlclife.com.au,Permanent
john.thomson@ad.mlclife.com.au,Permanent
Kelly.Ford@ad.mlclife.com.au,Permanent
Diane.Spagnuolo@ad.mlclife.com.au,Permanent
Catherine.Makris@ad.mlclife.com.au,Permanent
Tracey.Stanley@ad.mlclife.com.au,Permanent
Phillip.Moon@ad.mlclife.com.au,Permanent
William.Harris@ad.mlclife.com.au,Permanent
Lynsey.Ketelaar@ad.mlclife.com.au,Permanent
Robert.Coleman@ad.mlclife.com.au,Permanent
Gaurav.Singla@ad.mlclife.com.au,Outsourcer Onshore
Diem.Nguyen@ad.mlclife.com.au,Permanent
Anita.Hwang@ad.mlclife.com.au,Permanent
Sabrina.Tavalu@ad.mlclife.com.au,Permanent
Chelsea.Spagnuolo@ad.mlclife.com.au,Contractor
Siobhan.Pelc@ad.mlclife.com.au,Permanent
Emma.Wookey@ad.mlclife.com.au,Contractor
SooHo.Tan@ad.mlclife.com.au,Permanent
Anju.Samadhia@ad.mlclife.com.au,null
Marina.Oltoumis@ad.mlclife.com.au,Permanent
Luke.Slater@ad.mlclife.com.au,Permanent
Emily.Teh@ad.mlclife.com.au,Permanent
Paul.Alexandroff@ad.mlclife.com.au,Permanent
Amy.Myatt@ad.mlclife.com.au,Permanent
Naveen.Manda@ad.mlclife.com.au,Outsourcer Onshore
John.Burnett@ad.mlclife.com.au,Permanent
Michael.McKean@ad.mlclife.com.au,Permanent
KitMing.Fu@ad.mlclife.com.au,Permanent
Tanya.Turl@ad.mlclife.com.au,Permanent
Jacqui.Huntington@ad.mlclife.com.au,Permanent
Stephanie.Szabo@ad.mlclife.com.au,Contractor
Lauren.Willoughby@ad.mlclife.com.au,Permanent
Andreas.Vecchiet@ad.mlclife.com.au,Permanent
James.Cameron@ad.mlclife.com.au,Permanent
James.Connors@ad.mlclife.com.au,Permanent
Fiona.Williams@ad.mlclife.com.au,Permanent
Jennifer.Nunan@ad.mlclife.com.au,Permanent
helpdesk-admin@ad.mlclife.com.au,null
Christopher.McDowell@ad.mlclife.com.au,null
Ean.Brewty@ad.mlclife.com.au,null
joshua.di.paola@ad.mlclife.com.au,null
Smiley.Cirus@ad.mlclife.com.au,Fixed Term
Oliver.Acebes@ad.mlclife.com.au,Permanent
Mary.Doe@ad.mlclife.com.au,Permanent
Kaela.Kirchoff@ad.mlclife.com.au,Fixed Term
Denis.Fay@ad.mlclife.com.au,Permanent
Mark.Stanley@ad.mlclife.com.au,Permanent
Susan.Karson@ad.mlclife.com.au,Permanent
Mirna.Abdelmalek@ad.mlclife.com.au,Fixed Term
John.Samadhia@ad.mlclife.com.au,null
Alex.Kalff@ad.mlclife.com.au,Permanent
Jessie.Cory@ad.mlclife.com.au,Permanent
Marina.Kelman@ad.mlclife.com.au,Permanent
Robert.Drake@ad.mlclife.com.au,Permanent
Christie.Keller@ad.mlclife.com.au,Permanent
Jason.Williams@ad.mlclife.com.au,Permanent
Kayin.Lovell@ad.mlclife.com.au,Permanent
Adebola.Lyne@ad.mlclife.com.au,Permanent
Sri.Gustafsson@ad.mlclife.com.au,Permanent
Vinh.Valdez@ad.mlclife.com.au,Fixed Term
Vijaya.Molina@ad.mlclife.com.au,Casual
Ashley.Ingolfsson@ad.mlclife.com.au,Contractor
test.snowuser@mlclimited.com,null
Peta.Rake@ad.mlclife.com.au,Permanent
Corrie.Critsilis@ad.mlclife.com.au,Fixed Term
