login,firstName,lastName,status,lastLogin
a-Gonzalo.Ernst@mlcinsurance.com.au,Gonzalo,Ernst,PROVISIONED,None
a-Gus.Onofrio@mlcinsurance.com.au,Gus,D'Onofrio (Admin),PROVISIONED,None
Khoa.Le@ad.mlclife.com.au,Khoa,Le,PROVISIONED,None
MLC.GAIMPLEMENTATION@mlcinsurance.com.au,HCM MLC,GAIMPLEMENTATION,PROVISIONED,None
MLC.HCMIMPLEMENTATION@mlcinsurance.com.au,HCM MLC,HCMIMPLEMENTATION,PROVISIONED,None
a-techsupport@mlcinsurance.com.au,MLC ,TechSupport,PROVISIONED,None
a-Khoa.Le@mlcinsurance.com.au,Khoa,Le (Admin),ACTIVE,2017-09-22T02:34:50.000Z
a-alfred.tan@mlcinsurance.com.au,Alfred,Tan,ACTIVE,2017-09-12T12:28:21.000Z
a-Anurag.Tripathi@mlcinsurance.com.au,Anurag,Tripathi (Admin),ACTIVE,2017-09-22T06:42:20.000Z
a-Vincent.Quach@mlcinsurance.com.au,Vincent,Quach (Admin),ACTIVE,2017-09-22T05:27:34.000Z
okta.admin@mlcinsurance.com.au,OKTA,Admin,ACTIVE,2017-09-15T00:08:54.000Z
HCMUser@mlcinsurance.com.au,HCM,User,ACTIVE,2017-09-22T05:57:11.000Z
ERPUser@mlcinsurance.com.au,HCM ERP ,User,ACTIVE,2017-09-22T06:55:19.000Z
DCUser@mlcinsurance.com.au,HCM DC,User,ACTIVE,2017-09-21T10:24:36.000Z
MLC.GASCHEDULER@mlcinsurance.com,HCM MLC,GASCHEDULER,ACTIVE,2017-09-20T09:32:12.000Z
MLC.Integration@mlcinsurance.com.au,HCM MLC,Integration,ACTIVE,2017-09-20T09:38:34.000Z
MLC.HCMSCHEDULER@mlcinsurance.com.au,HCM MLC,HCMSCHEDULER,ACTIVE,2017-09-22T05:51:30.000Z
TechAdmin@mlclifeinsurance.com.au,HCM Tech,Admin,ACTIVE,2017-09-22T07:08:12.000Z
Lyal.Wyatt@ad.mlclife.com.au,Lyal,Wyatt,ACTIVE,2017-09-21T06:32:35.000Z
Francis.Barreira@ad.mlclife.com.au,Francis,Barreira,ACTIVE,2017-09-21T05:16:31.000Z
Alex.Andreadis@ad.mlclife.com.au,Alex,Andreadis,ACTIVE,2017-09-22T03:40:25.000Z
Divya.Joy@ad.mlclife.com.au,Divya,Joy,ACTIVE,2017-09-22T05:26:06.000Z
Alejandra.Vanegas@ad.mlclife.com.au,Alejandra,Vanegas,ACTIVE,2017-09-21T23:19:07.000Z
Tulip.Shah@ad.mlclife.com.au,Tulip,Shah,ACTIVE,2017-09-22T05:28:01.000Z
Kaela.Kirchoff@ad.mlclife.com.au,Kaela,Kirchoff,ACTIVE,2017-09-21T05:01:53.000Z
Courtney.Mills@ad.mlclife.com.au,Courtney,Mills,ACTIVE,2017-09-22T04:04:44.000Z
Say.Ek@ad.mlclife.com.au,Say,Ek,ACTIVE,2017-09-22T01:44:10.000Z
Ali.Mohammad@ad.mlclife.com.au,Ali,Mohammad,ACTIVE,2017-09-22T00:44:35.000Z
Corrie.Critsilis@ad.mlclife.com.au,Corrie,Critsilis,ACTIVE,2017-09-22T04:10:32.000Z
Peta.Rake@ad.mlclife.com.au,Peta,Rake,ACTIVE,2017-09-22T03:59:11.000Z
Symon.Geanellos@ad.mlclife.com.au,Symon,Geanellos,ACTIVE,2017-09-22T00:30:53.000Z
Chris.Stone@ad.mlclife.com.au,Chris,Stone,ACTIVE,2017-09-21T02:32:40.000Z
Elliott.Mitchell@ad.mlclife.com.au,Elliott,Mitchell,ACTIVE,2017-09-21T04:34:29.000Z
Rajeev.Prasad@ad.mlclife.com.au,Rajeev,Prasad,ACTIVE,2017-09-21T02:37:32.000Z
Jacqui.Huntington@ad.mlclife.com.au,Jacqui,Huntington,ACTIVE,2017-09-22T06:11:22.000Z
Robert.Coleman@ad.mlclife.com.au,Robert,Coleman,ACTIVE,2017-09-22T06:22:56.000Z
Kieran.Cunningham@ad.mlclife.com.au,Kieran,Cunningham,ACTIVE,2017-09-22T06:02:23.000Z
Lynsey.Ketelaar@ad.mlclife.com.au,Lynsey,Ketelaar,ACTIVE,2017-09-22T05:31:47.000Z
Dolores.Campang@ad.mlclife.com.au,Dolores,Campang,ACTIVE,2017-09-21T21:30:26.000Z
Amy.Choi@ad.mlclife.com.au,Amy,Choi,ACTIVE,2017-09-22T06:23:50.000Z
Khaled.Taher@ad.mlclife.com.au,Khaled,Taher,ACTIVE,2017-09-21T02:17:14.000Z
Georgina.Hazell@ad.mlclife.com.au,Georgina,Hazell,ACTIVE,2017-09-22T04:39:25.000Z
Anju.Samadhia@ad.mlclife.com.au,Anju,Samadhia,ACTIVE,2017-09-22T04:47:26.000Z
Shashank.Gupta@ad.mlclife.com.au,Shashank,Gupta,ACTIVE,2017-09-21T07:57:30.000Z
Sam.Foote@ad.mlclife.com.au,Sam,Foote,ACTIVE,2017-09-22T04:15:34.000Z
Gordana.Jokic@ad.mlclife.com.au,Gordana,Jokic,ACTIVE,None
Richard.Wilkins@ad.mlclife.com.au,Richard,Wilkins,ACTIVE,2017-09-22T01:57:36.000Z
Catherine.McEniry@ad.mlclife.com.au,Catherine,McEniry,ACTIVE,2017-09-22T04:36:30.000Z
Jennifer.Nunan@ad.mlclife.com.au,Jennifer,Nunan,ACTIVE,2017-09-22T01:13:18.000Z
Jacqueline.Connellan@ad.mlclife.com.au,Jacqueline,Connellan,ACTIVE,None
Rebekah.Harris@ad.mlclife.com.au,Rebekah,Harris,ACTIVE,None
Nicola.Finn@ad.mlclife.com.au,Nicola,Finn,ACTIVE,None
Samantha.Pratt@ad.mlclife.com.au,Samantha,Pratt,ACTIVE,None
Nitin.Shelar@ad.mlclife.com.au,Nitin,Shelar,ACTIVE,2017-09-22T05:58:47.000Z
Thomas.Sutherland@ad.mlclife.com.au,Thomas,Sutherland,ACTIVE,None
YenYen.Leong@ad.mlclife.com.au,Yen-Yen,Leong,ACTIVE,2017-09-22T04:13:31.000Z
Bronwyn.Wickett@ad.mlclife.com.au,Bronwyn,Wickett,ACTIVE,2017-09-22T02:15:37.000Z
Joseph.Cassar@ad.mlclife.com.au,Joseph,Cassar,ACTIVE,2017-09-21T23:30:10.000Z
Jennifer.Bundy@ad.mlclife.com.au,Jennifer,Bundy,ACTIVE,None
Vanessa.Mahady@ad.mlclife.com.au,Vanessa,Mahady,ACTIVE,2017-09-21T11:45:21.000Z
Robert.Drew@ad.mlclife.com.au,Robert,Drew,ACTIVE,2017-09-21T07:37:32.000Z
Janet.Foster@ad.mlclife.com.au,Janet,Foster,ACTIVE,None
Daniel.Duke@ad.mlclife.com.au,Daniel,Duke,ACTIVE,None
Sarah.Markou@ad.mlclife.com.au,Sarah,Markou,ACTIVE,None
Stefan.Petersen@ad.mlclife.com.au,Stefan,Petersen,ACTIVE,None
Fiona.Williams@ad.mlclife.com.au,Fiona,Williams,ACTIVE,None
Stephen.Spagnuolo@ad.mlclife.com.au,Stephen,Spagnuolo,ACTIVE,2017-09-22T00:31:00.000Z
Stuart.Flowers@ad.mlclife.com.au,Stuart,Flowers,ACTIVE,None
Matthew.Griggspall@ad.mlclife.com.au,Matthew,Griggspall,ACTIVE,None
Susan.Karson@ad.mlclife.com.au,Susan,Karson,ACTIVE,None
Simon.Alnakat@ad.mlclife.com.au,Simon,Al-Nakat,ACTIVE,None
Siobhan.Pelc@ad.mlclife.com.au,Siobhan,Pelc,ACTIVE,None
Beth.Stubberfield@ad.mlclife.com.au,Beth,Stubberfield,ACTIVE,None
Matthew.Oconnor@ad.mlclife.com.au,Matthew,O'Connor,ACTIVE,2017-09-22T05:05:56.000Z
Lane.Capron@ad.mlclife.com.au,Lane,Capron,ACTIVE,2017-09-22T07:02:24.000Z
Sharon.Kelly@ad.mlclife.com.au,Sharon,Kelly,ACTIVE,None
