id,name,label
0oa9xrh3p1xdUVdCE0h7,accenturedev530347_onpremflatfile_1,onprem-flatfile
0oaa44nuxt6dI08260h7,salesforce,Salesforce.com
0oaa487tya0zp9qOJ0h7,servicenow,ServiceNow
0oaa4ziywnBOjWeBb0h7,office365,Microsoft Office 365
0oaa5ipfxtqPccaXV0h7,active_directory,corp.oktademo.com
0oaa94a1zxod13PEN0h7,anypointplatform,MuleSoft - Anypoint Platform
0oaacw4guj4GoUyWo0h7,servicenow_app2,ServiceNow - Eureka and later releases
0oaaiocxs2OsZIIol0h7,accenturedev530347_fcmcustomapp_1,FCM
0oaaj98ki7R7U6WV50h7,active_directory,oktademo.com
0oaamoqpqsfw0wZQX0h7,accenturedev530347_oraclehcm_1,Oracle HCM
0oaamr2sptdGHO0bK0h7,accenturedev530347_cyberark_1,CyberArk
0oaana1hd1Ejt0wsV0h7,servicenow_ud,ServiceNow UD
