Logical group name,Active Directory Security Group name - DEV
BaNCS - Group Pricing (Update),SG-MLCL-NPAS-DEV-Group_Pricing_(Update)
BaNCS - Group Operations (Update),SG-MLCL-NPAS-DEV-Group_Operations_(Update)
BaNCS - Group Operations (Readonly),SG-MLCL-NPAS-DEV-Group_Operations_(Readonly)
BaNCS - Underwriter Delegated Authority 1,SG-MLCL-NPAS-DEV-Underwriter_Delegated_Authority_1
BaNCS - Underwriter Delegated Authority 2,SG-MLCL-NPAS-DEV-Underwriter_Delegated_Authority_2
BaNCS - Underwriter Delegated Authority 3,SG-MLCL-NPAS-DEV-Underwriter_Delegated_Authority_3
BaNCS - Underwriter Delegated Authority 4,SG-MLCL-NPAS-DEV-Underwriter_Delegated_Authority_4
BaNCS - Underwriter Delegated Authority 5,SG-MLCL-NPAS-DEV-Underwriter_Delegated_Authority_5
BaNCS - Group Claims Admin (Update),SG-MLCL-NPAS-DEV-Group_Claims_Admin_(Update)
BaNCS - Group Claims Admin (Readonly),SG-MLCL-NPAS-DEV-Group_Claims_Admin_(Readonly)
BaNCS - Security Admin (Update),SG-MLCL-NPAS-DEV-Security_Admin_(Update)
BaNCS - Security Admin (Readonly),SG-MLCL-NPAS-DEV-Security_Admin_(Readonly)
BaNCS - Workflow Admin (Update),SG-MLCL-NPAS-DEV-Workflow_Admin_(Update)
BaNCS - Workflow Admin (Readonly),SG-MLCL-NPAS-DEV-Workflow_Admin_(Readonly)
BaNCS - Group Bulk Update,SG-MLCL-NPAS-DEV-Group_Bulk_Update
BaNCS - Finance (Update),SG-MLCL-NPAS-DEV-Finance_(Update)
BaNCS - Finance (Readonly),SG-MLCL-NPAS-DEV-Finance_(Readonly)
BaNCS - Actuarial (Update),SG-MLCL-NPAS-DEV-Actuarial_(Update)
BaNCS - Actuarial (Readonly),SG-MLCL-NPAS-DEV-Actuarial_(Readonly)
BaNCS - IDS (Update),SG-MLCL-NPAS-DEV-IDS_(Update)
BaNCS - IDS (Readonly),SG-MLCL-NPAS-DEV-IDS_(Readonly)
BaNCS - Technology Support,SG-MLCL-NPAS-DEV-Technology_Support
BaNCS - Group Static Data Maintenance,SG-MLCL-NPAS-DEV-Group_Static_Data_Maintenance
BaNCS - Group Scheme Admin,SG-MLCL-NPAS-DEV-Group_Scheme_Admin
BaNCS - Exception Handling (Update),SG-MLCL-NPAS-DEV-Exception_Handling_(Update)
BaNCS - Exception Handling (Readonly),SG-MLCL-NPAS-DEV-Exception_Handling_(Readonly)
BaNCS - Group Product (Update),SG-MLCL-NPAS-DEV-Group_Product_(Update)
BaNCS - Group Product (Readonly),SG-MLCL-NPAS-DEV-Group_Product_(Readonly)
BaNCS - Create Adhoc Correspondence,SG-MLCL-NPAS-DEV-Create_Adhoc_Correspondence
RECM_CV - Case Consultant,SG-MLCL-RECM_CV-DEV-Case Consultant
RECM_CV - Case Coordinator ,SG-MLCL-RECM_CV-DEV-Case Coordinator 
RECM_CV - Customer Care Consultant,SG-MLCL-RECM_CV-DEV-Customer Care Consultant
RECM_CV - Director/ GM ,SG-MLCL-RECM_CV-DEV-Director_GM 
RECM_CV - Financial Administrator,SG-MLCL-RECM_CV-DEV-Financial Administrator
RECM_CV - IDS,SG-MLCL-RECM_CV-DEV-IDS
RECM_CV - Lead Case Consultant,SG-MLCL-RECM_CV-DEV-Lead Case Consultant
RECM_CV - Legal User,SG-MLCL-RECM_CV-DEV-Legal User
RECM_CV - QA User,SG-MLCL-RECM_CV-DEV-Recovery Specialist 
RECM_CV - Recovery Specialist ,SG-MLCL-RECM_CV-DEV-QA User
RECM_CV - Specialist Services User,SG-MLCL-RECM_CV-DEV-Specialist Services User
RECM_CV - Super User,SG-MLCL-RECM_CV-DEV-Super User
RECM_CV - Team Manager ,SG-MLCL-RECM_CV-DEV-Team Manager 
RECM_CV - Unallocated User,SG-MLCL-RECM_CV-DEV-Unallocated User
RECM_CV - Project Resource - Read Only,SG-MLCL-RECM_CV-DEV-Project Resource_Read Only
RECM-User,SG-MLCL-RECM-DEV-User
RECM-Records-Manager,SG-MLCL-RECM-DEV-Records-Manager
RECM-Exception-Leader,SG-MLCL-RECM-DEV-Exception-Leader
RECM-Exception-User-Claims,SG-MLCL-RECM-DEV-Exception-User-Claims
RECM-Exception-User-New-PAS,SG-MLCL-RECM-DEV-Exception-User-New-PAS
RECM-Integration,SG-MLCL-RECM-DEV-Integration
RECM-System-Admin,SG-MLCL-RECM-DEV-System-Admin
RECM-Brava,SG-MLCL-RECM-DEV-Brava
