personNumber,ESBOktauserName,hcmUsername
22767671,Gonzalo.Ernst,Gonzalo.Ernst
22767818,Maria.Montgomery,Maria.Montgomery
22767931,Rashmi.Kumari,Rashmi.Kumari
22768016,Kristen.Poninghouse,Kristen.Poninghouse
22767667,Shweta.Kumar,Shweta.Kumar
22767394,JosieLouise.Palmer,JosieLouise.Palmer
22767742,Therese.Wilson,Therese.Wilson
22767997,Natalie.Perez,Natalie.Perez
22767637,Sharon.Kelly,Sharon.Kelly
22767454,Kendell.FarleyStewart,Kendell.FarleyStewart
22767097,YuetMing.Chan,YuetMing.Chan
22767365,Selena.Jordan,Selena.Jordan
22767846,Samantha.Tate,Samantha.Tate
22767929,Katie.Adriaans,Katie.Adriaans
22768008,Phillip.Holman,Phillip.Holman
22767416,Yolanda.Chow,Yolanda.Chow
22767995,Yohana.Sutrisno,Yohana.Sutrisno
22767835,Anthony.Sideris,Anthony.Sideris
22767986,PenelopeCatherine.Denton,PenelopeCatherine.Denton
22767592,Hayley.Bennett,Hayley.Bennett
22767688,Charlotte.Munson,Charlotte.Munson
22767122,Kelly.Zarafa,Kelly.Zarafa
22767810,Laura.Anderson,Laura.Anderson
22767736,Anthony.Leong,Anthony.Leong
22767751,Paul.Kukiel,Paul.Kukiel
22767887,Nijie.Sun,Nijie.Sun
22768007,Tom.Barnett,Tom.Barnett
22767620,Madeline.Doran,Madeline.Doran
22767928,Lisa.Rance,Lisa.Rance
22768010,David.Colson,David.Colson
22766822,Nichola.Caddeo,Nichola.Caddeo
22766718,Jason.Joseph,Jason.Joseph
22765113,Simon.Zaviska,Simon.Zaviska
22764810,Sulochana.Dangol,Sulochana.Dangol
22766903,Nathan.Chen,Nathan.Chen
22764990,Sarah.Crivelli,Sarah.Crivelli
22765160,Jeri.Thomas,Jeri.Thomas
22765430,Isobel.Edgell,Isobel.Edgell
22767016,Brendan.Kos,Brendan.Kos
22765520,Theresa.Jory,Theresa.Jory
22765512,Tamara.Linger,Tamara.Linger
22766480,Aamir.Parkar,Aamir.Parkar
22767043,Andrew.Klimas,Andrew.Klimas
22766194,Monique.Carpenter,Monique.Carpenter
22765980,Emma.Longrigg,Emma.Longrigg
22767158,Deepak.Kumar,Deepak.Kumar
22766511,Dan.Smith,Dan.Smith
22767523,Susan.Sarkis,Susan.Sarkis
22766356,Saskia.Colless,Saskia.Colless
22767091,Rowena.Ferrarotto,Rowena.Ferrarotto
22766580,Dawn.Mayes,Dawn.Mayes
22766372,Gurpreet.Singh,Gurpreet.Singh
22767099,Troy.Hennessy,Troy.Hennessy
22766809,Geanina.Pletea,Geanina.Pletea
22767391,Anilkumar.Dasaiah,Anilkumar.Dasaiah
22767411,Ian.Collings,Ian.Collings
22766870,Sebastian.Mantello,Sebastian.Mantello
22767266,Todd.Burns,Todd.Burns
22766867,Susan.Hill,Susan.Hill
22766879,Faye.Rillstone,Faye.Rillstone
22767133,Helen.Barnett,Helen.Barnett
22763127,Stephanie.Mussared,Stephanie.Mussared
22765974,Stephanie.Kouts,Stephanie.Kouts
22765988,Brooke.Fearne,Brooke.Fearne
22759896,Amy.Bourke,Amy.Bourke
22744316,Catherine.McEniry,Catherine.McEniry
22761092,Robert.Mattiuzzo,Robert.Mattiuzzo
22762516,Francis.Barreira,Francis.Barreira
22762933,Michael.McLean,Michael.McLean
22763681,Jenelle.OMahony,Jenelle.OMahony
22762019,Richard.Wilkins,Richard.Wilkins
22763199,Michael.DiBattista,Michael.DiBattista
22764062,Mirella.Paolucci,Mirella.Paolucci
22764140,Danielle.West,Danielle.West
22763198,Sowdarmendran.Anantharaj,Sowdarmendran.Anantharaj
22765561,John.Griffiths,John.Griffiths
22764455,Collier.Gareth,Collier.Gareth
22764325,Daniel.Hill,Daniel.Hill
22764486,Alastair.Adamson,Alastair.Adamson
22766209,Priyangika.Jayasooriya,Priyangika.Jayasooriya
22764431,Andrew.Wasylewicz,Andrew.Wasylewicz
22765426,Jacqueline.Heenan,Jacqueline.Heenan
22766336,Ana.PantosVerbic,Ana.PantosVerbic
22765464,Shirley.Eow,Shirley.Eow
22765954,Veena.Rajaratinam,Veena.Rajaratinam
22766322,Samuel.Davis,Samuel.Davis
22766220,Ben.Walker,Ben.Walker
22766367,Connie.Pistone,Connie.Pistone
22766495,MoyYin.ChowFatLun,MoyYin.ChowFatLun
22766610,Caitlin.Rooney,Caitlin.Rooney
22676305,Chris.Tranter,Chris.Tranter
22764283,Manami.Inoue,Manami.Inoue
22764287,Sally.Mpaluko,Sally.Mpaluko
22764364,Robert.Rayatt,Robert.Rayatt
22764641,Georgina.Farrington,Georgina.Farrington
22764578,Keith.Partridge,Keith.Partridge
22765886,Lasath.Kahingala,Lasath.Kahingala
22764218,Matteo.Sessa,Matteo.Sessa
22764868,Karen.Fleming,Karen.Fleming
22766119,Allan.Whatmore,Allan.Whatmore
22764229,Chris.Wickliffe,Chris.Wickliffe
22765101,Divya.Jay,Divya.Jay
22765141,Calvin.Tran,Calvin.Tran
22764350,Jamieson.Strachan,Jamieson.Strachan
22767448,Steven.Pickstone,Steven.Pickstone
22765492,Daniel.Fox,Daniel.Fox
22765245,Anthony.Huynh,Anthony.Huynh
22767729,Samantha.Singleton,Samantha.Singleton
22762232,Amy.Myatt,Amy.Myatt
22765899,Buvaneswari.Sonathappan,Buvaneswari.Sonathappan
22765246,Say.Ek,Say.Ek
22766435,Josepheena.George,Josepheena.George
22765450,Vikram.Obla,Vikram.Obla
22765625,Margot.Clarke,Margot.Clarke
22766902,Krisentia.Tedja,Krisentia.Tedja
22766133,Shahad.Yacoub,Shahad.Yacoub
22767124,Allan.McColl,Allan.McColl
22762788,Jessie.Nghiem,Jessie.Nghiem
22766917,Gareth.Jones,Gareth.Jones
22767236,Kaela.Kirchoff,Kaela.Kirchoff
22762947,Sophie.Briolat,Sophie.Briolat
22763917,Natalie.Han,Natalie.Han
22764138,Melissa.Peerman,Melissa.Peerman
22760114,Alfred.Tan,Alfred.Tan
22759978,Ariel.Kantor,Ariel.Kantor
22764313,Paul.Chillari,Paul.Chillari
22765294,Tom.Sutherland,Tom.Sutherland
22765361,Helen.Henderson,Helen.Henderson
22765094,Aaron.Chan,Aaron.Chan
22760053,Senthilkumar.Chandrakumar,Senthilkumar.Chandrakumar
22765349,Stephen.Spagnuolo,Stephen.Spagnuolo
22765422,Georgina.Booth,Georgina.Booth
22765748,Caroline.Jacob,Caroline.Jacob
22760504,Jessica.Cale,Jessica.Cale
22765821,Mark.Taylor,Mark.Taylor
22765870,Kelly.Marangos,Kelly.Marangos
22766022,Vincenzo.Vallesi,Vincenzo.Vallesi
22766560,Corrie.Critsilis,Corrie.Critsilis
22767152,Juliana.GeorgeAntony,Juliana.GeorgeAntony
22763827,Livio.Corsaro,Livio.Corsaro
22767287,Natasha.Mezzina,Natasha.Mezzina
22764753,Mark.Ward,Mark.Ward
22767466,David.Danckert,David.Danckert
22761091,Kathryn.Pollastrini,Kathryn.Pollastrini
22760364,Teresa.Tan,Teresa.Tan
22763358,David.Cranney,David.Cranney
22759826,Melissa.Lever,Melissa.Lever
22759829,Noelle.Segi,Noelle.Segi
22763948,Harley.Donnellan,Harley.Donnellan
22759894,Toshihiro.Nakashima,Toshihiro.Nakashima
22762122,Jing.Sun,Jing.Sun
22764588,Elizabeth.Smith,Elizabeth.Smith
22766011,Suman.Dutta,Suman.Dutta
22764679,Kamalakanta.Pradhan,Kamalakanta.Pradhan
22766077,Liadan.Rolfe,Liadan.Rolfe
22766271,Raju.Hossain,Raju.Hossain
22766078,Jonathan.Summer,Jonathan.Summer
22766565,Marsha.McGuire,Marsha.McGuire
22760288,Derek.Luu,Derek.Luu
22765923,Helen.Antebi,Helen.Antebi
22766128,Stephanie.Szabo,Stephanie.Szabo
22760646,Alice.Chiesa,Alice.Chiesa
22766768,Natalie.Cameron,Natalie.Cameron
22766802,rhonda.virtue,rhonda.virtue
22766277,Matthew.Bozzo,Matthew.Bozzo
22767098,Parsha.Deka,Parsha.Deka
22766370,Si.Ngo,Si.Ngo
22761208,Catherine.Arscott,Catherine.Arscott
22767496,Niti.Kumari,Niti.Kumari
22761561,Emma.Mastyla,Emma.Mastyla
22767143,Jacqueline.Tine,Jacqueline.Tine
22767371,Son.Nguyen,Son.Nguyen
22762121,Melanie.Noble,Melanie.Noble
22767679,Lara.Richardson,Lara.Richardson
22766925,Alex.Andreadis,Alex.Andreadis
22759900,Breanna.Mellon,Breanna.Mellon
22766434,Vimal.Khare,Vimal.Khare
22760365,Angela.Nguyen,Angela.Nguyen
22766494,Kate.Brennan,Kate.Brennan
22761037,Anne.Cherry,Anne.Cherry
22763149,Kiran.Muddukrishna,Kiran.Muddukrishna
22763340,William.Wong,William.Wong
22761560,Ashish.Naik,Ashish.Naik
22763634,Mark.Casey,Mark.Casey
22763388,Raylene.Varone,Raylene.Varone
22764156,Maryanne.Lu,Maryanne.Lu
22764931,Bernadette.Trifiletti,Bernadette.Trifiletti
22765482,Ezra.Bruell,Ezra.Bruell
22766208,Kyle.McKinnon,Kyle.McKinnon
22763816,Don.Rupasinghe,Don.Rupasinghe
22766598,Craig.Mann,Craig.Mann
22764302,Neil.Tambourine,Neil.Tambourine
22764961,Cynthia.Smith,Cynthia.Smith
22764520,Nelly.Botros,Nelly.Botros
22764570,Megan.Taberner,Megan.Taberner
22761418,Saif.Noori,Saif.Noori
22763046,JinO.Kim,JinO.Kim
22765854,Michele.Kennedy,Michele.Kennedy
22764587,Kristopher.Kornovich,Kristopher.Kornovich
22764628,Kieran.Cunningham,Kieran.Cunningham
22760182,Jason.Pollastrini,Jason.Pollastrini
22764676,Michael.Vicig,Michael.Vicig
22760645,Kevin.Goss,Kevin.Goss
22764840,Michael.Back,Michael.Back
22764910,Javier.louzao,Javier.louzao
22765935,Gregory.Lee,Gregory.Lee
22763330,Denis.Duri,Denis.Duri
22692224,Manpreet.Kohli,Manpreet.Kohli
22766108,Rochani.Subasinghe,Rochani.Subasinghe
22763416,Alex.Gray,Alex.Gray
22764408,William.Trinh,William.Trinh
22765037,Catherine.Haszard,Catherine.Haszard
22765108,Yotheeya.Naicker,Yotheeya.Naicker
22765474,JulieAnne.Wright,JulieAnne.Wright
22766355,Catherine.Osmond,Catherine.Osmond
22766646,Gaurav.Singla,Gaurav.Singla
22762141,James.Stewart,James.Stewart
22767393,ThotapitiyaArachchilageKivindraEranga.Dayananda,ThotapitiyaArachchilageKivindraEranga.Dayananda
22767499,Lyal.Wyatt,Lyal.Wyatt
22761186,Sione.Akau,Sione.Akau
22766725,Jade.Windley,Jade.Windley
22767497,Nammaiah.Ikkurthi,Nammaiah.Ikkurthi
22767470,Yu.Fu,Yu.Fu
22761157,Jonathan.Bowen,Jonathan.Bowen
22762183,Nusrat.Kazi,Nusrat.Kazi
22762388,Monique.Woodland,Monique.Woodland
22763072,Bronwyn.Wickett,Bronwyn.Wickett
22763757,Joseph.Miles,Joseph.Miles
22763828,Leeanne.Vernino,Leeanne.Vernino
22764328,Nita.Mannering,Nita.Mannering
22759806,SerLing.Sim,SerLing.Sim
22764420,Gemma.Logie,Gemma.Logie
22759854,Trisha.McNeil,Trisha.McNeil
22759921,LaiKuen.Kan,LaiKuen.Kan
22764873,Brett.Graves,Brett.Graves
22761552,Rowena.Cheng,Rowena.Cheng
22765460,Robert.Lu,Robert.Lu
22761636,Melanie.Wong,Melanie.Wong
22765493,Marco.Costanzo,Marco.Costanzo
22760647,Liz.Corrigan,Liz.Corrigan
22765677,Christine.Reynolds,Christine.Reynolds
22762220,Mandy.Ly,Mandy.Ly
22761207,Michelle.McDonald,Michelle.McDonald
22765749,Nathan.Hornsby,Nathan.Hornsby
22763069,Johan.Prinsloo,Johan.Prinsloo
22767121,Cheryl.Downes,Cheryl.Downes
22761744,James.Ross,James.Ross
22763731,Siobhan.Gurney,Siobhan.Gurney
22762181,Zoran.Tsangidis,Zoran.Tsangidis
22763735,Mirna.Abdelmalek,Mirna.Abdelmalek
22763978,Tianyin.Hu,Tianyin.Hu
22762477,Yu.Han,Yu.Han
22763126,Melissa.Ham,Melissa.Ham
22763804,Aida.Paoli,Aida.Paoli
22764392,Linda.Gao,Linda.Gao
22764358,Joshua.Monte,Joshua.Monte
22763433,Craig.MacDonald,Craig.MacDonald
22764295,Megan.Reynolds,Megan.Reynolds
22763862,Roslyn.Crawford,Roslyn.Crawford
22763328,Rena.Tjio,Rena.Tjio
22763841,Vijayalaxmi.Karamballi,Vijayalaxmi.Karamballi
22764327,Robert.Salvana,Robert.Salvana
22763357,Nitin.Shelar,Nitin.Shelar
22763983,Louis.Lian,Louis.Lian
22764518,Joshua.Taylor,Joshua.Taylor
22765752,Aaron.Saldanha,Aaron.Saldanha
22763461,Ron.Sparks,Ron.Sparks
22765106,Lainie.Clover,Lainie.Clover
22764591,Sabina.Mehic,Sabina.Mehic
22765943,Sunny.Nagpal,Sunny.Nagpal
22766058,Samrat.Seal,Samrat.Seal
22765039,Bruce.Blackman,Bruce.Blackman
22765015,John.Ashton,John.Ashton
22763567,Matt.Walker,Matt.Walker
22765753,Tamara.Brown,Tamara.Brown
22764707,Michael.Hughes,Michael.Hughes
22765054,Joao.Milheiro,Joao.Milheiro
22765114,Timothy.Ford,Timothy.Ford
22766207,Zarifka.Rakiposki,Zarifka.Rakiposki
22766745,Bharath.Ramalingam,Bharath.Ramalingam
22763802,Venetia.Tan,Venetia.Tan
22765828,Jim.Donnelly,Jim.Donnelly
22765110,Stefanie.Gauci,Stefanie.Gauci
22766362,Suman.Kandel,Suman.Kandel
22765223,Stuart.Flowers,Stuart.Flowers
22763988,Andy.Wilson,Andy.Wilson
22766490,Ryan.Jones,Ryan.Jones
22767135,Duncan.Campbell,Duncan.Campbell
22766878,Stevie.Talbot,Stevie.Talbot
22766394,Natalie.Mora,Natalie.Mora
22765646,Amandeep.Kaur,Amandeep.Kaur
22766083,Kashif.Hussain,Kashif.Hussain
22767299,Aaron.Boyd,Aaron.Boyd
22766525,Veronika.Edwards,Veronika.Edwards
22766811,Amy.Choi,Amy.Choi
22764411,Tony.Dinh,Tony.Dinh
22766488,CheeLoong.Yung,CheeLoong.Yung
22764642,Stephanie.Avdija,Stephanie.Avdija
22766816,David.Zombolas,David.Zombolas
22760440,Rohan.Jesudason,Rohan.Jesudason
22767151,Ameen.SuhailKM,Ameen.SuhailKM
22766553,Ken.McGuire,Ken.McGuire
22766975,Ronan.Shee,Ronan.Shee
22767759,James.Hejtmanek,James.Hejtmanek
22766625,Jesse.Dymond,Jesse.Dymond
22767131,Jacqueline.Connellan,Jacqueline.Connellan
22766742,Ambrose.Nguyen,Ambrose.Nguyen
22767255,Jacqueline.Jenkins,Jacqueline.Jenkins
22766740,Anamika.Pandey,Anamika.Pandey
22767014,Cyndi.Taylor,Cyndi.Taylor
22767214,Alejandra.Vanegas,Alejandra.Vanegas
22765878,Evan.Bouquet,Evan.Bouquet
22761669,Tara.Davenport,Tara.Davenport
22764745,Amy.Smith,Amy.Smith
22761950,Damon.Sturmey,Damon.Sturmey
22765650,Mia.Whitehouse,Mia.Whitehouse
22766840,Faruk.Tascioglu,Faruk.Tascioglu
22760284,Babak.GolestanNejad,Babak.GolestanNejad
22766873,Cameron.Adam,Cameron.Adam
22767609,Jagadeeswari.Sridhar,Jagadeeswari.Sridhar
22760762,Kevin.Wan,Kevin.Wan
22762908,Anthony.Perryman,Anthony.Perryman
22760383,Anu.Puri,Anu.Puri
22761692,Napoleon.Gacuma,Napoleon.Gacuma
22764103,Thomas.Cleary,Thomas.Cleary
22760573,Robert.Drew,Robert.Drew
22764308,James.Minards,James.Minards
22762878,Stephen.Latocha,Stephen.Latocha
22763689,Liarna.Natoli,Liarna.Natoli
22764834,Fanny.Fanny,Fanny.Fanny
22764104,Owais.Shaheen,Owais.Shaheen
22764196,Junior.Faatoese,Junior.Faatoese
22764871,Megha.Gupta,Megha.Gupta
22761598,James.Hanley,James.Hanley
22761355,Ian.Horner,Ian.Horner
22764243,Naomi.Daley,Naomi.Daley
22764932,Trung.Nguyen,Trung.Nguyen
22764839,Glenis.Blincoe,Glenis.Blincoe
22762233,Adam.Ozols,Adam.Ozols
22765495,Khaled.Taher,Khaled.Taher
22763183,Kerri.Mccauley,Kerri.Mccauley
22765853,Jessica.Fitzgerald,Jessica.Fitzgerald
22761581,Deanne.Ritchie,Deanne.Ritchie
22763386,Paul.Barlow,Paul.Barlow
22765871,Kelly.Maragos,Kelly.Maragos
22763387,Ashinee.Herath,Ashinee.Herath
22762763,Sheenal.Srivastava,Sheenal.Srivastava
22764314,John.Chillari,John.Chillari
22763885,Andre.deMelo,Andre.deMelo
22763635,Shawna.Laden,Shawna.Laden
22761906,Andre.Holwerda,Andre.Holwerda
22764475,Ziwei.Deng,Ziwei.Deng
22760644,Michelle.Bennie,Michelle.Bennie
22763897,Luke.Young,Luke.Young
22762025,Ali.Mohammad,Ali.Mohammad
22764930,Amit.Arora,Amit.Arora
22764292,Tim.Newbold,Tim.Newbold
22761685,Lauren.Willoughby,Lauren.Willoughby
22763043,Shveta.Sharma,Shveta.Sharma
22764595,Natasha.Stevenson,Natasha.Stevenson
22764477,Maha.Raslan,Maha.Raslan
22763467,Andrew.Rubins,Andrew.Rubins
22765163,Maria.Malvestuto,Maria.Malvestuto
22762514,Catherine.Cho,Catherine.Cho
22763580,Ciara.Deegan,Ciara.Deegan
22763790,Tabitha.Michaelidis,Tabitha.Michaelidis
22763441,Jonathan.Morgan,Jonathan.Morgan
22765448,John.Bejenariu,John.Bejenariu
22765449,Niladri.SekharDey,Niladri.SekharDey
22764312,Richard.Kelly,Richard.Kelly
22763480,Nicole.Robinson,Nicole.Robinson
22765095,Madison.Barrett,Madison.Barrett
22766196,Stephanie.Cassar,Stephanie.Cassar
22763505,Alistair.Mendez,Alistair.Mendez
22766193,Kerven.Mam,Kerven.Mam
22765501,Rajeev.Prasad,Rajeev.Prasad
22763904,Paul.Pap,Paul.Pap
22766563,Anju.Samadhia,Anju.Samadhia
22766473,Shannon.Riches,Shannon.Riches
22766766,Rowan.Booth,Rowan.Booth
22765089,Matt.McDonald,Matt.McDonald
22766481,Eriza.SanMiguel,Eriza.SanMiguel
22764639,Donna.Wilson,Donna.Wilson
22766826,Stephen.Imbesi,Stephen.Imbesi
22766886,Hannah.Werrin,Hannah.Werrin
22765681,Tram.Le,Tram.Le
22764663,Fiona.BourdotClayton,Fiona.BourdotClayton
22767363,Max.Terentev,Max.Terentev
22766003,Alison.Nanson,Alison.Nanson
22766950,Adrien.Sturt,Adrien.Sturt
22767153,Sandeep.Shankar,Sandeep.Shankar
22764883,Kim.Stephen,Kim.Stephen
22767541,Kit.Luong,Kit.Luong
22766558,Pauline.Ioannou,Pauline.Ioannou
22766982,Virginia.Louie,Virginia.Louie
22760755,Glen.Ryman,Glen.Ryman
22766643,Irwan.Tjanterik,Irwan.Tjanterik
22767150,Siddharth.Mohapatra,Siddharth.Mohapatra
22765658,George.Chaidemenakis,George.Chaidemenakis
22767216,Erini.Sadek,Erini.Sadek
22765687,Amy.Browne,Amy.Browne
22766976,Sanjaya.Vithanagama,Sanjaya.Vithanagama
22767311,Wesley.Bishop,Wesley.Bishop
22761849,Trent.Waldon,Trent.Waldon
22759671,Clint.Pickwell,Clint.Pickwell
22759823,Matt.PereiraSmith,Matt.PereiraSmith
22760367,Peter.Dixon,Peter.Dixon
22762893,Yolandi.Jardim,Yolandi.Jardim
22760877,Jackline.Barakat,Jackline.Barakat
22763852,Sridhar.Kanaparthy,Sridhar.Kanaparthy
22764194,Wade.Miller,Wade.Miller
22764200,Anabela.Kohn,Anabela.Kohn
22762945,Michael.Kyaw,Michael.Kyaw
22763465,Nadine.Hughes,Nadine.Hughes
22763682,Genevieve.Gibson,Genevieve.Gibson
22763909,Christian.Burgin,Christian.Burgin
22764072,Elliott.Mitchell,Elliott.Mitchell
28000613,Catherine.Hockey,Catherine.Hockey
28105817,Daniel.Repolusk,Daniel.Repolusk
28079013,Ruth.LeonNavarro,Ruth.LeonNavarro
22744312,Kate.Mein,Kate.Mein
28078494,Gary.Bruce,Gary.Bruce
28105713,Mirjana.Sukovski,Mirjana.Sukovski
28078909,Eleanor.DeSouza,Eleanor.DeSouza
22696338,Maria.DiSanto,Maria.DiSanto
22746994,Lidia.Dejesus,Lidia.Dejesus
21122025,Rohan.Byrne,Rohan.Byrne
28078920,Anthony.Williams,Anthony.Williams
28078929,Timothy.Howes,Timothy.Howes
22747187,Joanne.Baker,Joanne.Baker
22663385,Joanne.Moon,Joanne.Moon
22696772,Abigail.Tomisich,Abigail.Tomisich
28078974,Mine.Acikgoz,Mine.Acikgoz
22663382,Sarah.Burg,Sarah.Burg
28102971,Chad.Roscoe,Chad.Roscoe
22701894,Lyly.Luong,Lyly.Luong
28077830,Antoinette.Henttinen,Antoinette.Henttinen
28102924,Brendan.Carmichael,Brendan.Carmichael
22703519,Hanna.Mondous,Hanna.Mondous
22748670,Yu.Liu,Yu.Liu
28103870,Megan.Troitsin,Megan.Troitsin
22722873,Veronica.Lee,Veronica.Lee
28079054,Lyndon.Gardiner,Lyndon.Gardiner
22690974,Christopher.Barker,Christopher.Barker
22695156,Jessica.Hingert,Jessica.Hingert
22751330,Emma.Liu,Emma.Liu
28078798,Kathryn.Marshall,Kathryn.Marshall
28104176,Sally.Banyai,Sally.Banyai
28085598,Nga.Nguyen,Nga.Nguyen
28000197,Mark.Spiteri,Mark.Spiteri
22731082,Louie.Sebastian,Louie.Sebastian
28078927,Kathrine.Garwood,Kathrine.Garwood
28104445,Nola.Dibenedetto,Nola.Dibenedetto
22717582,Sashi.Jayaweera,Sashi.Jayaweera
22754413,Yuichi.Kuramochi,Yuichi.Kuramochi
28102804,Sandy.Lozano,Sandy.Lozano
22691115,Bronwyn.Cowley,Bronwyn.Cowley
28000347,Marylene.Pal,Marylene.Pal
28104513,Ruth.Yoseline,Ruth.Yoseline
22720931,Tracey.VanDerLinde,Tracey.VanDerLinde
28078446,Karina.Shipway,Karina.Shipway
22735166,Yasmin.Haley,Yasmin.Haley
22755196,Hyo.Kim,Hyo.Kim
22692342,Bronwyn.Hill,Bronwyn.Hill
28104946,Jasmine.Honawar,Jasmine.Honawar
22739479,MyKieu.Trang,MyKieu.Trang
21475851,Matthew.Fitzsimons,Matthew.Fitzsimons
28000406,Clarissa.Arias,Clarissa.Arias
22695003,John.Burnett,John.Burnett
22737532,Paul.Pham,Paul.Pham
28078721,Sarah.Flatman,Sarah.Flatman
22755541,Ali.Habib,Ali.Habib
22646003,Jordan.Spero,Jordan.Spero
28078801,Danielle.Manns,Danielle.Manns
22695102,Kathryn.Shore,Kathryn.Shore
22738539,SooHo.Tan,SooHo.Tan
22751694,Harriet.Smith,Harriet.Smith
22756616,Trudy.Parker,Trudy.Parker
22695104,Nella.Mondous,Nella.Mondous
28104446,Tom.Barratt,Tom.Barratt
22662064,Premananthan.Nadesan,Premananthan.Nadesan
22741609,Yinghua.Yu,Yinghua.Yu
22752588,Hasan.Kockaya,Hasan.Kockaya
22665068,Jarrad.Booth,Jarrad.Booth
22673651,Courtney.Thornton,Courtney.Thornton
22661211,Anuraada.Sellathurai,Anuraada.Sellathurai
22758941,Guillermo.Ruggeri,Guillermo.Ruggeri
22675920,Steven.Munro,Steven.Munro
22752597,Maxine.Edwards,Maxine.Edwards
22677732,Gillian.Rapose,Gillian.Rapose
22680083,Thanh.Nguyen,Thanh.Nguyen
22754660,Shashika.Hewamasmulla,Shashika.Hewamasmulla
22759082,Gordana.Jokic,Gordana.Jokic
22698718,Amanda.Wailes,Amanda.Wailes
22685969,Daniel.Hewitt,Daniel.Hewitt
22745364,Raymond.Chu,Raymond.Chu
22689468,Charles.Ojaimi,Charles.Ojaimi
22756043,Stephanie.Kennedy,Stephanie.Kennedy
22699610,Peter.Sheehan,Peter.Sheehan
22695128,Brendan.Boyle,Brendan.Boyle
22757410,Nina.Wisnu,Nina.Wisnu
22692682,Tanya.Turl,Tanya.Turl
22761391,Symon.Geanellos,Symon.Geanellos
22695328,Sarah.Ellery,Sarah.Ellery
22681659,Albert.Martinez,Albert.Martinez
22694076,Stacey.Simonetti,Stacey.Simonetti
22745059,BeThi.Saunders,BeThi.Saunders
22704595,Devang.Dhakan,Devang.Dhakan
22697070,Margery.Perkins,Margery.Perkins
22686213,Luke.Ashby,Luke.Ashby
22749969,Andrew.Latimore,Andrew.Latimore
22754410,Hiroyuki.Ichikawa,Hiroyuki.Ichikawa
22757931,Jarrod.Orchard,Jarrod.Orchard
22709043,Kristina.Farago,Kristina.Farago
22695127,Esther.Samson,Esther.Samson
22692051,Darren.Coulson,Darren.Coulson
22709188,Samrawit.Bekele,Samrawit.Bekele
22695166,Daryl.Bourke,Daryl.Bourke
22692841,Manolia.Simos,Manolia.Simos
22714258,Stephanie.Catalucci,Stephanie.Catalucci
22757854,Johanna.Agudera,Johanna.Agudera
22751652,Siobhan.Ocallahan,Siobhan.Ocallahan
22696182,Mark.Bailey,Mark.Bailey
22741592,Belinda.Stojanovska,Belinda.Stojanovska
22764223,Radhika.Jaiswal,Radhika.Jaiswal
22694673,Andrew.Loo,Andrew.Loo
22711853,Cassandra.Taylor,Cassandra.Taylor
22752591,Prajakta.Mehta,Prajakta.Mehta
22698571,Robert.Draper,Robert.Draper
22737422,Ian.Thomas,Ian.Thomas
22730955,Navarre.Trousselot,Navarre.Trousselot
22742290,Lisa.Haden,Lisa.Haden
22703807,Angela.McLaughlin,Angela.McLaughlin
22742106,Colin.Gough,Colin.Gough
22741135,David.Rippon,David.Rippon
22733372,Dana.Conroy,Dana.Conroy
22745113,Jeff.Hon,Jeff.Hon
22750052,Lauren.Phillips,Lauren.Phillips
22717024,Kenny.Lam,Kenny.Lam
22749130,Morgan.Ives,Morgan.Ives
22755899,Ashleigh.Augustine,Ashleigh.Augustine
22750685,Lachlan.Mackie,Lachlan.Mackie
22752042,Adrienne.Gorra,Adrienne.Gorra
22714381,Stacey.Murch,Stacey.Murch
22756039,Avara.Walker,Avara.Walker
22717739,Monique.Giammarco,Monique.Giammarco
22749547,Sarah.Darr,Sarah.Darr
22734131,Sivaprakash.Asokan,Sivaprakash.Asokan
22752599,Chitpasong.Toumngeun,Chitpasong.Toumngeun
22722404,Diem.Nguyen,Diem.Nguyen
22751479,Jessica.Easton,Jessica.Easton
22756045,Toni.Carpenter,Toni.Carpenter
22754991,Shazmeen.deSousa,Shazmeen.deSousa
22696193,Joseph.Addamo,Joseph.Addamo
22751655,Molly.Pelgrave,Molly.Pelgrave
22730160,Florence.Lohanda,Florence.Lohanda
22756442,Claire.Kuan,Claire.Kuan
22753461,Apollo.Kim,Apollo.Kim
22753691,Shane.Doughty,Shane.Doughty
22696218,Caroline.Andrews,Caroline.Andrews
22755453,Andrew.Gorvin,Andrew.Gorvin
22723787,Zijian.Gao,Zijian.Gao
22756673,Jasmeet.Kant,Jasmeet.Kant
22753546,Max.Williams,Max.Williams
22731345,Corey.Devlin,Corey.Devlin
22697066,Jason.Sheridan,Jason.Sheridan
22751826,Natalie.Bambry,Natalie.Bambry
22756155,Nathan.Archer,Nathan.Archer
22695428,Ray.Purcell,Ray.Purcell
22757555,Leigh.Zemski,Leigh.Zemski
22755639,Scott.Stewart,Scott.Stewart
22755106,Chen.Du,Chen.Du
22699782,Sarah.Congdon,Sarah.Congdon
22695250,Saba.Terefe,Saba.Terefe
22696092,MingLing.Shen,MingLing.Shen
22757390,Yaser.Yousry,Yaser.Yousry
22755778,Barbara.Luka,Barbara.Luka
22757932,Hassaan.Memon,Hassaan.Memon
22701563,John.Xanthos,John.Xanthos
22706768,Narelle.Howes,Narelle.Howes
22757735,Aimee.Miller,Aimee.Miller
22696767,Sagara.Perera,Sagara.Perera
22760115,Dongyang.Wang,Dongyang.Wang
22698194,Sarah.Markou,Sarah.Markou
22756237,Nithiya.Subramaniam,Nithiya.Subramaniam
22701921,Rowena.Ralph,Rowena.Ralph
22760487,Oliver.Ku,Oliver.Ku
22760757,Hanna.Koskela,Hanna.Koskela
22759333,Shaveen.Benberu,Shaveen.Benberu
22716544,Indrakshi.Bhan,Indrakshi.Bhan
22701553,Jianling.Liu,Jianling.Liu
22759357,Andrew.Cornish,Andrew.Cornish
22761625,Boris.Gorelik,Boris.Gorelik
22713641,Concetta.Barbagallo,Concetta.Barbagallo
22757937,Micah.Reyes,Micah.Reyes
22760287,James.Cameron,James.Cameron
22721093,Joshua.DiPaola,Joshua.DiPaola
22725633,Jason.Fuoco,Jason.Fuoco
22760484,Keillan.Wong,Keillan.Wong
22762130,Therese.Cassidy,Therese.Cassidy
22724774,Alison.Conway,Alison.Conway
22760524,Ranjeewa.Silva,Ranjeewa.Silva
22725300,Moushree.Bhattacharya,Moushree.Bhattacharya
22762482,Brandon.Ferreira,Brandon.Ferreira
22760723,Szilvia.Fekete,Szilvia.Fekete
22762513,Yihang.Sheng,Yihang.Sheng
22762144,Chris.ODonnell,Chris.ODonnell
22762558,Henry.Rosel,Henry.Rosel
22724775,Tassimae.Mahanga,Tassimae.Mahanga
22728373,Niamh.OConnell,Niamh.OConnell
22762751,Nizar.Idroos,Nizar.Idroos
22761676,Elliot.Sahlstrom,Elliot.Sahlstrom
22741805,Long.Mai,Long.Mai
22725577,Vivianne.Elliott,Vivianne.Elliott
22762251,Nicholas.Jones,Nicholas.Jones
22762509,Sowjanya.Borra,Sowjanya.Borra
22729357,Jason.Walsh,Jason.Walsh
22762407,Marjorie.Furlan,Marjorie.Furlan
22671063,Samuel.Lavender,Samuel.Lavender
22763331,Savita.Sasihithlu,Savita.Sasihithlu
22699651,Cara.Foley,Cara.Foley
22734160,Bernadette.Matijas,Bernadette.Matijas
22652422,Wendy.Bullion,Wendy.Bullion
22766614,Nicholas.Ross,Nicholas.Ross
22753237,Joseph.Ross,Joseph.Ross
22696174,Kristy.Crivelli,Kristy.Crivelli
22686210,Day.Rajapakse,Day.Rajapakse
22738188,Geoff.Carbert,Geoff.Carbert
22666978,Richard.Russell,Richard.Russell
22675086,Michael.Dang,Michael.Dang
22695136,Catherine.Kennedy,Catherine.Kennedy
22739714,Anton.Resch,Anton.Resch
22708277,Christine.Doulkeridis,Christine.Doulkeridis
28000495,Robert.Dickins,Robert.Dickins
22741887,Wayne.WillisDavis,Wayne.WillisDavis
22695546,Deborah.Wilson,Deborah.Wilson
22679732,Lisa.Lacey,Lisa.Lacey
22743672,Liza.Dresner,Liza.Dresner
28071701,JoanSybil.Faglioni,JoanSybil.Faglioni
22697958,Jessica.Haddad,Jessica.Haddad
22740261,Hunter.Huang,Hunter.Huang
22725784,Hayden.McLean,Hayden.McLean
22748436,Peter.Gough,Peter.Gough
28102081,Natalia.Rossiter,Natalia.Rossiter
22687443,Jennifer.Nunan,Jennifer.Nunan
22740501,Andrew.Bradford,Andrew.Bradford
22729420,Julie.Kirby,Julie.Kirby
22708893,Mark.Montealegre,Mark.Montealegre
22749712,Carly.Sebestyen,Carly.Sebestyen
28104091,Luigi.Santo,Luigi.Santo
22692612,Mary.McDonald,Mary.McDonald
22743188,Daniel.Duke,Daniel.Duke
22733986,Fiona.Robinson,Fiona.Robinson
22694315,Peter.Barnes,Peter.Barnes
22715250,Nushrat.Khan,Nushrat.Khan
22648835,Murray.Gough,Murray.Gough
22734547,Noel.Adams,Noel.Adams
22745004,Daniel.Bui,Daniel.Bui
22694517,Brenden.Eades,Brenden.Eades
22739475,Elizabeth.Tunha,Elizabeth.Tunha
22755464,Teena.Jacob,Teena.Jacob
22726433,Laura.Bolton,Laura.Bolton
22648935,Marcus.Makin,Marcus.Makin
22745349,Adrian.Carabella,Adrian.Carabella
22756615,Brendan.Falconer,Brendan.Falconer
22740008,Diana.Brown,Diana.Brown
22695986,Michelle.Kirby,Michelle.Kirby
22650943,KhanhHong.Vuu,KhanhHong.Vuu
22760483,James.Peng,James.Peng
22757017,Jerah.Go,Jerah.Go
22747503,Terri.Jorgensen,Terri.Jorgensen
22728621,Candice.Lehrer,Candice.Lehrer
22696277,Diasona.Paraskevopoulos,Diasona.Paraskevopoulos
22749707,Oethellebert.Paningbatan,Oethellebert.Paningbatan
22757117,Seow.Tan,Seow.Tan
22747797,Marie.DeBoucherville,Marie.DeBoucherville
22733988,Lucy.Dixon,Lucy.Dixon
22652436,Suraiya.Gulamali,Suraiya.Gulamali
22761501,Emma.Wookey,Emma.Wookey
22750283,Sarah.Kennedy,Sarah.Kennedy
22749129,Lianda.Stoel,Lianda.Stoel
22757197,Leo.Choy,Leo.Choy
22761799,Rebecca.Pegg,Rebecca.Pegg
22734974,Nathan.Gifkins,Nathan.Gifkins
22659841,Kos.Dimitriou,Kos.Dimitriou
22752194,Dawn.Cohen,Dawn.Cohen
22700571,Timothy.Cairns,Timothy.Cairns
22757739,Billy.Phung,Billy.Phung
22666607,Fatema.Farhat,Fatema.Farhat
22758856,Iqbal.Randhawa,Iqbal.Randhawa
22751354,Simon.Mackinnon,Simon.Mackinnon
22757943,Tonia.Pham,Tonia.Pham
22762870,Benjamin.Johnstone,Benjamin.Johnstone
22708517,Cameron.Crawford,Cameron.Crawford
22753584,Marcus.Watkins,Marcus.Watkins
22666985,Aygarinos.Kapsimalis,Aygarinos.Kapsimalis
22756971,Claire.Axelson,Claire.Axelson
22758749,Paula.Ramsey,Paula.Ramsey
22763886,Karen.Tan,Karen.Tan
21233048,LouiseMarie.Vasey,LouiseMarie.Vasey
22756040,Daniel.Pizzo,Daniel.Pizzo
22758925,WeeKeat.Chin,WeeKeat.Chin
22675053,Sun.Chan,Sun.Chan
22651423,Edwin.Adan,Edwin.Adan
22759581,Dinah.Munro,Dinah.Munro
22764869,Erin.Learmonth,Erin.Learmonth
22756674,Neha.Seth,Neha.Seth
22764964,Cameron.Orr,Cameron.Orr
22759827,Jalpa.Padaria,Jalpa.Padaria
22656918,Corri.MacColl,Corri.MacColl
22724835,Adam.Watt,Adam.Watt
22757093,Michael.Arnold,Michael.Arnold
22724838,Roberta.Shannon,Roberta.Shannon
22764220,Silpa.Tallapaneni,Silpa.Tallapaneni
22648967,Tina.Freier,Tina.Freier
22660582,Catherine.Jones,Catherine.Jones
22696249,Debra.Patsouris,Debra.Patsouris
22653125,David.Sacco,David.Sacco
22757678,Rodolfo.DOnofrio,Rodolfo.DOnofrio
22666273,Cindy.Taylor,Cindy.Taylor
22669251,Natalia.Moyano,Natalia.Moyano
22762506,Monosij.Sinha,Monosij.Sinha
22703210,Vojko.Trebar,Vojko.Trebar
22728823,Amanda.Ide,Amanda.Ide
22677881,Chris.Quinn,Chris.Quinn
22711811,Daniel.Corsaletti,Daniel.Corsaletti
28000411,Pesa.Betikas,Pesa.Betikas
22733621,Popi.Anastasopoulos,Popi.Anastasopoulos
22763389,Vijayan.Selvaratnam,Vijayan.Selvaratnam
22654016,Karlo.Mucio,Karlo.Mucio
22682762,Thomas.Ardhy,Thomas.Ardhy
22713441,Phillip.Triantafyllou,Phillip.Triantafyllou
22676756,Kourtney.DeFriee,Kourtney.DeFriee
22663472,DeHong.Su,DeHong.Su
22683007,Hua.Wu,Hua.Wu
22764225,Brian.Ignacio,Brian.Ignacio
22718218,Phillip.Siannos,Phillip.Siannos
22652062,Trijana.Wijoyo,Trijana.Wijoyo
22677913,Ramy.Bassily,Ramy.Bassily
22695124,Dion.Kelly,Dion.Kelly
22686667,Andrew.Rutherfurd,Andrew.Rutherfurd
22682987,Karen.Lau,Karen.Lau
22721835,Cassandra.Walton,Cassandra.Walton
22764914,Anthea.MacTiernan,Anthea.MacTiernan
22679557,Mark.Harris,Mark.Harris
22676835,Melissa.Boyd,Melissa.Boyd
22695155,Anna.Victuelles,Anna.Victuelles
22712080,Lisa.Thornton,Lisa.Thornton
22724508,Brett.Young,Brett.Young
22687271,Lani.Beer,Lani.Beer
22683575,Ellen.Perlic,Ellen.Perlic
22695605,Nicholas.Manetta,Nicholas.Manetta
22684638,Caroline.Blake,Caroline.Blake
22686611,Yu.Lin,Yu.Lin
22713995,Priyanka.Holla,Priyanka.Holla
22696214,Laura.Italia,Laura.Italia
22724551,Catherine.Makris,Catherine.Makris
22697073,Mike.Nelson,Mike.Nelson
22689773,Anna.Mazurek,Anna.Mazurek
22696227,Claire.Wharton,Claire.Wharton
22688712,Minh.Pham,Minh.Pham
22685279,Christopher.Lyons,Christopher.Lyons
22728536,David.Nuutinen,David.Nuutinen
22733124,Elizabeth.Paligora,Elizabeth.Paligora
22690058,Adam.Logan,Adam.Logan
22690775,Christine.Ciechomski,Christine.Ciechomski
22735004,Rachael.Rubic,Rachael.Rubic
22704283,Thomas.Sannachan,Thomas.Sannachan
22699592,Matthew.Venus,Matthew.Venus
22695133,Sucheta.Mufti,Sucheta.Mufti
22691942,Tina.Menon,Tina.Menon
22705958,DungQuoc.Nguyen,DungQuoc.Nguyen
22735105,Shuang.Zhong,Shuang.Zhong
22704539,Elise.Vagg,Elise.Vagg
22739732,Carla.Aldemir,Carla.Aldemir
22692219,Leanne.Weston,Leanne.Weston
22695171,Emine.Gurpinar,Emine.Gurpinar
22751365,Betul.Altiparmak,Betul.Altiparmak
22696246,Alexander.Passarella,Alexander.Passarella
22694054,Haritha.Wijetunga,Haritha.Wijetunga
22705970,Stefan.Petersen,Stefan.Petersen
22692948,Lauren.Pugsley,Lauren.Pugsley
22757734,Grace.Mene,Grace.Mene
22735585,Cherene.Stelzer,Cherene.Stelzer
22715510,Keio.Mucio,Keio.Mucio
22752291,Benjamin.Horsfall,Benjamin.Horsfall
22694989,Jennifer.Brown,Jennifer.Brown
22758194,Braden.Driver,Braden.Driver
22706830,MinWei.Cai,MinWei.Cai
22694637,Qun.Xiao,Qun.Xiao
22759006,Jonathan.Tyers,Jonathan.Tyers
22715532,KuangTao.Liu,KuangTao.Liu
22713950,Pranav.Sood,Pranav.Sood
22758240,Megan.Clements,Megan.Clements
22696099,Albert.Tomay,Albert.Tomay
22755254,Rozanne.Biddle,Rozanne.Biddle
22695329,Rodney.Munro,Rodney.Munro
22724832,Thanh.Vu,Thanh.Vu
22714769,Nicholas.Macqueen,Nicholas.Macqueen
22755489,Andrija.Atic,Andrija.Atic
22713968,Lalerek.Iap,Lalerek.Iap
22698561,Jonathan.Moore,Jonathan.Moore
22764150,Erin.Hawtin,Erin.Hawtin
22757679,Dean.Penfold,Dean.Penfold
22727440,Camilla.Agustin,Camilla.Agustin
22699529,Naveen.Manda,Naveen.Manda
22722603,Alan.Wilson,Alan.Wilson
22764157,Hatice.Uzun,Hatice.Uzun
22704559,Richard.Newth,Richard.Newth
22715845,Kate.Hughes,Kate.Hughes
22704597,Rhodora.Rosales,Rhodora.Rosales
22725407,Jessica.Du,Jessica.Du
22671848,Jackie.Stewart,Jackie.Stewart
22662414,Dennis.Prado,Dennis.Prado
22765093,Wendy.Pettman,Wendy.Pettman
22718820,Leah.McLeavy,Leah.McLeavy
22728965,Taryn.Wilson,Taryn.Wilson
22705287,Gavan.Purdy,Gavan.Purdy
22731973,Tuyen.Pham,Tuyen.Pham
22685417,Mark.DeWan,Mark.DeWan
22687105,Laura.Halim,Laura.Halim
22735565,Amanda.Pipkorn,Amanda.Pipkorn
22719638,Leisa.Garland,Leisa.Garland
22732532,Meredith.Taylor,Meredith.Taylor
22722803,Kate.Dolling,Kate.Dolling
22761477,Nick.DarcyFox,Nick.DarcyFox
22766405,Kaitlan.Triffett,Kaitlan.Triffett
22697068,Eleni.Papaspiros,Eleni.Papaspiros
22736064,Birago.Boakye,Birago.Boakye
22729398,Lidia.Kozic,Lidia.Kozic
22692947,Diana.Topalova,Diana.Topalova
22733427,Concetta.Biffen,Concetta.Biffen
22720006,Haweni.Bedada,Haweni.Bedada
22699560,Maria.Nedelkovski,Maria.Nedelkovski
22686368,Karen.Mills,Karen.Mills
22706787,Keegan.Hopa,Keegan.Hopa
22701865,John.Underwood,John.Underwood
22737002,Rubia.Lopez,Rubia.Lopez
22700022,Cherry.Yap,Cherry.Yap
22730944,Rizwan.AbdulAziz,Rizwan.AbdulAziz
22686679,Wayne.Leng,Wayne.Leng
22686502,Lyle.Winter,Lyle.Winter
22737074,Jessica.White,Jessica.White
22708534,Bianca.VonBlomberg,Bianca.VonBlomberg
22705767,Saurav.Hazra,Saurav.Hazra
22689109,Mia.Dunworth,Mia.Dunworth
22713905,Karune.Aurora,Karune.Aurora
22689209,Deborah.Marsters,Deborah.Marsters
22737837,Dhanaraja.Dharmalingam,Dhanaraja.Dharmalingam
22691290,Viera.Pye,Viera.Pye
22725555,Andrew.Correlje,Andrew.Correlje
22692134,Linda.Iannacone,Linda.Iannacone
22741894,Jennifer.Cunha,Jennifer.Cunha
22695531,Peggy.Yu,Peggy.Yu
22687759,Megan.Wicks,Megan.Wicks
22725775,Forrest.Robinson,Forrest.Robinson
22693082,Elise.Edwards,Elise.Edwards
22718606,Benjamin.Grant,Benjamin.Grant
22744460,Gregory.Stoitsis,Gregory.Stoitsis
22732028,Oliver.Acebes,Oliver.Acebes
22745396,Thao.Truong,Thao.Truong
22695098,Aspi.Kateli,Aspi.Kateli
22693935,Luke.Jones,Luke.Jones
22743624,Gregory.Black,Gregory.Black
22745361,Douglas.McIntyre,Douglas.McIntyre
22695589,Leigh.Orton,Leigh.Orton
22738631,Jayne.Perich,Jayne.Perich
22692127,Kelly.Ford1,Kelly.Ford1
22695115,Vivi.Buntoro,Vivi.Buntoro
22767090,Anastasia.Alamaras,Anastasia.Alamaras
28000412,Peta.BowesJensen,Peta.BowesJensen
22741710,Kate.Davis,Kate.Davis
22692325,Lucy.Scott,Lucy.Scott
22695379,Paul.Khov,Paul.Khov
22694086,Mark.Stanley,Mark.Stanley
28000775,Marie.Cocheril,Marie.Cocheril
22696161,Carol.Gorman,Carol.Gorman
28076570,Tracy.Bullion,Tracy.Bullion
22743235,Michelle.Lee,Michelle.Lee
22695330,Nicola.Shaw,Nicola.Shaw
22696341,Gary.Oberg,Gary.Oberg
28071725,Melita.Wilcox,Melita.Wilcox
22696306,Suzana.Stojcevska,Suzana.Stojcevska
28078153,Michael.Denmeade,Michael.Denmeade
22745030,Robert.Cannuli,Robert.Cannuli
22700854,Nicholas.Fadel,Nicholas.Fadel
22702244,Henri.Deslongrais,Henri.Deslongrais
22702393,Braden.Gray,Braden.Gray
28103116,Sasha.Ward,Sasha.Ward
28000420,Rebecca.Dickson,Rebecca.Dickson
22707126,Andrew.Grima,Andrew.Grima
22711449,Tim.Evans,Tim.Evans
22697918,Christine.Taranto,Christine.Taranto
22702854,Louise.Burwood,Louise.Burwood
28103058,Silviu.Codreanu,Silviu.Codreanu
28078886,Philippa.Jacombs,Philippa.Jacombs
22680900,Tara.Gibbons,Tara.Gibbons
22699713,Ally.Crockett,Ally.Crockett
28103243,Katherine.Ashe,Katherine.Ashe
22705533,Megan.Williams,Megan.Williams
22713988,Craig.Logan,Craig.Logan
22713449,Terry.Cleve,Terry.Cleve
22692302,Sam.Geor,Sam.Geor
28102015,Christopher.Stuart,Christopher.Stuart
22715796,Miranda.Teh,Miranda.Teh
22700437,Wendy.Woon,Wendy.Woon
22707810,Stephanie.Lack,Stephanie.Lack
22715929,Ravivarma.Jayaraman,Ravivarma.Jayaraman
22649369,Michael.Bridges,Michael.Bridges
22651518,Brendan.Sciberras,Brendan.Sciberras
28104169,Joanna.Labrooy,Joanna.Labrooy
22722019,Natalie.Xuereb,Natalie.Xuereb
22722375,Sudheera.Perera,Sudheera.Perera
22703221,Eric.Chan,Eric.Chan
22655867,Kelly.Rielly,Kelly.Rielly
22747018,Faryn.Cressy,Faryn.Cressy
22727934,Snezana.Radovic,Snezana.Radovic
22713120,Edward.Howitt,Edward.Howitt
22656284,Nurcan.Canbolat,Nurcan.Canbolat
22726674,Louise.Wilson,Louise.Wilson
21291789,Fiona.Cheung,Fiona.Cheung
22659960,Sarah.Kong,Sarah.Kong
22705957,Anthony.Khuu,Anthony.Khuu
22714810,Laura.Thomas,Laura.Thomas
22734657,Shachi.Desai,Shachi.Desai
22728371,Averil.Thirlwall,Averil.Thirlwall
22747201,Kylee.Millis,Kylee.Millis
22708381,Rowena.Ly,Rowena.Ly
22715809,Lukasz.Lipnicki,Lukasz.Lipnicki
22747831,Nicole.Hunt,Nicole.Hunt
22708666,Robert.Tran,Robert.Tran
22730850,James.Eckhardt,James.Eckhardt
22673931,Marie.Muccio,Marie.Muccio
22720161,Lara.Wade,Lara.Wade
22711477,LuKhaAi.Huynh,LuKhaAi.Huynh
22731719,Melanie.Smith,Melanie.Smith
22727625,Caroline.Kaldas,Caroline.Kaldas
22684329,Samantha.Pratt,Samantha.Pratt
22680147,Martin.Madsen,Martin.Madsen
22664507,John.Pulepule,John.Pulepule
22714860,Shane.Kenny,Shane.Kenny
22685185,Catherine.Humphreys,Catherine.Humphreys
22721204,Nico.Thomson,Nico.Thomson
22727882,Katie.Muldoon,Katie.Muldoon
22692389,Phillip.Robinson,Phillip.Robinson
22668455,Scott.Wycherley,Scott.Wycherley
22733126,Corinda.Maloney,Corinda.Maloney
22733720,Stephen.Blanche,Stephen.Blanche
22692650,Peter.Pike,Peter.Pike
22696280,Thomas.Morgan,Thomas.Morgan
22677490,Sarah.Korman,Sarah.Korman
22727258,Mark.Forrest,Mark.Forrest
22696149,Harry.Farakos,Harry.Farakos
22677523,Aaron.Mathias,Aaron.Mathias
22698072,Tara.Davies,Tara.Davies
22728608,Barbara.Kelly,Barbara.Kelly
22701165,John.Righetti,John.Righetti
22694647,Josephine.Drago,Josephine.Drago
22730613,Asma.Bilal,Asma.Bilal
22730171,Bhavani.Kurru,Bhavani.Kurru
22701585,Amy.Chai,Amy.Chai
22695137,Andrea.Kachorroski,Andrea.Kachorroski
22738512,Emily.Teh,Emily.Teh
22702983,Marco.Calvani,Marco.Calvani
22713923,Joseph.Catanese,Joseph.Catanese
22743306,Allison.Farr,Allison.Farr
22696189,Peter.Olivia,Peter.Olivia
22740980,Amanda.Chong,Amanda.Chong
22747274,Trina.Moyes,Trina.Moyes
22744394,Ashlyn.Mattiske,Ashlyn.Mattiske
22713178,Patrick.AlBarchini,Patrick.AlBarchini
22742843,Angela.Hatch,Angela.Hatch
22713442,Voula.Rigas,Voula.Rigas
22744395,YenYen.Leong,YenYen.Leong
22714621,Caroline.Vuong,Caroline.Vuong
22744245,Jason.Johnson,Jason.Johnson
22715348,Shubhangini.Bahuguna,Shubhangini.Bahuguna
22744539,Won.Oh,Won.Oh
22716170,Sequoia.Shearer,Sequoia.Shearer
22745398,David.Le,David.Le
22749931,Kalolaine.Ika,Kalolaine.Ika
22732830,Georgina.Hazell,Georgina.Hazell
22714681,Stacey.Haase,Stacey.Haase
22717979,James.Andruczyk,James.Andruczyk
22721099,Katherine.Drury,Katherine.Drury
22719704,Matthew.Keady,Matthew.Keady
22719392,Kristania.Lusinta,Kristania.Lusinta
22722813,Paul.Wallis,Paul.Wallis
22734947,Taryn.Tran,Taryn.Tran
22750187,Hendri.Kosasih,Hendri.Kosasih
22731747,Chris.Clarke,Chris.Clarke
22740754,Jianting.Chen,Jianting.Chen
22728469,Nicholas.Evans,Nicholas.Evans
22739420,Gregory.Brown,Gregory.Brown
22728923,Jasmina.Chandra,Jasmina.Chandra
22753159,Liesje.JansenVanRensburg,Liesje.JansenVanRensburg
22745976,Robbi.Ewert,Robbi.Ewert
22735291,Daniela.Fedele,Daniela.Fedele
22760362,Masood.Samadi,Masood.Samadi
22740978,Beth.Stubberfield,Beth.Stubberfield
22755102,Christopher.Woolfrey,Christopher.Woolfrey
22741267,Jeffrey.Chan,Jeffrey.Chan
22736759,Kanika.Babbar,Kanika.Babbar
22760488,Duyen.Pham,Duyen.Pham
22734695,Suzanne.Meredith,Suzanne.Meredith
22738779,AnneMarie.Cavallaro,AnneMarie.Cavallaro
22752607,Sarindi.Sumanasuriya,Sarindi.Sumanasuriya
22741700,Katherine.Levanes,Katherine.Levanes
22734979,Vinh.Nguyen,Vinh.Nguyen
22653080,Sarah.James,Sarah.James
22767432,Adrien.DurandDeslongrais,Adrien.DurandDeslongrais
22741059,Toby.Hawkins,Toby.Hawkins
22739564,Mukul.Verma,Mukul.Verma
28078830,Akin.Lim,Akin.Lim
22735289,Addam.Mallett,Addam.Mallett
22667348,Niluki.Rodrigo,Niluki.Rodrigo
22757941,Taynah.Kahika,Taynah.Kahika
22751341,Adoracion.Rivera,Adoracion.Rivera
22743979,Maria.Aguilar,Maria.Aguilar
22738705,Timothy.Mudasia,Timothy.Mudasia
22670419,Samuel.Doherty,Samuel.Doherty
22649086,Darren.McGuane,Darren.McGuane
22758430,Sean.Potter,Sean.Potter
22759001,Peter.Gillam,Peter.Gillam
22745893,Deakyn.McIntyre,Deakyn.McIntyre
22751727,Brooke.Holland,Brooke.Holland
22744002,Mary.Stamatopoulos,Mary.Stamatopoulos
22670742,Junyi.Wang,Junyi.Wang
22759464,Natasha.Maxwell,Natasha.Maxwell
22697271,Siev.Sau,Siev.Sau
22748858,Lauren.Marshall,Lauren.Marshall
22725478,Martin.Bay,Martin.Bay
22748448,SiNhon.Ngo,SiNhon.Ngo
22678682,Kristen.Kirk,Kristen.Kirk
22757733,Anthony.Batkov,Anthony.Batkov
22762219,Helen.Jeffrey,Helen.Jeffrey
22750648,Elisabeth.Joyner,Elisabeth.Joyner
22755049,Emma.Farey,Emma.Farey
22678910,Ashlyn.Letheby,Ashlyn.Letheby
22752593,KarYea.Phan,KarYea.Phan
22753551,Tasmeea.Choudhury,Tasmeea.Choudhury
22755454,Vinay.Arvind,Vinay.Arvind
22758620,Robina.Arthur,Robina.Arthur
22753585,Jalen.Shugg,Jalen.Shugg
22756110,Emily.Wilcox,Emily.Wilcox
22694028,Soong.Chin,Soong.Chin
22759002,Desly.Toms,Desly.Toms
22759822,Katie.Valentine,Katie.Valentine
22696179,Layal.Bilal,Layal.Bilal
22756042,Kevin.Jayawardena,Kevin.Jayawardena
22756215,Natacha.Hindle,Natacha.Hindle
22759110,Matthew.Backman,Matthew.Backman
22766402,Alana.Lawes,Alana.Lawes
22756447,YaJun.Liu,YaJun.Liu
22696262,Michelle.Reyes,Michelle.Reyes
22757930,Georgia.Kennedy,Georgia.Kennedy
22761793,Christopher.McDowell,Christopher.McDowell
22763241,Sue.Mieog,Sue.Mieog
22696296,Pauline.Mutton,Pauline.Mutton
22758261,Gareth.Johnson,Gareth.Johnson
22699456,Jon.Hudson,Jon.Hudson
22760047,Michelle.Bradley,Michelle.Bradley
22706195,Helen.Perri,Helen.Perri
22749759,Joshua.Agar,Joshua.Agar
22760878,Bridget.Easdon,Bridget.Easdon
22760503,Antoni.Sadowski,Antoni.Sadowski
22758216,Ella.OSullivan,Ella.OSullivan
22750171,Kate.Rapsey,Kate.Rapsey
28078873,Marlene.Gevergis,Marlene.Gevergis
22761563,Cynthia.Pottier,Cynthia.Pottier
22764158,Paris.Kaipuke,Paris.Kaipuke
22751987,Enock.Chiyangwa,Enock.Chiyangwa
22758307,Tarryn.Morrissey,Tarryn.Morrissey
22748438,Maria.Koliatsos,Maria.Koliatsos
22721674,Gail.Levitin,Gail.Levitin
22762149,George.Blake,George.Blake
22753488,Tian.Qin,Tian.Qin
22748542,Nicholas.Gardiner,Nicholas.Gardiner
22748514,Nick.Faidy,Nick.Faidy
22759355,Sandra.Birkensleigh,Sandra.Birkensleigh
22675341,Yick.Tam,Yick.Tam
22753650,Sivashankar.Padmasekaran,Sivashankar.Padmasekaran
22751943,Yoichi.Fujita,Yoichi.Fujita
22762771,Niccolo.Gomez,Niccolo.Gomez
22748799,Arthur.Stratsianis,Arthur.Stratsianis
28000611,Diep.Huynh,Diep.Huynh
22753680,PaulHenri.Alexandroff,PaulHenri.Alexandroff
22747910,Jasmine.Thankamoni,Jasmine.Thankamoni
22754255,Maddison.Rowling,Maddison.Rowling
20908619,Maria.Santero,Maria.Santero
22753581,MyLien.Le,MyLien.Le
22763952,Natalia.Muller,Natalia.Muller
22754407,Shinichi.Okamoto,Shinichi.Okamoto
22737628,Raymond.Cheng,Raymond.Cheng
22754256,Tyler.Bruce,Tyler.Bruce
22661668,Bala.Shastri,Bala.Shastri
22754822,Tessa.Sleeman,Tessa.Sleeman
22748477,AdoraLy.Tran,AdoraLy.Tran
22754683,Matthew.Newton,Matthew.Newton
22764224,Naveen.Katta,Naveen.Katta
22756152,Erika.Ishigami,Erika.Ishigami
22756041,Kelsey.Lewis,Kelsey.Lewis
22755868,James.Bombaci,James.Bombaci
22752528,Orthension.Iradukunda,Orthension.Iradukunda
22664347,Melanie.Brincat,Melanie.Brincat
22755205,Mack.Cheong,Mack.Cheong
22761206,Amanda.Lui,Amanda.Lui
22756960,Yuxin.Liu,Yuxin.Liu
22753268,Debra.Neill,Debra.Neill
22756750,LinhNam.Tran,LinhNam.Tran
22672375,Clare.Watts,Clare.Watts
22756115,Lisa.Lovich,Lisa.Lovich
22761392,Simon.AlNakat,Simon.AlNakat
22757551,Connor.OShea,Connor.OShea
22756218,Marina.Little,Marina.Little
22756751,Stefanie.Giles,Stefanie.Giles
22757011,Jerome.Copeman,Jerome.Copeman
22757737,Arvina.Kinanthi,Arvina.Kinanthi
22756982,Tobi.Ajibola,Tobi.Ajibola
22755404,Dianna.Liu,Dianna.Liu
22757939,Rebekah.Torckler,Rebekah.Torckler
22752988,Qian.Lu,Qian.Lu
22756382,Shinsuke.Hashizume,Shinsuke.Hashizume
22757736,Alex.Lee,Alex.Lee
22759454,Rebecca.Curry,Rebecca.Curry
22758026,Jack.Hii,Jack.Hii
22753550,Halime.Turkoglu,Halime.Turkoglu
22758239,Tomoko.Connolly,Tomoko.Connolly
22761829,Daniel.Vonthethoff,Daniel.Vonthethoff
22758559,Roy.Cushan,Roy.Cushan
22762603,Duc.Nguyen,Duc.Nguyen
22753610,Saravanan.Kanagalingam,Saravanan.Kanagalingam
22757540,Hassan.Halil,Hassan.Halil
22762779,Gregory.Dominish,Gregory.Dominish
22760247,Evelyne.Sapieja,Evelyne.Sapieja
22757938,Stephanie.Litchfield,Stephanie.Litchfield
22754120,Kiia.Liind,Kiia.Liind
22760915,Sean.Woodward,Sean.Woodward
22765629,Jacqueline.Lioe,Jacqueline.Lioe
22763325,Alexandra.Fisher,Alexandra.Fisher
22762012,Steve.Prince,Steve.Prince
22761626,Carissa.Hoich,Carissa.Hoich
22761865,Simon.Stedman,Simon.Stedman
22762154,Richard.Quach,Richard.Quach
22757942,Veerpal.Dhillon,Veerpal.Dhillon
22762508,Juliette.Guittiere,Juliette.Guittiere
22766360,WaiKit.Low,WaiKit.Low
22753713,Emily.Kripintiris,Emily.Kripintiris
22756217,Blake.Macartney,Blake.Macartney
22761948,Sarah.Dickson,Sarah.Dickson
22757951,Michael.McKean,Michael.McKean
22762728,Leny.Cheng,Leny.Cheng
22751325,Meg.Garland,Meg.Garland
22755490,Bruce.Zhang,Bruce.Zhang
22762120,Georgina.Holessis,Georgina.Holessis
22758618,Jamie.Howells,Jamie.Howells
22757255,James.Menzies,James.Menzies
22753586,Nicholas.Beck,Nicholas.Beck
22762511,Adarsh.Poondla,Adarsh.Poondla
22759580,Jessica.Taylor,Jessica.Taylor
22758924,Pallavi.Sahai,Pallavi.Sahai
22757990,Sharoon.Sinha,Sharoon.Sinha
22755906,Judith.Fitzgerald,Judith.Fitzgerald
22764258,Jessica.Lim,Jessica.Lim
22760568,Linda.Chhim,Linda.Chhim
22759356,Peter.Grey,Peter.Grey
22688708,Cosimo.Maiolo,Cosimo.Maiolo
22764233,Graham.Hoggan,Graham.Hoggan
22766691,Sidharth.Khadilkar,Sidharth.Khadilkar
22761522,Erin.Steinmetz,Erin.Steinmetz
28000399,Pusp.Deo,Pusp.Deo
22761559,Kaleb.Griffiths,Kaleb.Griffiths
22760377,James.Connors,James.Connors
22689142,Tracy.Wilson,Tracy.Wilson
28076481,Michelle.Stafford,Michelle.Stafford
22766132,Simon.Thomas,Simon.Thomas
22695150,Dean.Murphy,Dean.Murphy
28075070,Amy.Yeo,Amy.Yeo
28078190,Andrea.Punzalan,Andrea.Punzalan
22762510,Soumyajit.Mukherjee,Soumyajit.Mukherjee
28079058,Bernard.Toussaint,Bernard.Toussaint
22696201,Lioubov.Popova,Lioubov.Popova
28102756,Christopher.Knox,Christopher.Knox
22763323,Jamie.Jongebloed,Jamie.Jongebloed
22763520,Leah.Kruger,Leah.Kruger
28102395,Erin.Disbray,Erin.Disbray
22762503,Jun.Wu,Jun.Wu
22763949,Vasudha.Pati,Vasudha.Pati
28102795,Walid.Harach,Walid.Harach
22763075,Peter.MacDonald,Peter.MacDonald
28103456,Heidi.Milliss,Heidi.Milliss
28104065,Daniel.Erasmus,Daniel.Erasmus
22761695,Olga.Foenander,Olga.Foenander
28103601,Jarred.Taylor,Jarred.Taylor
22764222,Esteban.Nunez,Esteban.Nunez
22649085,Joshua.Slonim,Joshua.Slonim
22761769,Robyn.Taylor,Robyn.Taylor
28000434,Vasanth.Kadambi,Vasanth.Kadambi
28104264,Gretel.Spizick,Gretel.Spizick
22764577,Anthony.Sarris,Anthony.Sarris
28103862,Rebecca.Star,Rebecca.Star
28000438,Glenda.Lynch,Glenda.Lynch
28104316,Tim.Habel,Tim.Habel
20884441,Helen.Poriazis,Helen.Poriazis
22675767,Robert.Amador,Robert.Amador
28000443,Julie.Nichols,Julie.Nichols
21406889,Mona.Meighan,Mona.Meighan
22653229,Nicholas.Kieran,Nicholas.Kieran
22648946,Eleanor.Satterly,Eleanor.Satterly
22694052,Lindy.Taylor,Lindy.Taylor
22699305,Jerry.Hee,Jerry.Hee
28000632,Cheryl.Lancelot,Cheryl.Lancelot
22678126,Rebecca.Freeman,Rebecca.Freeman
28087321,Judite.Santos,Judite.Santos
22694881,Catherine.Otares,Catherine.Otares
22648573,Brad.Milne,Brad.Milne
22761104,Melissa.Peh,Melissa.Peh
28000675,San.Wong,San.Wong
22673844,Debra.Gray,Debra.Gray
22679099,Karen.Waterson,Karen.Waterson
22695383,David.Doyle,David.Doyle
22654293,Michael.Spriggs,Michael.Spriggs
28000740,Helen.Alamaras,Helen.Alamaras
22762150,Belkez.Lang,Belkez.Lang
22696155,Amanda.Rowe,Amanda.Rowe
22688534,Colleen.Page,Colleen.Page
22672143,Anna.McVee,Anna.McVee
21123532,Deanna.Delisio,Deanna.Delisio
22696235,Shane.McLachlan,Shane.McLachlan
22692117,Jessica.DAmbrosio,Jessica.DAmbrosio
28000359,Snezana.Kalra,Snezana.Kalra
22764221,Patricia.Seitaridis,Patricia.Seitaridis
21385101,Matthew.Keung,Matthew.Keung
28085629,Meifen.Luo,Meifen.Luo
22696830,Evelyn.Aucaruri,Evelyn.Aucaruri
22762504,Priyunko.Paul,Priyunko.Paul
22674411,Tyler.Johnson,Tyler.Johnson
28075791,Jodie.Frazer,Jodie.Frazer
28106908,Miranda.Perenise,Miranda.Perenise
22695100,Byron.Howard,Byron.Howard
22765006,Erika.Harris,Erika.Harris
22699245,Fred.Buchanan,Fred.Buchanan
22696226,Bojana.Skoro,Bojana.Skoro
22681255,Christopher.Tichy,Christopher.Tichy
22652717,Matthew.Leal,Matthew.Leal
28077542,Robert.Eggleston,Robert.Eggleston
22699774,Cyprien.Nguyen,Cyprien.Nguyen
28075030,David.Griffiths,David.Griffiths
28000455,Warren.Vanderputt,Warren.Vanderputt
22683190,Kathryn.Sanford,Kathryn.Sanford
22705951,Nelson.Ho,Nelson.Ho
28000519,Melissa.Cray,Melissa.Cray
28104447,Victoria.McGowen,Victoria.McGowen
22709061,KimAnn.Nguyen,KimAnn.Nguyen
28075668,Amanda.Mcfie,Amanda.Mcfie
28000395,Nunziata.Ranellone,Nunziata.Ranellone
28000612,Diane.Short,Diane.Short
22709110,Priyanka.Patel,Priyanka.Patel
28104652,LeahJean.Lovrek,LeahJean.Lovrek
22712762,Chintaginjala.Chaitanya,Chintaginjala.Chaitanya
28103813,Joel.Vanderwert,Joel.Vanderwert
28103350,BeverlyLuna.Razon,BeverlyLuna.Razon
22764936,Kay.Clancy,Kay.Clancy
28000468,Fiona.Hosanee,Fiona.Hosanee
28104259,Janet.Lindsay,Janet.Lindsay
22709144,Amber.Platcher,Amber.Platcher
22652120,Kara.Welsh,Kara.Welsh
28000709,Helen.Mason,Helen.Mason
22656318,Bryan.Herbias,Bryan.Herbias
28102489,Bernadette.SyCardente,Bernadette.SyCardente
22692146,Christopher.Ries,Christopher.Ries
22713429,Josephine.Cusmano,Josephine.Cusmano
22766556,Annie.Slen,Annie.Slen
28000755,Aurie.Monteiro,Aurie.Monteiro
22767171,Shannon.Carlson,Shannon.Carlson
22692544,Bradley.Hill,Bradley.Hill
22656695,Thanh.Nguyen,22656695
28106905,Tracey.Richardson,Tracey.Richardson
22709579,Maher.Younes,Maher.Younes
28000745,Lisa.Sinopoli,Lisa.Sinopoli
22695121,Robert.Scafidi,Robert.Scafidi
28075048,Mimma.Muncan,Mimma.Muncan
28078903,Evelyn.Linhart,Evelyn.Linhart
22653567,Jo.Wood,Jo.Wood
28000414,Fiona.Cassidy,Fiona.Cassidy
22662843,Michelle.Harvey,Michelle.Harvey
22696292,Rebekah.Warren,Rebekah.Warren
22723282,Suzanne.Oliver,Suzanne.Oliver
28104174,Susan.Conway,Susan.Conway
22666997,Susan.Borg,Susan.Borg
28079016,Deborah.Holmes,Deborah.Holmes
28078091,Nandini.Pillai,Nandini.Pillai
22691615,John.Thomson,John.Thomson
22724929,Andrew.Foster,Andrew.Foster
22652582,Peter.Cerasa,Peter.Cerasa
28102446,Angela.Pimpinella,Angela.Pimpinella
22754830,William.Harris,William.Harris
28078326,Paul.Jacombs,Paul.Jacombs
22702045,Stephen.Crowley,Stephen.Crowley
22660483,Faron.Mannays,Faron.Mannays
22684071,lusiana.lavery,lusiana.lavery
22700055,Vesna.Vujadinovic,Vesna.Vujadinovic
22725092,Marc.Cleland,Marc.Cleland
22740815,Jennifer.Bundy,Jennifer.Bundy
22755994,Jayesh.Bhana,Jayesh.Bhana
28103644,Sharon.Simpson,Sharon.Simpson
28078815,Michael.Shagrin,Michael.Shagrin
22692329,Mark.Selth,Mark.Selth
22674678,Rosana.Waje,Rosana.Waje
22727160,Darren.Robinson,Darren.Robinson
21230199,Elizabeth.Young,Elizabeth.Young
22756149,Paul.Burce,Paul.Burce
22711405,Gaiti.Zaidi,Gaiti.Zaidi
28079081,Mrinalendu.Dey,Mrinalendu.Dey
22683545,Gus.Kosadias,Gus.Kosadias
22766651,Chris.Thompson,Chris.Thompson
22653046,Leigh.Hays,Leigh.Hays
28102472,Robert.Coleman,Robert.Coleman
22713960,Arthur.Gleyberman,Arthur.Gleyberman
22696312,Vasiliki.Gilopidis,Vasiliki.Gilopidis
28000665,Shervonne.Sathianathen,Shervonne.Sathianathen
22733256,AndyKaiSing.Wong,AndyKaiSing.Wong
22657514,Lisa.Baldacchino,Lisa.Baldacchino
28000427,Cheryl.Antony,Cheryl.Antony
28075590,Catherine.Milne,Catherine.Milne
22709066,Nick.Jenkin,Nick.Jenkin
28104137,Martin.Burke,Martin.Burke
22734987,Julie.Au,Julie.Au
22727880,Alexandra.Amory,Alexandra.Amory
22730629,Evangelia.Andaras,Evangelia.Andaras
28086619,Kendall.Curran,Kendall.Curran
22735515,Adrian.Purvis,Adrian.Purvis
22710190,Phillip.Moon,Phillip.Moon
22731014,Jeremy.Anthony,Jeremy.Anthony
22713296,Nihara.Ranasinghe,Nihara.Ranasinghe
28102336,Stephen.Hall,Stephen.Hall
22735627,ChengYao.Tang,ChengYao.Tang
22764355,Sarah.Kitzelmann,Sarah.Kitzelmann
28000418,Lisa.Curran1,Lisa.Curran1
22741226,Joseph.Cassar,Joseph.Cassar
22713894,Zoe.Petruzzelli,Zoe.Petruzzelli
28104305,Muhammad.Ahmed,Muhammad.Ahmed
22742680,Joseph.Condo,Joseph.Condo
28000450,Tracey.Stanley,Tracey.Stanley
22724543,Samantha.Kent,Samantha.Kent
22749450,Russell.Meiklejohn,Russell.Meiklejohn
28104406,MaryRose.Garcia,MaryRose.Garcia
22688765,Tony.Femia,Tony.Femia
22766371,Stephanie.Scala,Stephanie.Scala
22743684,Adam.Small,Adam.Small
28076883,Maria.Huhta,Maria.Huhta
22694314,Matthew.Schreenan,Matthew.Schreenan
22744580,Barry.Dillon,Barry.Dillon
21135368,Brooke.McLoughlan,Brooke.McLoughlan
22648944,Andrew.Duell,Andrew.Duell
22695145,Sunita.Shakya,Sunita.Shakya
22757094,Michele.Foulds,Michele.Foulds
22755547,James.Mitchell,James.Mitchell
22750137,Dakshita.Shah,Dakshita.Shah
21314442,Adam.Arnel,Adam.Arnel
28078884,Beverley.Wilden,Beverley.Wilden
22756842,Rachel.Boughton,Rachel.Boughton
22758563,Shilpa.Ratti,Shilpa.Ratti
22695384,Sam.Foote1,Sam.Foote1
22648968,Sharon.McLeod,Sharon.McLeod
22696300,Sophia.Thaqi,Sophia.Thaqi
28000616,Renee.Miers,Renee.Miers
22753164,Kristal.Williams,Kristal.Williams
28079088,Alison.Johnson,Alison.Johnson
21330651,Karen.Ward,Karen.Ward
22698530,Dilek.Cigdem,Dilek.Cigdem
22753876,Thanh.Hoang,Thanh.Hoang
28102494,Shane.Londregan,Shane.Londregan
22658663,Paul.Probin,Paul.Probin
22765647,Kane.Salter,Kane.Salter
28104629,Anne.MacNaughton,Anne.MacNaughton
28102624,Peter.Fallows,Peter.Fallows
22660996,Simon.Martin,Simon.Martin
22758654,Keshaba.Peddamadula,Keshaba.Peddamadula
22762515,Dionysios.Fragkoulis,Dionysios.Fragkoulis
21448607,Janice.Abdilla,Janice.Abdilla
28000429,John.Giannikos,John.Giannikos
22707402,Laura.Malone,Laura.Malone
28103834,Bradley.Sydenham,Bradley.Sydenham
22669874,MiHye.Son,MiHye.Son
22648962,Lynette.MogridgeKhan,Lynette.MogridgeKhan
28087411,Heather.Jahn,Heather.Jahn
22652384,Peta.Goldsmith,Peta.Goldsmith
28104058,Myrna.Gutierrez,Myrna.Gutierrez
22672010,Angelique.AbbottWalton,Angelique.AbbottWalton
22672243,Iris.Kwon,Iris.Kwon
22764217,Anitha.Valluri,Anitha.Valluri
22660266,Alison.Turner,Alison.Turner
22761805,Andrew.Hodges,Andrew.Hodges
22692349,Andrew.Dowsing,Andrew.Dowsing
22672244,Andy.Law,Andy.Law
22761980,Antony.Harper,Antony.Harper
22692693,Jolly.Cherian,Jolly.Cherian
28000497,Nicholas.Edwards,Nicholas.Edwards
22692121,Olivia.Felipe,Olivia.Felipe
22762068,Ruth.Herden,Ruth.Herden
22692723,Rajneesh.Singh,Rajneesh.Singh
22692157,Andrew.OSullivan,Andrew.OSullivan
28078799,AnnMaree.Watson,AnnMaree.Watson
22695439,Matthew.OConnor,Matthew.OConnor
22692702,Lydia.Ristevski,Lydia.Ristevski
28102487,Brian.Lennon,Brian.Lennon
22694290,Barry.Holmes,Barry.Holmes
22725036,Lynette.Prasad,Lynette.Prasad
28104606,Sonora.Potter,Sonora.Potter
22696239,Gregory.Aidone,Gregory.Aidone
22735517,Noel.Goodwin,Noel.Goodwin
22696242,Jason.Mansfield,Jason.Mansfield
22741039,Eleni.Katsoulis,Eleni.Katsoulis
22696288,Maria.Colbert,Maria.Colbert
22696752,Lorraine.Learmonth,Lorraine.Learmonth
22751656,Mahdi.Alhajji,Mahdi.Alhajji
22678592,Mary.Magallanes,Mary.Magallanes
22754259,Peter.McFarlane,Peter.McFarlane
22686366,Katherine.Mok,Katherine.Mok
22755253,Nicholas.Lagarrigue,Nicholas.Lagarrigue
22760486,Selene.Trejo,Selene.Trejo
22709425,Joanna.Else,Joanna.Else
22713203,Sarah.Kay,Sarah.Kay
22734879,Alexandra.Rima,Alexandra.Rima
22692609,Jeffrey.Patsouris,Jeffrey.Patsouris
22735514,Stephanie.Cafari,Stephanie.Cafari
22725865,Brendan.Schneider,Brendan.Schneider
22727865,Tamara.BallardMaher,Tamara.BallardMaher
22745352,Spiro.Vizzini,Spiro.Vizzini
22711307,Simone.Paues,Simone.Paues
22725856,Christopher.Lieberman,Christopher.Lieberman
22746100,Anthony.Smith,Anthony.Smith
22758260,Peter.Murphy,Peter.Murphy
22755052,Kirsty.Galpin,Kirsty.Galpin
22754409,Chihaya.Tsuji,Chihaya.Tsuji
22755105,Jake.Ward,Jake.Ward
22760183,Alan.Tealby,Alan.Tealby
28075315,Cheryl.Rowling,Cheryl.Rowling
22761807,Emily.Molloy,Emily.Molloy
22757431,Cyndi.Dang,Cyndi.Dang
28078441,Mark.Ryan,Mark.Ryan
28103200,Kara.Ellings,Kara.Ellings
22751363,George.Anastasopoulos,George.Anastasopoulos
22761520,Laura.Downs,Laura.Downs
22679265,Elisha.Canning,Elisha.Canning
22686589,Zarni.Lee,Zarni.Lee
22680729,Rachel.Sands,Rachel.Sands
22694855,Lyndon.Kirk,Lyndon.Kirk
28105802,Esther.Chow,Esther.Chow
22705457,Jenna.Humphries,Jenna.Humphries
22696279,Fiona.Guscott,Fiona.Guscott
22699354,Gerard.Denton,Gerard.Denton
22704475,James.Head,James.Head
22708614,Scott.Davidson,Scott.Davidson
22735625,Francois.Juillard,Francois.Juillard
22696356,Marina.Oltoumis,Marina.Oltoumis
22741021,Phillip.Kolodziejski,Phillip.Kolodziejski
22688709,Angela.Tang,Angela.Tang
22719347,Kit.Ng,Kit.Ng
22755167,Michael.Jarman,Michael.Jarman
22757389,Rebekah.Daniels,Rebekah.Daniels
22747017,YiSheen.Koo,YiSheen.Koo
22757429,Amelia.Muchtarudin,Amelia.Muchtarudin
22721811,Jenelyn.Faiva,Jenelyn.Faiva
22712213,ThuyM.Truong,ThuyM.Truong
22757783,Miwa.Ishii,Miwa.Ishii
22763186,Dimce.Trpcevski,Dimce.Trpcevski
22757434,Nick.Maroney,Nick.Maroney
22751333,Vanessa.Harsic,Vanessa.Harsic
22757924,Joanna.Sinclair,Joanna.Sinclair
22731720,Sarah.Richardson,Sarah.Richardson
22753821,Renee.NoeNordberg,Renee.NoeNordberg
22761196,Praveen.Miranda,Praveen.Miranda
22767590,Claire.VanGils,Claire.VanGils
22761205,Danielle.Garner,Danielle.Garner
22745043,Andrea.Buccheri,Andrea.Buccheri
22757866,Daniel.Khalaf,Daniel.Khalaf
22761867,James.DeMattia,James.DeMattia
22657646,Hayley.Bon,Hayley.Bon
28086952,Katrina.Musumeci,Katrina.Musumeci
22735646,Luke.Slater,Luke.Slater
22663537,Hein.Thein,Hein.Thein
22662525,Michael.McKenzie,Michael.McKenzie
22743010,Nicholas.Plaister,Nicholas.Plaister
22687992,Lucy.Robeau,Lucy.Robeau
28102841,Charles.Leembruggen,Charles.Leembruggen
22667063,Lynsey.Ketelaar,Lynsey.Ketelaar
22738010,Matthew.Bombaci,Matthew.Bombaci
22702276,James.Harvey,James.Harvey
22670998,Listya.Lauwrencia,Listya.Lauwrencia
22695169,Paige.Bux,Paige.Bux
22669390,Jarrod.Bonser,Jarrod.Bonser
22650832,Laura.Urzia,Laura.Urzia
22738851,Erin.Beilby,Erin.Beilby
22701469,Kirtika.Mudaliar,Kirtika.Mudaliar
22696315,Alastair.Hunter,Alastair.Hunter
22752623,John.Trevethan,John.Trevethan
22754408,Takeo.Ushizuka,Takeo.Ushizuka
22744190,Lies.Vanmechelen,Lies.Vanmechelen
22759015,Cameron.Ngo,Cameron.Ngo
22737043,Bethwyn.Marsh,Bethwyn.Marsh
22758888,Gillian.Murray,Gillian.Murray
22741184,Joel.Formosa,Joel.Formosa
22761803,James.Skalkos,James.Skalkos
22748400,Caajal.Reddy,Caajal.Reddy
22758922,Kristin.Gill,Kristin.Gill
22719889,Nicholas.Morden,Nicholas.Morden
22761443,Sabrina.Tavalu,Sabrina.Tavalu
22750911,Luke.Hyde,Luke.Hyde
22717777,Tiffany.Davies,Tiffany.Davies
22732122,Nelson.Wrightman,Nelson.Wrightman
22753865,Tamara.Bailey,Tamara.Bailey
22751606,Anna.Cunningham,Anna.Cunningham
22733910,Allira.Worland,Allira.Worland
22734829,Tian.He,Tian.He
22757430,Rebecca.Rosher,Rebecca.Rosher
22745400,Dai.Tran,Dai.Tran
22751944,Caitlyn.Shaw,Caitlyn.Shaw
22762589,Tulip.Shah,Tulip.Shah
22761554,Peta.Rake,Peta.Rake
22755485,Carmen.Pascoe,Carmen.Pascoe
22743085,Victoria.Tennent,Victoria.Tennent
22756887,Ashley.Burrell,Ashley.Burrell
22748500,Daniel.Svoboda,Daniel.Svoboda
22743832,Tony.Su,Tony.Su
22761536,Ashleigh.Canning,Ashleigh.Canning
22752576,Elga.Gambhir,Elga.Gambhir
22753552,Kristy.Dymock,Kristy.Dymock
22759672,Chanelle.Betham,Chanelle.Betham
22751505,John.Delahunty,John.Delahunty
22757382,Ainsley.Hanlan,Ainsley.Hanlan
22759817,Peta.Lewis,Peta.Lewis
22761526,Joeris.Morgan,Joeris.Morgan
28075357,Amanda.Frazer,Amanda.Frazer
22761109,Ivan.Luong,Ivan.Luong
22761519,Zachary.Forsyth,Zachary.Forsyth
22713972,Jessica.Nash,Jessica.Nash
22729396,Sarah.Gaudion,Sarah.Gaudion
22690987,Ankur.Desai,Ankur.Desai
22736237,Josephine.Bono,Josephine.Bono
22741158,Alfred.Chu,Alfred.Chu
22748928,Rebecca.Lloyd,Rebecca.Lloyd
22753740,Benjamin.Ralph,Benjamin.Ralph
22748475,Tiffany.Do,Tiffany.Do
22750865,KajakeAkhila.Bhat,KajakeAkhila.Bhat
22758067,Steven.Liang,Steven.Liang
22748478,Phelan.Assawa,Phelan.Assawa
28078251,Linda.King,Linda.King
22686371,Sean.Dockray,Sean.Dockray
28000781,Matthew.Mitchell,Matthew.Mitchell
22648789,Claire.Smart,Claire.Smart
22711776,Nova.Bandian,Nova.Bandian
22696185,Jennifer.Askham,Jennifer.Askham
22660608,Roslyn.Stanic,Roslyn.Stanic
22664080,Nahare.Iap,Nahare.Iap
22736388,Eylem.Bicer,Eylem.Bicer
22756388,Joanne.Quach,Joanne.Quach
22702565,Sandra.Russell,Sandra.Russell
22692143,Melissa.Sadik,Melissa.Sadik
22701771,Sam.Hassett,Sam.Hassett
22751014,Nicholas.Branson,Nicholas.Branson
22704913,Muhuda.Mohamed,Muhuda.Mohamed
22724878,Tiffany.Gill,Tiffany.Gill
22751301,Sara.Morovic,Sara.Morovic
22754257,Trishala.Sethi,Trishala.Sethi
22759744,Daniel.Nicoletto,Daniel.Nicoletto
22718758,Josephine.Anderson,Josephine.Anderson
22747505,Gemma.Mouldey,Gemma.Mouldey
22761110,Laikin.Maguire,Laikin.Maguire
22741509,Anita.Hwang,Anita.Hwang
22697022,Bryan.Lee,Bryan.Lee
22764672,Soumya.Chakraborty,Soumya.Chakraborty
22747125,Neil.Curran,Neil.Curran
22748298,Erika.Geddes,Erika.Geddes
22761940,Bilyana.Bosevski,Bilyana.Bosevski
22745231,Simon.Hutchinson,Simon.Hutchinson
22758196,Erin.Cass,Erin.Cass
22733789,Chris.Scheuber,Chris.Scheuber
22766492,Joanne.Rebeiro,Joanne.Rebeiro
22753811,Jennifer.Knowles,Jennifer.Knowles
22766012,Rahul.Kumar,Rahul.Kumar
22746069,James.Cotton,James.Cotton
22767196,Saul.Field,Saul.Field
22752850,Paresh.Fofandi,Paresh.Fofandi
22766013,Sarit.Das,Sarit.Das
22748289,Susan.Vary,Susan.Vary
22766713,Tapen.Das,Tapen.Das
22745154,Giovanni.Deni,Giovanni.Deni
22766523,Sean.Williamson,Sean.Williamson
22756794,Andre.Dorfling,Andre.Dorfling
22684754,Vanessa.Mahady,Vanessa.Mahady
22767778,Kiruthiga.Subbarayan,Kiruthiga.Subbarayan
22745767,Janette.Torise,Janette.Torise
20990000,Damien.Miu,Damien.Miu
20990001,Ian.Narev,Ian.Narev
20990002,SOTestTeamDavid.Choi,SOTestTeamDavid.Choi
20990003,SOTestTeam.Athena,SOTestTeam.Athena
20990004,PlanITFname.PlanITLname,PlanITFname.PlanITLname
20990005,SOMandy.TestTeam,SOMandy.TestTeam
20990006,PlanITFname.PlanITLname,20990006
20990007,SOTESTTEAM.Lname,SOTESTTEAM.Lname
20990008,SOTESTTEAM.Lname,20990008
20990009,SORachel.Adams,SORachel.Adams
20990010,SOPearl.Adams,SOPearl.Adams
20990013,George.Hazell,George.Hazell
20990011,SOTESTTEAM.Lname,20990011
20990012,SOTESTTEAMStephanie.Mozart,SOTESTTEAMStephanie.Mozart
20990014,Chelsea.Spagnuolo,Chelsea.Spagnuolo
20990015,Diane.Spagnuolo,Diane.Spagnuolo
20990016,SOTESTTEAM.Lname,20990016
20990017,Kalps.Capron,Kalps.Capron
20990018,SOTestDanica.Rivera,SOTestDanica.Rivera
