login,firstName,lastName,middleName,honorificPrefix,honorificPrefix,email,title,displayName,secondEmail,mobilePhone,primaryPhone,city,state,zipCode,countryCode,preferredLanguage,userType,employeeNumber,organization,department,managerId,manager,gender,homePhone,knownAs,country,startDate,endDate,faxNumber,PersonId,hcmUsername,isHCMUser
vincent.quach@accenture.com,Vincent,Quach,null,null,null,vincent.quach@accenture.com,null,null,None,None,null,null,null,null,null,null,null,null,null,null,null,null,null,null,null,null,null,null,null,null,null,FALSE
gus.a.d'onofrio@mlcinsurance.com.au,Gus,D'Onofrio,null,null,null,gus.a.d'onofrio@mlcinsurance.com.au,null,null,None,None,null,null,null,null,null,null,null,null,null,null,null,null,null,null,null,null,null,null,null,null,null,FALSE
anurag.c.tripathi@accenture.com,Anurag,Tripathi,null,null,null,anurag.c.tripathi@accenture.com,null,null,tripata2@gmail.com,None,null,null,null,null,null,null,null,null,null,null,null,null,null,null,null,null,null,null,null,null,null,FALSE
dbiswas@mlclimited.com,Debmalya,Biswas,null,null,null,debmalya.biswas@accenture.com,null,null,None,None,null,null,null,null,null,null,null,null,null,null,null,null,null,null,null,null,null,null,null,null,null,FALSE
okta-admin@mlclimited.com,Okta,Admin,null,null,null,debmalya.biswas@accenture.com,null,null,None,None,null,null,null,null,null,null,null,null,null,null,null,null,null,null,null,null,null,null,null,null,null,FALSE
khoa.le-admin@mlclimited.com,Khoa,Le,null,null,null,khoa.y.le@mlcinsurance.com.au,null,null,None,None,null,null,null,null,null,null,null,null,null,null,null,null,null,null,null,null,null,null,null,null,null,FALSE
user.test@mlclimited.com,User,test,null,null,null,debmalya.biswas@accenture.com,null,User test,None,None,null,null,null,null,null,null,null,null,null,null,null,null,null,null,null,null,null,null,null,null,null,FALSE
sam.foote@ad.mlclife.com.au,Sam,Foote,null,null,null,sam_foote@mlcinsurance.com.au,Project & Change Management - Pay Group 3,Sam Foote,None,0409 968 283,(03)98862043,Rye-Rye,Victoria,3941,null,null,Permanent,22695384,MLC Limited,null,3.00E+14,Mark.Stanley@ad.mlclife.com.au,M,null,null,AU,7/1/2010,null,null,3.00E+14,Sam.Foote1,TRUE
lisa.curran@ad.mlclife.com.au,Lisa,Curran,Maree,null,null,lisa_curran@mlcinsurance.com.au,Underwriting - Pay Group 2,Lisa Curran,None,0476 823 547,(03) 8634 0642,Mentone,null,3000,null,null,Permanent,28000418,MLC Limited,null,3.00E+14,null,F,null,null,AU,12/15/1997,null,null,3.00E+14,Lisa.Curran1,TRUE
john.thomson@ad.mlclife.com.au,John,Thomson,null,null,null,john.s.thomson@mlcinsurance.com.au,Customer Support - Pay Group 4,John Thomson,None,0418 933 550,03 9829 8731,Mentone,null,3000,null,null,Permanent,22691615,MLC Limited,null,3.00E+14,null,M,null,null,AU,12/7/2009,null,null,3.00E+14,John.Thomson,TRUE
Kelly.Ford@ad.mlclife.com.au,Kelly,Ford,null,null,null,kelly_ford@mlcinsurance.com.au,Customer Maintainance - Pay Group 4,Kelly Ford,None,472801665,null,Mentone,null,3000,null,null,Permanent,22692127,MLC Limited,null,3.00E+14,null,F,null,null,AU,7/1/2010,null,null,3.00E+14,Kelly.Ford1,TRUE
Diane.Spagnuolo@ad.mlclife.com.au,Diane,Spagnuolo,C,null,null,debmalya.biswas@accenture.com,Corporate Affairs and Communications - Pay Group 1,Diane Spagnuolo,None,None,null,Craigieburn,Victoria,3064,null,null,Permanent,20990015,MLC Limited,null,3.00E+14,null,F,null,null,AU,8/29/2017,null,null,3.00E+14,Diane.Spagnuolo,TRUE
Catherine.Makris@ad.mlclife.com.au,Catherine,Makris,null,null,null,Catherine.Makris@mlcinsurance.com.au,Project & Change Management - Pay Group 2,Catherine Makris,None,None,03 86415491,Mentone,null,3000,null,null,Permanent,22724551,MLC Limited,null,3.00E+14,sam.foote@ad.mlclife.com.au,F,null,null,AU,4/29/2013,null,null,3.00E+14,Catherine.Makris,TRUE
Tracey.Stanley@ad.mlclife.com.au,Tracey,Stanley,Lee,null,null,tracey_l_stanley@mlcinsurance.com.au,Project & Change Management - Pay Group 3,Tracey Stanley,None,0475 967 418,null,Mentone,null,3000,null,null,Permanent,28000450,MLC Limited,null,3.00E+14,Mark.Stanley@ad.mlclife.com.au,F,null,null,AU,6/17/1996,null,null,3.00E+14,Tracey.Stanley,TRUE
Phillip.Moon@ad.mlclife.com.au,Phillip,Moon,null,null,null,philip.moon@mlcinsurance.com.au,Customer Support - Pay Group 2,Phillip (Philip) Moon,None,0475 810 762,null,Mentone,null,3000,null,null,Permanent,22710190,MLC Limited,null,3.00E+14,null,M,null,Philip,AU,10/3/2011,null,null,3.00E+14,Phillip.Moon,TRUE
William.Harris@ad.mlclife.com.au,William,Harris,Daryl,null,null,Wil.D.Harris@mlcinsurance.com.au,Customer Support - Pay Group 3,William Harris,None,None,472816111,Mentone,null,3000,null,null,Permanent,22754830,MLC Limited,null,3.00E+14,null,M,null,null,AU,4/18/2016,null,null,3.00E+14,22754830,TRUE
Lynsey.Ketelaar@ad.mlclife.com.au,Lynsey,Ketelaar,null,null,null,Lynsey.Ketelaar@mlcinsurance.com.au,Product Management - Pay Group 4,Lynsey Ketelaar,None,+61 (0) 448 189 231,null,Mentone,null,3000,null,null,Permanent,22667063,MLC Limited,null,3.00E+14,Siobhan.Pelc@ad.mlclife.com.au,F,null,null,AU,6/20/2007,null,null,3.00E+14,Lynsey.Ketelaar,TRUE
Robert.Coleman@ad.mlclife.com.au,Robert,Coleman,John,null,null,Robert.Coleman@mlcinsurance.com.au,Human Resources - Pay Group 4,Robert Coleman,None,0438 287 056,0438 287 056,Mentone,null,3000,null,null,Permanent,28102472,MLC Limited,null,3.00E+14,Siobhan.Pelc@ad.mlclife.com.au,M,null,null,AU,5/13/2002,null,null,3.00E+14,Robert.Coleman,TRUE
Gaurav.Singla@ad.mlclife.com.au,Gaurav,Singla,null,null,null,22766646@mlcl.com.au,null,Gaurav Singla,None,None,null,Mentone,null,3000,null,null,Outsourcer Onshore,22766646,MLC Limited,null,3.00E+14,null,M,null,null,AU,6/26/2017,null,null,3.00E+14,Gaurav.Singla,TRUE
Diem.Nguyen@ad.mlclife.com.au,Diem,Nguyen,null,null,null,Diem.Nguyen@nab.com.au,Claims - Pay Group 3,Diem Nguyen,None,None,0459 859 623,Mentone,null,3000,null,null,Permanent,22722404,MLC Limited,null,3.00E+14,null,F,null,null,AU,2/11/2013,null,null,3.00E+14,Diem.Nguyen,TRUE
Anita.Hwang@ad.mlclife.com.au,Anita,Hwang,null,null,null,Anita.Hwang@mlcinsurance.com.au,Customer Support - Pay Group 2,Anita Hwang,None,None,null,Mentone,null,3000,null,null,Permanent,22741509,MLC Limited,null,3.00E+14,null,F,null,null,AU,2/16/2015,null,null,3.00E+14,Anita.Hwang,TRUE
Sabrina.Tavalu@ad.mlclife.com.au,Sabrina,Tavalu,null,null,null,Sabrina.X.Tavalu@mlcinsurance.com.au,Customer Support - Pay Group 2,Sabrina Tavalu,None,None,null,Mentone,null,3000,null,null,Permanent,22761443,MLC Limited,null,3.00E+14,Emma.Wookey@ad.mlclife.com.au,F,null,null,AU,11/24/2016,null,null,3.00E+14,Sabrina.Tavalu,TRUE
Chelsea.Spagnuolo@ad.mlclife.com.au,Chelsea,Spagnuolo,K,null,null,debmalya.biswas@accenture.com,Finance - Pay Group 1,Chelsea Spagnuolo,None,None,null,Brunswick,Victoria,3083,null,null,Contractor,20990014,MLC Limited,null,3.00E+14,null,F,null,null,AU,8/29/2017,null,null,3.00E+14,Chelsea.Spagnuolo,TRUE
Siobhan.Pelc@ad.mlclife.com.au,Siobhan,Pelc,Ruth,null,null,Siobhan.Pelc@mlcinsurance.com.au,Human Resources - Pay Group 5,Siobhan Pelc,None,419152670,null,Mentone,null,3000,null,null,Permanent,22674839,MLC Limited,null,3.00E+14,Susan.Karson@ad.mlclife.com.au,F,null,null,AU,5/26/2008,null,null,3.00E+14,Siobhan.Pelc,TRUE
Emma.Wookey@ad.mlclife.com.au,Emma,Wookey,null,null,null,Emma.Wookey@mlcinsurance.com.au,null,Emma Wookey,None,0472 865 477,0472 865 477,Mentone,null,3000,null,null,Contractor,22761501,MLC Limited,null,3.00E+14,null,F,null,null,AU,11/28/2016,null,null,3.00E+14,Emma.Wookey,TRUE
SooHo.Tan@ad.mlclife.com.au,Soo Ho,Tan,null,null,null,Soo.Ho.Tan@mlcinsurance.com.au,Customer Support - Pay Group 2,Soo Ho Tan,None,None,132652,Mentone,null,3000,null,null,Permanent,22738539,MLC Limited,null,3.00E+14,null,M,null,null,AU,10/20/2014,null,null,3.00E+14,SooHo.Tan,TRUE
Anju.Samadhia@ad.mlclife.com.au,Anju,Samadhia,null,null,null,Anju.Samadhia@mlcinsurance.com.au,null,Anju Samadhia,None,+61 476236856,+61 459 869 402,Essendon,Victoria,3000,null,null,null,22766563,null,null,null,null,F,null,null,AU,6/19/2017,10/8/2017,null,3.00E+14,Anju.Samadhia,TRUE
Marina.Oltoumis@ad.mlclife.com.au,Marina,Oltoumis,null,null,null,22696356@mlcl.com.au,Project & Change Management - Pay Group 3,Marina Oltoumis,None,None,03 98298128,Mentone,null,3000,null,null,Permanent,22696356,MLC Limited,null,3.00E+14,sam.foote@ad.mlclife.com.au,F,null,null,AU,7/5/2010,null,null,3.00E+14,Marina.Oltoumis,TRUE
Luke.Slater@ad.mlclife.com.au,Luke,Slater,null,null,null,Luke.X.Slater@mlcinsurance.com.au,Customer Support - Pay Group 2,Luke Slater,None,459892499,null,Mentone,null,3000,null,null,Permanent,22735646,MLC Limited,null,3.00E+14,null,M,null,null,AU,6/16/2014,null,null,3.00E+14,Luke.Slater,TRUE
Emily.Teh@ad.mlclife.com.au,Emily,Teh,null,null,null,Emily.Teh@mlcinsurance.com.au,Customer Support - Pay Group 2,Emily Teh,None,None,132 652,Mentone,null,3000,null,null,Permanent,22738512,MLC Limited,null,3.00E+14,null,F,null,null,AU,10/20/2014,null,null,3.00E+14,Emily.Teh,TRUE
Paul.Alexandroff@ad.mlclife.com.au,Paul-Henri,Alexandroff,null,null,null,Paul-Henri.Alexandroff@mlcinsurance.com.au,Customer Maintenance - Pay Group 2,Paul-Henri (Paul) Alexandroff,None,None,null,Mentone,null,3000,null,null,Permanent,22753680,MLC Limited,null,3.00E+14,William.Harris@ad.mlclife.com.au,M,null,Paul,AU,4/4/2016,null,null,3.00E+14,Paul.Alexandroff,TRUE
Amy.Myatt@ad.mlclife.com.au,Amy,Myatt,null,null,null,22762232@mlcl.com.au,Corporate Affairs and Communications - Pay Group 4,Amy Myatt,None,0484 312 984,0484 312 984,Mentone,null,3000,null,null,Permanent,22762232,MLC Limited,null,3.00E+14,Jennifer.Nunan@ad.mlclife.com.au,F,null,null,AU,1/30/2017,null,null,3.00E+14,Amy.Myatt,TRUE
Naveen.Manda@ad.mlclife.com.au,Naveen,Manda,null,null,null,22699529@mlcl.com.au,null,Naveen Manda,None,+61 (0) 425 910 756,+61 (0) 3 8641 1748,Mentone,null,3000,null,null,Outsourcer Onshore,22699529,MLC Limited,null,3.00E+14,null,M,null,null,AU,10/18/2010,null,null,3.00E+14,Naveen.Manda,TRUE
John.Burnett@ad.mlclife.com.au,John,Burnett,null,null,null,john.burnett@mlcinsurance.com.au,Project & Change Management - Pay Group 2,John Burnett,None,+61 (0) 459 883 362,null,Mentone,null,3000,null,null,Permanent,22695003,MLC Limited,null,3.00E+14,sam.foote@ad.mlclife.com.au,M,null,null,AU,7/5/2010,null,null,3.00E+14,John.Burnett,TRUE
Michael.McKean@ad.mlclife.com.au,Michael,McKean,null,null,null,MICHAEL.MCKEAN@MLCINSURANCE.COM.AU,Customer Maintenance - Pay Group 1,Michael McKean,None,None,(0)3 8697 7988,Mentone,null,3000,null,null,Permanent,22757951,MLC Limited,null,3.00E+14,lisa.curran@ad.mlclife.com.au,M,null,null,AU,7/27/2016,null,null,3.00E+14,Michael.McKean,TRUE
KitMing.Fu@ad.mlclife.com.au,Kit Ming,Fu,null,null,null,May.Fu@mlcinsurance.com.au,Finance - Pay Group 4,Kit Ming (May) Fu,None,None,null,Mentone,null,3000,null,null,Permanent,22764725,MLC Limited,null,3.00E+14,Jennifer.Nunan@ad.mlclife.com.au,F,null,May,AU,4/17/2017,null,null,3.00E+14,KitMing.Fu,TRUE
Tanya.Turl@ad.mlclife.com.au,Tanya,Turl,null,null,null,Tanya_Turl@mlcinsurance.com.au,Customer Support - Pay Group 3,Tanya Turl,None,477715981,477715981,Mentone,null,3000,null,null,Permanent,22692682,MLC Limited,null,3.00E+14,john.thomson@ad.mlclife.com.au,F,null,null,AU,7/29/2010,null,null,3.00E+14,Tanya.Turl,TRUE
Jacqui.Huntington@ad.mlclife.com.au,Jacqui,Huntington,A,null,null,Jacqui.Huntington@mlcinsurance.com.au,Human Resources - Pay Group 5,Jacqui Huntington,None,+61(0)477 709 221,null,Mentone,null,3000,null,null,Permanent,22720340,MLC Limited,null,3.00E+14,Susan.Karson@ad.mlclife.com.au,F,null,null,AU,11/5/2012,null,null,3.00E+14,Jacqui.Huntington,TRUE
Stephanie.Szabo@ad.mlclife.com.au,Stephanie,Szabo,x,null,null,22766128@mlcl.com.au,null,Stephanie Szabo,None,None,null,Mentone,null,3000,null,null,Contractor,22766128,MLC Limited,null,3.00E+14,null,F,null,null,AU,6/5/2017,null,null,3.00E+14,Stephanie.Szabo,TRUE
Lauren.Willoughby@ad.mlclife.com.au,Lauren,Willoughby,null,null,null,22761685@mlcl.com.au,Corporate Affairs and Communications - Pay Group 3,Lauren Willoughby,None,0472 879 144,null,Mentone,null,3000,null,null,Permanent,22761685,MLC Limited,null,3.00E+14,Andreas.Vecchiet@ad.mlclife.com.au,F,null,null,AU,12/14/2016,null,null,3.00E+14,Lauren.Willoughby,TRUE
Andreas.Vecchiet@ad.mlclife.com.au,Andreas,Vecchiet,null,null,null,22757570@mlcl.com.au,Corporate Affairs and Communications - Pay Group 5,Andreas Vecchiet,None,472825606,null,Mentone,null,3000,null,null,Permanent,22757570,MLC Limited,null,3.00E+14,Susan.Karson@ad.mlclife.com.au,M,null,null,AU,6/30/2016,null,null,3.00E+14,Andreas.Vecchiet,TRUE
James.Cameron@ad.mlclife.com.au,James,Cameron,null,null,null,22760287@mlcl.com.au,Corporate Affairs and Communications - Pay Group 4,James Cameron,None,None,null,Mentone,null,3000,null,null,Permanent,22760287,MLC Limited,null,3.00E+14,Andreas.Vecchiet@ad.mlclife.com.au,M,null,null,AU,11/14/2016,null,null,3.00E+14,James.Cameron,TRUE
James.Connors@ad.mlclife.com.au,James,Connors,null,null,null,22760377@mlcl.com.au,Corporate Affairs and Communications - Pay Group 4,James Connors,None,0484 083 208,null,Mentone,null,3000,null,null,Permanent,22760377,MLC Limited,null,3.00E+14,Andreas.Vecchiet@ad.mlclife.com.au,M,null,null,AU,10/24/2016,null,null,3.00E+14,James.Connors,TRUE
Fiona.Williams@ad.mlclife.com.au,Fiona,Williams,null,null,null,22764653@mlcl.com.au,Finance - Pay Group 4,Fiona Williams,None,None,null,Mentone,null,3000,null,null,Permanent,22764653,MLC Limited,null,3.00E+14,Andreas.Vecchiet@ad.mlclife.com.au,F,null,null,AU,4/24/2017,null,null,3.00E+14,Fiona.Williams,TRUE
Jennifer.Nunan@ad.mlclife.com.au,Jennifer,Nunan,null,null,null,Jenny.Nunan@mlcinsurance.com.au,Finance - Pay Group 5,Jennifer (Jenny) Nunan,None,+61 (0) 477 314 329,+61 (0) 477 314 329,Mentone,null,3000,null,null,Permanent,22687443,MLC Limited,null,3.00E+14,Marina.Kelman@ad.mlclife.com.au,F,null,Jenny,AU,12/1/2009,null,null,3.00E+14,Jennifer.Nunan,TRUE
helpdesk-admin@ad.mlclife.com.au,Helpdesk,Admin,null,null,null,grawal@planittesting.com,null,Helpdesk Admin,None,None,null,null,null,null,null,null,null,null,null,null,null,null,null,null,null,null,null,null,null,null,null,FALSE
Christopher.McDowell@ad.mlclife.com.au,Christopher,McDowell,null,null,null,Christopher.McDowell@mlcinsurance.com.au,null,Christopher McDowell,None,None,null,null,null,null,null,null,null,null,null,null,null,null,null,null,null,null,null,null,null,null,null,FALSE
Ean.Brewty@ad.mlclife.com.au,Ean,Brewty,null,null,null,ebrewty@planittesting.com,null,Ean Brewty,None,None,null,null,null,null,null,null,null,null,null,null,null,null,null,null,null,null,null,null,null,null,null,FALSE
joshua.di.paola@ad.mlclife.com.au,Joshua,paola,null,null,null,joshua.di.paola@ad.mlclife.com.au,null,Joshua paola,None,None,null,null,null,null,null,null,null,null,null,null,null,null,null,null,null,null,null,null,null,null,null,FALSE
Smiley.Cirus@ad.mlclife.com.au,Smiley,Cirus,null,null,null,david.colson@mlcinsurance.com.au,null,Smiley Cirus,None,None,null,Melbourne,New South Wales,2000,null,null,null,20990034,null,null,null,null,F,null,null,AU,9/9/2017,9/14/2017,null,3.00E+14,smiley.cirus,TRUE
Oliver.Acebes@ad.mlclife.com.au,Oliver,Acebes,null,null,null,22732028@mlcl.com.au,Project & Change Management - Pay Group 2,Oliver Acebes,None,None,null,Mentone,null,3000,null,null,Permanent,22732028,MLC Limited,null,3.00E+14,null,M,null,null,AU,2/17/2014,null,null,3.00E+14,Oliver.Acebes,TRUE
Mary.Doe@ad.mlclife.com.au,Mary,Doe,null,null,null,ebrewty@planittesting.com,Customer Support - Pay Group 2,Mary Doe,None,None,null,Docklands,Victoria,3008,null,null,Permanent,20990035,MLC Limited,null,3.00E+14,sam.foote@ad.mlclife.com.au,ORA_HRX_NONSPECIFIC,null,null,AU,9/9/2017,null,null,3.00E+14,20990035,TRUE
Kaela.Kirchoff@ad.mlclife.com.au,Kaela,Kirchoff,null,null,null,Kaela.Kirchoff@mlcinsurance.com.au,Product Management - Pay Group 4,Kaela Kirchoff,None,+61 (0) 459 869 731,null,Mentone,null,3000,null,null,Fixed Term,22767236,MLC Limited,null,3.00E+14,null,F,null,null,AU,7/17/2017,null,null,3.00E+14,Kaela.Kirchoff,TRUE
Denis.Fay@ad.mlclife.com.au,Denis,Fay,Valentine,null,null,anurag.c.tripathi@accenture.comm,Claims - Pay Group 3,Denis (Denis) Fay,None,61 1 23456789,244  22222222,Docklands,Victoria,3008,null,null,Permanent,20990032,MLC Limited,null,3.00E+14,sam.foote@ad.mlclife.com.au,M,250 4 111111,Denis,AU,1/1/3000,null,null,3.00E+14,Denis.Fay,TRUE
Mark.Stanley@ad.mlclife.com.au,Mark,Stanley,Darren,null,null,MARK_STANLEY@MLCINSURANCE.COM.AU,Project & Change Management - Pay Group 3,Mark Stanley,None,+61 (0)459 839 768,+61 (0)459 839 768,Mentone,null,3000,null,null,Permanent,22694086,MLC Limited,null,3.00E+14,null,M,null,null,AU,7/5/2010,null,null,3.00E+14,Mark.Stanley,TRUE
Susan.Karson@ad.mlclife.com.au,Susan,Karson,null,null,null,SUSAN.KARSON@MLCINSURANCE.COM.AU,Executive Management - Pay Group 6,Susan Karson,None,+61 (0) 438 273 966,+61 (0) 2 9237 1117,Mentone,null,3000,null,null,Permanent,22646662,MLC Limited,null,3.00E+14,null,F,null,null,AU,5/23/2005,null,null,3.00E+14,Susan.Karson,TRUE
Mirna.Abdelmalek@ad.mlclife.com.au,Mirna,Abdelmalek,null,null,null,22763735-test@mlcl.com.au,Claims - Pay Group 2,Mirna Abdelmalek,None,None,+61 (0) 2 9254 7237,Mentone,null,3000,null,null,Fixed Term,22763735,MLC Limited,null,3.00E+14,null,F,null,null,AU,3/9/2017,null,null,3.00E+14,Mirna.Abdelmalek,TRUE
John.Samadhia@ad.mlclife.com.au,John,Samadhia,null,null,null,grawal@planittesting.com,Digital - Pay Group 4,John Samadhia,None,None,null,craigieburn,Victoria,3064,null,null,Permanent,20990033,MLC Limited,null,3.00E+14,sam.foote@ad.mlclife.com.au,M,null,null,AU,9/9/2017,null,null,3.00E+14,20990033,TRUE
Alex.Kalff@ad.mlclife.com.au,Alex,Kalff,null,null,null,david.colson@mlcinsurance.com.au,Actuarial Services - Pay Group 1,Alex Kalff,None,None,null,Bathurst,New South Wales,2097,null,null,Permanent,20990036,MLC Limited,null,3.00E+14,null,M,4.04E+12,null,AU,9/9/2017,null,null,3.00E+14,20990036,TRUE
Jessie.Cory@ad.mlclife.com.au,Jessie,Cory,Adams,null,null,dnanjappa@planittesting.com,Claims - Pay Group 2,Jessie (Jess) Cory,None,61 4 12345678,61  90901313,Docklands,Victoria,3008,null,null,Permanent,20990030,MLC Limited,null,3.00E+14,sam.foote@ad.mlclife.com.au,F,61 4 5555555,Jess,AU,1/1/3000,null,null,3.00E+14,Jessie.Cory,TRUE
Marina.Kelman@ad.mlclife.com.au,Marina,Kelman,null,null,null,MARINA.KELMAN@MLCINSURANCE.COM.AU,Executive Management - Pay Group 6,Marina Kelman,None,+ 61 477 761 868,+ 61 477 761 868,Mentone,null,3000,null,null,Permanent,22723894,MLC Limited,null,3.00E+14,null,F,null,null,AU,4/22/2013,null,null,3.00E+14,Marina.Kelman,TRUE
Robert.Drake@ad.mlclife.com.au,Robert,Drake,null,null,null,userokta82@gmail.com,Claims - Pay Group 2,Robert (Rob) Drake,None,None,null,Docklands,Victoria,3008,null,null,Permanent,20990045,MLC Limited,null,3.00E+14,sam.foote@ad.mlclife.com.au,M,null,Rob,AU,9/11/2017,null,null,3.00E+14,20990045,TRUE
Christie.Keller@ad.mlclife.com.au,Christie,Keller,null,null,null,userokta82@gmail.com,Claims - Pay Group 2,Christie Keller,None,None,null,Docklands,Victoria,3008,null,null,Permanent,20990044,MLC Limited,null,3.00E+14,sam.foote@ad.mlclife.com.au,F,null,null,AU,9/12/2017,null,null,3.00E+14,20990044,TRUE
Jason.Williams@ad.mlclife.com.au,Jason,Williams,null,null,null,22696181@mlcl.com.au,Underwriting - Pay Group 2,Jason Williams,None,0477 704 331,03 9911 1307,Mentone,null,3000,null,null,Permanent,22696181,MLC Limited,null,3.00E+14,null,M,null,null,AU,7/29/2010,null,null,3.00E+14,Jason.Williams,TRUE
Kayin.Lovell@ad.mlclife.com.au,Kayin,Lovell,null,null,null,Anthony.Sideris@mlcinsurance.com.au,Digital - Pay Group 1,Kayin Lovell,None,None,null,Docklands,Victoria,3000,null,null,Permanent,20990050,MLC Limited,null,3.00E+14,sam.foote@ad.mlclife.com.au,M,null,null,AU,1/1/3000,null,null,3.00E+14,Kayin.Lovell,TRUE
Adebola.Lyne@ad.mlclife.com.au,Adebola,Lyne,null,null,null,Matt.X.McDonald@mlcinsurance.com.au,Customer Support - Pay Group 2,Adebola Lyne,None,None,null,Docklands,Victoria,3000,null,null,Permanent,20990051,MLC Limited,null,3.00E+14,sam.foote@ad.mlclife.com.au,F,null,null,AU,1/1/3000,null,null,3.00E+14,Adebola.Lyne,TRUE
Sri.Gustafsson@ad.mlclife.com.au,Sri,Gustafsson,null,null,null,Shannon.Carlson@mlcinsurance.com.au,Technology - Pay Group 5,Sri Gustafsson,None,None,null,Melbourne,New South Wales,2000,null,null,Permanent,20990052,MLC Limited,null,3.00E+14,sam.foote@ad.mlclife.com.au,F,null,null,AU,1/1/3000,null,null,3.00E+14,Sri.Gustafsson,TRUE
Vinh.Valdez@ad.mlclife.com.au,Vinh,Valdez,null,null,null,Margot.X.Clarke@mlcinsurance.com.au,Digital - Pay Group 3,Vinh Valdez,None,None,null,Docklands,Western Australia,6000,null,null,Fixed Term,20990053,MLC Limited,null,3.00E+14,sam.foote@ad.mlclife.com.au,M,null,null,AU,1/1/3000,null,null,3.00E+14,Vinh.Valdez,TRUE
Vijaya.Molina@ad.mlclife.com.au,Vijaya,Molina,null,null,null,Kendell.Farley-Stewart@mlcinsurance.com.au,Digital - Pay Group 2,Vijaya Molina,None,None,null,Docklands,Victoria,3000,null,null,Casual,20990054,MLC Limited,null,3.00E+14,sam.foote@ad.mlclife.com.au,F,null,null,AU,1/1/3000,null,null,3.00E+14,Vijaya.Molina,TRUE
Ashley.Ingolfsson@ad.mlclife.com.au,Ashley,Ingolfsson,null,null,null,Ming.Chan@mlcinsurance.com.au,Digital - Pay Group 2,Ashley Ingolfsson,None,None,null,Melbourne,Victoria,3000,null,null,Contractor,20990055,MLC Limited,null,3.00E+14,sam.foote@ad.mlclife.com.au,M,null,null,AU,1/1/3000,null,null,3.00E+14,Ashley.Ingolfsson,TRUE
Peta.Rake@ad.mlclife.com.au,Peta,Rake,null,null,null,Peta.Rake@mlcinsurance.com.au,Customer Maintainance - Pay Group 4,Peta Rake,None,+61 (0) 437 802 142,null,Mentone,null,3000,null,null,Permanent,22761554,MLC Limited,null,3.00E+14,Lynsey.Ketelaar@ad.mlclife.com.au,F,null,null,AU,12/7/2016,null,null,3.00E+14,Peta.Rake,TRUE
Corrie.Critsilis@ad.mlclife.com.au,Corrie,Critsilis,null,null,null,Corrie.Critsilis@mlcinsurance.com.au,Customer Maintainance - Pay Group 3,Corrie Critsilis,None,None,03 9322 6799,Mentone,null,3000,null,null,Fixed Term,22766560,MLC Limited,null,3.00E+14,Lynsey.Ketelaar@ad.mlclife.com.au,F,null,null,AU,6/15/2017,null,null,3.00E+14,Corrie.Critsilis,TRUE
test.snowuser@mlclimited.com,Test,Snowuser,null,Mr.,Mr.,debmalya.biswas@accenture.com,Claims - Pay Group 2,null,None,61 435678954,+61 435678954,null,null,null,null,null,null,9890076,Insurance Operations Head Office,Customer Advocacy,null,john.thomson@ad.mlclife.com.au,null,null,SnowUser,null,null,null,null,null,null,TRUE
Arthur.Stratsianis@ad.mlclife.com.au,Arthur,Stratsianis,null,null,null,Arthur.Stratsianis@mlcinsurance.com.au,null,Arthur Stratsianis,None,None,null,Mentone,null,3000,null,null,Outsourcer Onshore,22748799,MLC Limited,null,3.00E+14,null,M,null,null,AU,9/24/2015,null,null,3.00E+14,Arthur.Stratsianis,TRUE
Louis.Pavlou@ad.mlclife.com.au,Louis,Pavlou,null,null,null,Louis.X.Pavlou@mlcinsurance.com.au,Technology - Pay Group 3,Louis Pavlou,None,None,null,Melbourne,Victoria,3000,null,null,Permanent,20990058,MLC Limited,null,3.00E+14,Arthur.Stratsianis@ad.mlclife.com.au,M,null,null,AU,9/11/2017,null,null,3.00E+14,20990058,TRUE
Christopher.Lieberman@ad.mlclife.com.au,Christopher,Lieberman,null,null,null,Christopher.Lieberman@mlcinsurance.com.au,Customer Maintainance - Pay Group 4,Christopher Lieberman,None,491216911,null,Mentone,null,3000,null,null,Permanent,22725856,MLC Limited,null,3.00E+14,null,M,null,null,AU,6/24/2013,null,null,3.00E+14,Christopher.Lieberman,TRUE
