firstName,lastName,login,startDate,endDate
Vincent,Quach,vincent.quach@accenture.com,null,null
Christopher,Lieberman,Christopher.Lieberman@ad.mlclife.com.au,2013-06-24,null
Gus,D'Onofrio,gus.a.d'onofrio@mlcinsurance.com.au,null,null
Anurag,Tripathi,anurag.c.tripathi@accenture.com,null,null
Debmalya,Biswas,dbiswas@mlclimited.com,null,null
Okta,Admin,okta-admin@mlclimited.com,null,null
Khoa,Le,khoa.le-admin@mlclimited.com,null,null
User,test,user.test@mlclimited.com,null,null
Sam,Foote,sam.foote@ad.mlclife.com.au,2010-07-01,null
Lisa,Curran,lisa.curran@ad.mlclife.com.au,1997-12-15,null
John,Thomson,john.thomson@ad.mlclife.com.au,2009-12-07,null
Kelly,Ford,Kelly.Ford@ad.mlclife.com.au,2010-07-01,null
Diane,Spagnuolo,Diane.Spagnuolo@ad.mlclife.com.au,2017-08-29,null
Catherine,Makris,Catherine.Makris@ad.mlclife.com.au,2013-04-29,null
Tracey,Stanley,Tracey.Stanley@ad.mlclife.com.au,1996-06-17,null
Phillip,Moon,Phillip.Moon@ad.mlclife.com.au,2011-10-03,null
William,Harris,William.Harris@ad.mlclife.com.au,2016-04-18,null
Lynsey,Ketelaar,Lynsey.Ketelaar@ad.mlclife.com.au,2007-06-20,null
Robert,Coleman,Robert.Coleman@ad.mlclife.com.au,2002-05-13,null
Gaurav,Singla,Gaurav.Singla@ad.mlclife.com.au,2017-06-26,null
Diem,Nguyen,Diem.Nguyen@ad.mlclife.com.au,2013-02-11,null
Anita,Hwang,Anita.Hwang@ad.mlclife.com.au,2015-02-16,null
Sabrina,Tavalu,Sabrina.Tavalu@ad.mlclife.com.au,2016-11-24,null
Chelsea,Spagnuolo,Chelsea.Spagnuolo@ad.mlclife.com.au,2017-08-29,null
Siobhan,Pelc,Siobhan.Pelc@ad.mlclife.com.au,2008-05-26,null
Emma,Wookey,Emma.Wookey@ad.mlclife.com.au,2016-11-28,null
Soo Ho,Tan,SooHo.Tan@ad.mlclife.com.au,2014-10-20,null
Anju,Samadhia,Anju.Samadhia@ad.mlclife.com.au,2017-06-19,2017-10-08
Marina,Oltoumis,Marina.Oltoumis@ad.mlclife.com.au,2010-07-05,null
Luke,Slater,Luke.Slater@ad.mlclife.com.au,2014-06-16,null
Emily,Teh,Emily.Teh@ad.mlclife.com.au,2014-10-20,null
Paul-Henri,Alexandroff,Paul.Alexandroff@ad.mlclife.com.au,2016-04-04,null
Amy,Myatt,Amy.Myatt@ad.mlclife.com.au,2017-01-30,null
Naveen,Manda,Naveen.Manda@ad.mlclife.com.au,2010-10-18,null
John,Burnett,John.Burnett@ad.mlclife.com.au,2010-07-05,null
Michael,McKean,Michael.McKean@ad.mlclife.com.au,2016-07-27,null
Kit Ming,Fu,KitMing.Fu@ad.mlclife.com.au,2017-04-17,null
Tanya,Turl,Tanya.Turl@ad.mlclife.com.au,2010-07-29,null
Jacqui,Huntington,Jacqui.Huntington@ad.mlclife.com.au,2012-11-05,null
Stephanie,Szabo,Stephanie.Szabo@ad.mlclife.com.au,2017-06-05,null
Lauren,Willoughby,Lauren.Willoughby@ad.mlclife.com.au,2016-12-14,null
Andreas,Vecchiet,Andreas.Vecchiet@ad.mlclife.com.au,2016-06-30,null
James,Cameron,James.Cameron@ad.mlclife.com.au,2016-11-14,null
James,Connors,James.Connors@ad.mlclife.com.au,2016-10-24,null
Fiona,Williams,Fiona.Williams@ad.mlclife.com.au,2017-04-24,null
Jennifer,Nunan,Jennifer.Nunan@ad.mlclife.com.au,2009-12-01,null
Christopher,McDowell,Christopher.McDowell@ad.mlclife.com.au,null,null
Ean,Brewty,Ean.Brewty@ad.mlclife.com.au,null,null
Joshua,paola,joshua.di.paola@ad.mlclife.com.au,null,null
Smiley,Cirus,Smiley.Cirus@ad.mlclife.com.au,2017-09-09,null
Oliver,Acebes,Oliver.Acebes@ad.mlclife.com.au,2014-02-17,null
Mary,Doe,Mary.Doe@ad.mlclife.com.au,2017-09-09,null
Kaela,Kirchoff,Kaela.Kirchoff@ad.mlclife.com.au,2017-07-17,null
Denis,Fay,Denis.Fay@ad.mlclife.com.au,3000-01-01,null
Mark,Stanley,Mark.Stanley@ad.mlclife.com.au,2010-07-05,null
Susan,Karson,Susan.Karson@ad.mlclife.com.au,2005-05-23,null
Mirna,Abdelmalek,Mirna.Abdelmalek@ad.mlclife.com.au,2017-03-09,null
John,Samadhia,John.Samadhia@ad.mlclife.com.au,2017-09-09,null
Alex,Kalff,Alex.Kalff@ad.mlclife.com.au,2017-09-09,null
Jessie,Cory,Jessie.Cory@ad.mlclife.com.au,3000-01-01,null
Marina,Kelman,Marina.Kelman@ad.mlclife.com.au,2013-04-22,null
Robert,Drake,Robert.Drake@ad.mlclife.com.au,2017-09-11,null
Christie,Keller,Christie.Keller@ad.mlclife.com.au,2017-09-12,null
Jason,Williams,Jason.Williams@ad.mlclife.com.au,2010-07-29,null
Helpdesk,Admin,helpdesk-admin@ad.mlclife.com.au,null,null
