firstName,lastName,login,userId,email,secondEmail,status,createdOn,activatedOn,lastUpdated,startDate,endDate,contractEndDate,managerId,employeeNumber
Stuart,Broad,stuart.broad@oktademo.com,00uaf39dp7kvKQrK30h7,anurag.c.tripathi@accenture.com,tripata2@gmail.com,ACTIVE,2017-05-09 00:31:58+00:00,2017-05-18 04:23:54+00:00,2017-05-23 11:33:34+00:00,1/1/2017 0:00,5/17/2017 0:00,5/17/2017 0:00,sumit.p.singh@accenture.com,125091
Anil,Kapoor,a.kapoor@oktademo.com,,anil.kapoor@okta.com,akapoor@gmail.com,ACTIVE,,,,,,,,120876
Tom ,Hardy,t.hardy@oktademo.com,,t.hardy@gmail.com,,STAGED,,,,,,,,12012
Michael,Kores,m.kores@oktademo.com,,Michael.kores@gmail.com,mkores@gmail.com,ACTIVE,,,,,,,,123456
