login,firstName,lastName,middleName,honorificPrefix,honorificPrefix,email,title,displayName,secondEmail,mobilePhone,primaryPhone,city,state,zipCode,countryCode,preferredLanguage,userType,employeeNumber,organization,department,managerId,gender,homePhone,knownAs,country,startDate,endDate,faxNumber,PersonId,hcmUsername,isHCMUser
vincent.quach@accenture.com,Vincent,Quach,null,null,null,vincent.quach@accenture.com,null,null,None,None,null,null,null,null,null,null,null,null,null,null,null,null,null,null,null,null,null,null,null,null,FALSE
Christopher.Lieberman@ad.mlclife.com.au,Christopher,Lieberman,null,null,null,Christopher.Lieberman@mlcinsurance.com.au,Customer Maintainance - Pay Group 4,Christopher Lieberman,None,491216911,null,Mentone,null,3000,null,null,Permanent,22725856,MLC Limited,null,null,M,null,null,AU,2013-06-24,null,null,300000002331835,Christopher.Lieberman,True
gus.a.d'onofrio@mlcinsurance.com.au,Gus,D'Onofrio,null,null,null,gus.a.d'onofrio@mlcinsurance.com.au,null,null,None,None,null,null,null,null,null,null,null,null,null,null,null,null,null,null,null,null,null,null,null,null,FALSE
anurag.c.tripathi@accenture.com,Anurag,Tripathi,null,null,null,anurag.c.tripathi@accenture.com,null,null,tripata2@gmail.com,None,null,null,null,null,null,null,null,null,null,null,null,null,null,null,null,null,null,null,null,null,FALSE
dbiswas@mlclimited.com,Debmalya,Biswas,null,null,null,debmalya.biswas@accenture.com,null,null,None,None,null,null,null,null,null,null,null,null,null,null,null,null,null,null,null,null,null,null,null,null,FALSE
okta-admin@mlclimited.com,Okta,Admin,null,null,null,debmalya.biswas@accenture.com,null,null,None,None,null,null,null,null,null,null,null,null,null,null,null,null,null,null,null,null,null,null,null,null,FALSE
khoa.le-admin@mlclimited.com,Khoa,Le,null,null,null,khoa.y.le@mlcinsurance.com.au,null,null,None,None,null,null,null,null,null,null,null,null,null,null,null,null,null,null,null,null,null,null,null,null,FALSE
user.test@mlclimited.com,User,test,null,null,null,debmalya.biswas@accenture.com,null,User test,None,None,null,null,null,null,null,null,null,null,null,null,null,null,null,null,null,null,null,null,null,null,FALSE
sam.foote@ad.mlclife.com.au,Sam,Foote,null,null,null,sam_foote@mlcinsurance.com.au,Project & Change Management - Pay Group 3,Sam Foote,None,0409 968 283,(03)98862043,Rye-Rye,Victoria,3941,null,null,Permanent,22695384,MLC Limited,null,null,M,null,null,AU,2010-07-01,null,null,300000002221581,Sam.Foote1,True
lisa.curran@ad.mlclife.com.au,Lisa,Curran,Maree,null,null,lisa_curran@mlcinsurance.com.au,Underwriting - Pay Group 2,Lisa Curran,None,0476 823 547,(03) 8634 0642,Mentone,null,3000,null,null,Permanent,28000418,MLC Limited,null,null,F,null,null,AU,1997-12-15,null,null,300000002220127,Lisa.Curran1,True
john.thomson@ad.mlclife.com.au,John,Thomson,null,null,null,john.s.thomson@mlcinsurance.com.au,Customer Support - Pay Group 4,John Thomson,None,0418 933 550,03 9829 8731,Mentone,null,3000,null,null,Permanent,22691615,MLC Limited,null,null,M,null,null,AU,2009-12-07,null,null,300000002217145,John.Thomson,True
Kelly.Ford@ad.mlclife.com.au,Kelly,Ford,null,null,null,kelly_ford@mlcinsurance.com.au,Customer Maintainance - Pay Group 4,Kelly Ford,None,472801665,null,Mentone,null,3000,null,null,Permanent,22692127,MLC Limited,null,null,F,null,null,AU,2010-07-01,null,null,300000002187205,Kelly.Ford1,True
Diane.Spagnuolo@ad.mlclife.com.au,Diane,Spagnuolo,C,null,null,debmalya.biswas@accenture.com,Corporate Affairs and Communications - Pay Group 1,Diane Spagnuolo,None,None,null,Craigieburn,Victoria,3064,null,null,Permanent,20990015,MLC Limited,null,null,F,null,null,AU,2017-08-29,null,null,300000003461375,Diane.Spagnuolo,True
Catherine.Makris@ad.mlclife.com.au,Catherine,Makris,null,null,null,Catherine.Makris@mlcinsurance.com.au,Project & Change Management - Pay Group 2,Catherine Makris,None,None,03 86415491,Mentone,null,3000,null,null,Permanent,22724551,MLC Limited,null,null,F,null,null,AU,2013-04-29,null,null,300000002180545,Catherine.Makris,True
Tracey.Stanley@ad.mlclife.com.au,Tracey,Stanley,Lee,null,null,tracey_l_stanley@mlcinsurance.com.au,Project & Change Management - Pay Group 3,Tracey Stanley,None,0475 967 418,null,Mentone,null,3000,null,null,Permanent,28000450,MLC Limited,null,null,F,null,null,AU,1996-06-17,null,null,300000002220466,Tracey.Stanley,True
Phillip.Moon@ad.mlclife.com.au,Phillip,Moon,null,null,null,philip.moon@mlcinsurance.com.au,Customer Support - Pay Group 2,Phillip (Philip) Moon,None,0475 810 762,null,Mentone,null,3000,null,null,Permanent,22710190,MLC Limited,null,null,M,null,Philip,AU,2011-10-03,null,null,300000002219650,Phillip.Moon,True
William.Harris@ad.mlclife.com.au,William,Harris,Daryl,null,null,Wil.D.Harris@mlcinsurance.com.au,Customer Support - Pay Group 3,William Harris,None,None,472816111,Mentone,null,3000,null,null,Permanent,22754830,MLC Limited,null,null,M,null,null,AU,2016-04-18,null,null,300000002217357,William.Harris,True
Lynsey.Ketelaar@ad.mlclife.com.au,Lynsey,Ketelaar,null,null,null,Lynsey.Ketelaar@mlcinsurance.com.au,Product Management - Pay Group 4,Lynsey Ketelaar,None,+61 (0) 448 189 231,null,Mentone,null,3000,null,null,Permanent,22667063,MLC Limited,null,null,F,null,null,AU,2007-06-20,null,null,300000002337649,Lynsey.Ketelaar,True
Robert.Coleman@ad.mlclife.com.au,Robert,Coleman,John,null,null,Robert.Coleman@mlcinsurance.com.au,Human Resources - Pay Group 4,Robert Coleman,None,0438 287 056,0438 287 056,Mentone,null,3000,null,null,Permanent,28102472,MLC Limited,null,null,M,null,null,AU,2002-05-13,null,null,300000002218751,Robert.Coleman,True
Gaurav.Singla@ad.mlclife.com.au,Gaurav,Singla,null,null,null,22766646@mlcl.com.au,null,Gaurav Singla,None,None,null,Mentone,null,3000,null,null,Outsourcer Onshore,22766646,MLC Limited,null,null,M,null,null,AU,2017-06-26,null,null,300000002028435,Gaurav.Singla,True
Diem.Nguyen@ad.mlclife.com.au,Diem,Nguyen,null,null,null,Diem.Nguyen@nab.com.au,Claims - Pay Group 3,Diem Nguyen,None,None,0459 859 623,Mentone,null,3000,null,null,Permanent,22722404,MLC Limited,null,null,F,null,null,AU,2013-02-11,null,null,300000002166841,Diem.Nguyen,True
Anita.Hwang@ad.mlclife.com.au,Anita,Hwang,null,null,null,Anita.Hwang@mlcinsurance.com.au,Customer Support - Pay Group 2,Anita Hwang,None,None,null,Mentone,null,3000,null,null,Permanent,22741509,MLC Limited,null,null,F,null,null,AU,2015-02-16,null,null,300000002346157,Anita.Hwang,True
Sabrina.Tavalu@ad.mlclife.com.au,Sabrina,Tavalu,null,null,null,Sabrina.X.Tavalu@mlcinsurance.com.au,Customer Support - Pay Group 2,Sabrina Tavalu,None,None,null,Mentone,null,3000,null,null,Permanent,22761443,MLC Limited,null,null,F,null,null,AU,2016-11-24,null,null,300000002339742,Sabrina.Tavalu,True
Chelsea.Spagnuolo@ad.mlclife.com.au,Chelsea,Spagnuolo,K,null,null,debmalya.biswas@accenture.com,Finance - Pay Group 1,Chelsea Spagnuolo,None,None,null,Brunswick,Victoria,3083,null,null,Contractor,20990014,MLC Limited,null,null,F,null,null,AU,2017-08-29,null,null,300000003461263,Chelsea.Spagnuolo,True
Siobhan.Pelc@ad.mlclife.com.au,Siobhan,Pelc,Ruth,null,null,Siobhan.Pelc@mlcinsurance.com.au,Human Resources - Pay Group 5,Siobhan Pelc,None,419152670,null,Mentone,null,3000,null,null,Permanent,22674839,MLC Limited,null,null,F,null,null,AU,2008-05-26,null,null,300000002178968,Siobhan.Pelc,True
Emma.Wookey@ad.mlclife.com.au,Emma,Wookey,null,null,null,Emma.Wookey@mlcinsurance.com.au,null,Emma Wookey,None,0472 865 477,0472 865 477,Mentone,null,3000,null,null,Contractor,22761501,MLC Limited,null,null,F,null,null,AU,2016-11-28,null,null,300000002175133,Emma.Wookey,True
SooHo.Tan@ad.mlclife.com.au,Soo Ho,Tan,null,null,null,Soo.Ho.Tan@mlcinsurance.com.au,Customer Support - Pay Group 2,Soo Ho Tan,None,None,132652,Mentone,null,3000,null,null,Permanent,22738539,MLC Limited,null,null,M,null,null,AU,2014-10-20,null,null,300000002161757,SooHo.Tan,True
Anju.Samadhia@ad.mlclife.com.au,Anju,Samadhia,null,null,null,Anju.Samadhia@mlcinsurance.com.au,null,Anju Samadhia,None,+61 476236856,+61 459 869 402,Essendon,Victoria,3000,null,null,null,22766563,null,null,null,F,null,null,AU,2017-06-19,2017-10-08,null,300000002048023,Anju.Samadhia,True
Marina.Oltoumis@ad.mlclife.com.au,Marina,Oltoumis,null,null,null,22696356@mlcl.com.au,Project & Change Management - Pay Group 3,Marina Oltoumis,None,None,03 98298128,Mentone,null,3000,null,null,Permanent,22696356,MLC Limited,null,null,F,null,null,AU,2010-07-05,null,null,300000002334789,Marina.Oltoumis,True
Luke.Slater@ad.mlclife.com.au,Luke,Slater,null,null,null,Luke.X.Slater@mlcinsurance.com.au,Customer Support - Pay Group 2,Luke Slater,None,459892499,null,Mentone,null,3000,null,null,Permanent,22735646,MLC Limited,null,null,M,null,null,AU,2014-06-16,null,null,300000002337206,Luke.Slater,True
Emily.Teh@ad.mlclife.com.au,Emily,Teh,null,null,null,Emily.Teh@mlcinsurance.com.au,Customer Support - Pay Group 2,Emily Teh,None,None,132 652,Mentone,null,3000,null,null,Permanent,22738512,MLC Limited,null,null,F,null,null,AU,2014-10-20,null,null,300000002193825,Emily.Teh,True
Paul.Alexandroff@ad.mlclife.com.au,Paul-Henri,Alexandroff,null,null,null,Paul-Henri.Alexandroff@mlcinsurance.com.au,Customer Maintenance - Pay Group 2,Paul-Henri (Paul) Alexandroff,None,None,null,Mentone,null,3000,null,null,Permanent,22753680,MLC Limited,null,null,M,null,Paul,AU,2016-04-04,null,null,300000002202757,Paul.Alexandroff,True
Amy.Myatt@ad.mlclife.com.au,Amy,Myatt,null,null,null,22762232@mlcl.com.au,Corporate Affairs and Communications - Pay Group 4,Amy Myatt,None,0484 312 984,0484 312 984,Mentone,null,3000,null,null,Permanent,22762232,MLC Limited,null,null,F,null,null,AU,2017-01-30,null,null,300000002009029,Amy.Myatt,True
Naveen.Manda@ad.mlclife.com.au,Naveen,Manda,null,null,null,22699529@mlcl.com.au,null,Naveen Manda,None,+61 (0) 425 910 756,+61 (0) 3 8641 1748,Mentone,null,3000,null,null,Outsourcer Onshore,22699529,MLC Limited,null,null,M,null,null,AU,2010-10-18,null,null,300000002183500,Naveen.Manda,True
John.Burnett@ad.mlclife.com.au,John,Burnett,null,null,null,john.burnett@mlcinsurance.com.au,Project & Change Management - Pay Group 2,John Burnett,None,+61 (0) 459 883 362,null,Mentone,null,3000,null,null,Permanent,22695003,MLC Limited,null,null,M,null,null,AU,2010-07-05,null,null,300000002161199,John.Burnett,True
Michael.McKean@ad.mlclife.com.au,Michael,McKean,null,null,null,MICHAEL.MCKEAN@MLCINSURANCE.COM.AU,Customer Maintenance - Pay Group 1,Michael McKean,None,None,(0)3 8697 7988,Mentone,null,3000,null,null,Permanent,22757951,MLC Limited,null,null,M,null,null,AU,2016-07-27,null,null,300000002206541,Michael.McKean,True
KitMing.Fu@ad.mlclife.com.au,Kit Ming,Fu,null,null,null,May.Fu@mlcinsurance.com.au,Finance - Pay Group 4,Kit Ming (May) Fu,None,None,null,Mentone,null,3000,null,null,Permanent,22764725,MLC Limited,null,null,F,null,May,AU,2017-04-17,null,null,300000002044320,KitMing.Fu,True
Tanya.Turl@ad.mlclife.com.au,Tanya,Turl,null,null,null,Tanya_Turl@mlcinsurance.com.au,Customer Support - Pay Group 3,Tanya Turl,None,477715981,477715981,Mentone,null,3000,null,null,Permanent,22692682,MLC Limited,null,null,F,null,null,AU,2010-07-29,null,null,300000002163489,Tanya.Turl,True
Jacqui.Huntington@ad.mlclife.com.au,Jacqui,Huntington,A,null,null,Jacqui.Huntington@mlcinsurance.com.au,Human Resources - Pay Group 5,Jacqui Huntington,None,+61(0)477 709 221,null,Mentone,null,3000,null,null,Permanent,22720340,MLC Limited,null,null,F,null,null,AU,2012-11-05,null,null,300000002167056,Jacqui.Huntington,True
Stephanie.Szabo@ad.mlclife.com.au,Stephanie,Szabo,x,null,null,22766128@mlcl.com.au,null,Stephanie Szabo,None,None,null,Mentone,null,3000,null,null,Contractor,22766128,MLC Limited,null,null,F,null,null,AU,2017-06-05,null,null,300000002018295,Stephanie.Szabo,True
Lauren.Willoughby@ad.mlclife.com.au,Lauren,Willoughby,null,null,null,22761685@mlcl.com.au,Corporate Affairs and Communications - Pay Group 3,Lauren Willoughby,None,0472 879 144,null,Mentone,null,3000,null,null,Permanent,22761685,MLC Limited,null,null,F,null,null,AU,2016-12-14,null,null,300000002046776,Lauren.Willoughby,True
Andreas.Vecchiet@ad.mlclife.com.au,Andreas,Vecchiet,null,null,null,22757570@mlcl.com.au,Corporate Affairs and Communications - Pay Group 5,Andreas Vecchiet,None,472825606,null,Mentone,null,3000,null,null,Permanent,22757570,MLC Limited,null,null,M,null,null,AU,2016-06-30,null,null,300000002199035,Andreas.Vecchiet,True
James.Cameron@ad.mlclife.com.au,James,Cameron,null,null,null,22760287@mlcl.com.au,Corporate Affairs and Communications - Pay Group 4,James Cameron,None,None,null,Mentone,null,3000,null,null,Permanent,22760287,MLC Limited,null,null,M,null,null,AU,2016-11-14,null,null,300000002169775,James.Cameron,True
James.Connors@ad.mlclife.com.au,James,Connors,null,null,null,22760377@mlcl.com.au,Corporate Affairs and Communications - Pay Group 4,James Connors,None,0484 083 208,null,Mentone,null,3000,null,null,Permanent,22760377,MLC Limited,null,null,M,null,null,AU,2016-10-24,null,null,300000002208032,James.Connors,True
Fiona.Williams@ad.mlclife.com.au,Fiona,Williams,null,null,null,22764653@mlcl.com.au,Finance - Pay Group 4,Fiona Williams,None,None,null,Mentone,null,3000,null,null,Permanent,22764653,MLC Limited,null,null,F,null,null,AU,2017-04-24,null,null,300000002011655,Fiona.Williams,True
Jennifer.Nunan@ad.mlclife.com.au,Jennifer,Nunan,null,null,null,Jenny.Nunan@mlcinsurance.com.au,Finance - Pay Group 5,Jennifer (Jenny) Nunan,None,+61 (0) 477 314 329,+61 (0) 477 314 329,Mentone,null,3000,null,null,Permanent,22687443,MLC Limited,null,null,F,null,Jenny,AU,2009-12-01,null,null,300000002173137,Jennifer.Nunan,True
helpdesk-admin@ad.mlclife.com.au,Helpdesk,Admin,null,null,null,grawal@planittesting.com,null,Helpdesk Admin,None,None,null,null,null,null,null,null,null,null,null,null,null,null,null,null,null,null,null,null,null,null,FALSE
Christopher.McDowell@ad.mlclife.com.au,Christopher,McDowell,null,null,null,Christopher.McDowell@mlcinsurance.com.au,null,Christopher McDowell,None,None,null,null,null,null,null,null,null,null,null,null,null,null,null,null,null,null,null,null,null,null,FALSE
Ean.Brewty@ad.mlclife.com.au,Ean,Brewty,null,null,null,ebrewty@planittesting.com,null,Ean Brewty,None,None,null,null,null,null,null,null,null,null,null,null,null,null,null,null,null,null,null,null,null,null,FALSE
joshua.di.paola@ad.mlclife.com.au,Joshua,paola,null,null,null,joshua.di.paola@ad.mlclife.com.au,null,Joshua paola,None,None,null,null,null,null,null,null,null,null,null,null,null,null,null,null,null,null,null,null,null,null,FALSE
Smiley.Cirus@ad.mlclife.com.au,Smiley,Cirus,null,null,null,david.colson@mlcinsurance.com.au,null,Smiley Cirus,None,None,null,Melbourne,New South Wales,2000,null,null,null,20990034,null,null,null,F,null,null,AU,2017-09-09,2017-09-14,null,300000003827364,smiley.cirus,True
Oliver.Acebes@ad.mlclife.com.au,Oliver,Acebes,null,null,null,22732028@mlcl.com.au,Project & Change Management - Pay Group 2,Oliver Acebes,None,None,null,Mentone,null,3000,null,null,Permanent,22732028,MLC Limited,null,null,M,null,null,AU,2014-02-17,null,null,300000002186703,Oliver.Acebes,True
Mary.Doe@ad.mlclife.com.au,Mary,Doe,null,null,null,ebrewty@planittesting.com,Customer Support - Pay Group 2,Mary Doe,None,None,null,Docklands,Victoria,3008,null,null,Permanent,20990035,MLC Limited,null,null,ORA_HRX_NONSPECIFIC,null,null,AU,2017-09-09,null,null,300000003827739,20990035,True
Kaela.Kirchoff@ad.mlclife.com.au,Kaela,Kirchoff,null,null,null,Kaela.Kirchoff@mlcinsurance.com.au,Product Management - Pay Group 4,Kaela Kirchoff,None,+61 (0) 459 869 731,null,Mentone,null,3000,null,null,Fixed Term,22767236,MLC Limited,null,null,F,null,null,AU,2017-07-17,null,null,300000002009994,Kaela.Kirchoff,True
Denis.Fay@ad.mlclife.com.au,Denis,Fay,Valentine,null,null,anurag.c.tripathi@accenture.comm,Claims - Pay Group 3,Denis (Denis) Fay,None,61 1 23456789,244  22222222,Docklands,Victoria,3008,null,null,Permanent,20990032,MLC Limited,null,null,M,250 4 111111,Denis,AU,3000-01-01,null,null,300000003824557,Denis.Fay,True
Mark.Stanley@ad.mlclife.com.au,Mark,Stanley,Darren,null,null,MARK_STANLEY@MLCINSURANCE.COM.AU,Project & Change Management - Pay Group 3,Mark Stanley,None,+61 (0)459 839 768,+61 (0)459 839 768,Mentone,null,3000,null,null,Permanent,22694086,MLC Limited,null,null,M,null,null,AU,2010-07-05,null,null,300000002187806,Mark.Stanley,True
Susan.Karson@ad.mlclife.com.au,Susan,Karson,null,null,null,SUSAN.KARSON@MLCINSURANCE.COM.AU,Executive Management - Pay Group 6,Susan Karson,None,+61 (0) 438 273 966,+61 (0) 2 9237 1117,Mentone,null,3000,null,null,Permanent,22646662,MLC Limited,null,null,F,null,null,AU,2005-05-23,null,null,300000002159388,Susan.Karson,True
Mirna.Abdelmalek@ad.mlclife.com.au,Mirna,Abdelmalek,null,null,null,22763735-test@mlcl.com.au,Claims - Pay Group 2,Mirna Abdelmalek,None,None,+61 (0) 2 9254 7237,Mentone,null,3000,null,null,Fixed Term,22763735,MLC Limited,null,null,F,null,null,AU,2017-03-09,null,null,300000002038517,Mirna.Abdelmalek,True
John.Samadhia@ad.mlclife.com.au,John,Samadhia,null,null,null,grawal@planittesting.com,Digital - Pay Group 4,John Samadhia,None,None,null,craigieburn,Victoria,3064,null,null,Permanent,20990033,MLC Limited,null,null,M,null,null,AU,2017-09-09,null,null,300000003827256,20990033,True
Alex.Kalff@ad.mlclife.com.au,Alex,Kalff,null,null,null,david.colson@mlcinsurance.com.au,Actuarial Services - Pay Group 1,Alex Kalff,None,None,null,Bathurst,New South Wales,2097,null,null,Permanent,20990036,MLC Limited,null,null,M,04040675825475,null,AU,2017-09-09,null,null,300000003827846,20990036,True
Jessie.Cory@ad.mlclife.com.au,Jessie,Cory,Adams,null,null,dnanjappa@planittesting.com,Claims - Pay Group 2,Jessie (Jess) Cory,None,61 4 12345678,61  90901313,Docklands,Victoria,3008,null,null,Permanent,20990030,MLC Limited,null,null,F,61 4 5555555,Jess,AU,3000-01-01,null,null,300000003824001,Jessie.Cory,True
Marina.Kelman@ad.mlclife.com.au,Marina,Kelman,null,null,null,MARINA.KELMAN@MLCINSURANCE.COM.AU,Executive Management - Pay Group 6,Marina Kelman,None,+ 61 477 761 868,+ 61 477 761 868,Mentone,null,3000,null,null,Permanent,22723894,MLC Limited,null,null,F,null,null,AU,2013-04-22,null,null,300000002219194,Marina.Kelman,True
Robert.Drake@ad.mlclife.com.au,Robert,Drake,null,null,null,userokta82@gmail.com,Claims - Pay Group 2,Robert (Rob) Drake,None,None,null,Docklands,Victoria,3008,null,null,Permanent,20990045,MLC Limited,null,null,M,null,Rob,AU,2017-09-11,null,null,300000003840429,20990045,True
Christie.Keller@ad.mlclife.com.au,Christie,Keller,null,null,null,userokta82@gmail.com,Claims - Pay Group 2,Christie Keller,None,None,null,Docklands,Victoria,3008,null,null,Permanent,20990044,MLC Limited,null,null,F,null,null,AU,2017-09-12,null,null,300000003840282,20990044,True
Jason.Williams@ad.mlclife.com.au,Jason,Williams,null,null,null,22696181@mlcl.com.au,Underwriting - Pay Group 2,Jason Williams,None,0477 704 331,03 9911 1307,Mentone,null,3000,null,null,Permanent,22696181,MLC Limited,null,null,M,null,null,AU,2010-07-29,null,null,300000002162355,Jason.Williams,True
Kayin.Lovell@ad.mlclife.com.au,Kayin,Lovell,null,null,null,Anthony.Sideris@mlcinsurance.com.au,Digital - Pay Group 1,Kayin Lovell,None,None,null,Docklands,Victoria,3000,null,null,Permanent,20990050,MLC Limited,null,null,M,null,null,AU,3000-01-01,null,null,300000003885462,Kayin.Lovell,True
Adebola.Lyne@ad.mlclife.com.au,Adebola,Lyne,null,null,null,Matt.X.McDonald@mlcinsurance.com.au,Customer Support - Pay Group 2,Adebola Lyne,None,None,null,Docklands,Victoria,3000,null,null,Permanent,20990051,MLC Limited,null,null,F,null,null,AU,3000-01-01,null,null,300000003885596,Adebola.Lyne,True
Sri.Gustafsson@ad.mlclife.com.au,Sri,Gustafsson,null,null,null,Shannon.Carlson@mlcinsurance.com.au,Technology - Pay Group 5,Sri Gustafsson,None,None,null,Melbourne,New South Wales,2000,null,null,Permanent,20990052,MLC Limited,null,null,F,null,null,AU,3000-01-01,null,null,300000003885727,Sri.Gustafsson,True
Vinh.Valdez@ad.mlclife.com.au,Vinh,Valdez,null,null,null,Margot.X.Clarke@mlcinsurance.com.au,Digital - Pay Group 3,Vinh Valdez,None,None,null,Docklands,Western Australia,6000,null,null,Fixed Term,20990053,MLC Limited,null,null,M,null,null,AU,3000-01-01,null,null,300000003885924,Vinh.Valdez,True
Vijaya.Molina@ad.mlclife.com.au,Vijaya,Molina,null,null,null,Kendell.Farley-Stewart@mlcinsurance.com.au,Digital - Pay Group 2,Vijaya Molina,None,None,null,Docklands,Victoria,3000,null,null,Casual,20990054,MLC Limited,null,null,F,null,null,AU,3000-01-01,null,null,300000003896029,Vijaya.Molina,True
Ashley.Ingolfsson@ad.mlclife.com.au,Ashley,Ingolfsson,null,null,null,Ming.Chan@mlcinsurance.com.au,Digital - Pay Group 2,Ashley Ingolfsson,None,None,null,Melbourne,Victoria,3000,null,null,Contractor,20990055,MLC Limited,null,null,M,null,null,AU,3000-01-01,null,null,300000003896203,Ashley.Ingolfsson,True
Peta.Rake@ad.mlclife.com.au,Peta,Rake,null,null,null,Peta.Rake@mlcinsurance.com.au,Customer Maintainance - Pay Group 4,Peta Rake,None,+61 (0) 437 802 142,null,Mentone,null,3000,null,null,Permanent,22761554,MLC Limited,null,null,F,null,null,AU,2016-12-07,null,null,300000002340840,Peta.Rake,True
Corrie.Critsilis@ad.mlclife.com.au,Corrie,Critsilis,null,null,null,Corrie.Critsilis@mlcinsurance.com.au,Customer Maintainance - Pay Group 3,Corrie Critsilis,None,None,03 9322 6799,Mentone,null,3000,null,null,Fixed Term,22766560,MLC Limited,null,null,F,null,null,AU,2017-06-15,null,null,300000002013471,Corrie.Critsilis,True
test.snowuser@mlclimited.com,Test,Snowuser,null,Mr.,Mr.,debmalya.biswas@accenture.com,Claims - Pay Group 2,null,None,61 435678954,+61 435678954,null,null,null,null,null,null,9890076,Insurance Operations Head Office,Customer Advocacy,null,null,null,SnowUser,null,null,null,null,null,null,True
Arthur.Stratsianis@ad.mlclife.com.au,Arthur,Stratsianis,null,null,null,Arthur.Stratsianis@mlcinsurance.com.au,null,Arthur Stratsianis,None,None,null,Mentone,null,3000,null,null,Outsourcer Onshore,22748799,MLC Limited,null,null,M,null,null,AU,2015-09-24,null,null,300000002202649,Arthur.Stratsianis,True
Louis.Pavlou@ad.mlclife.com.au,Louis,Pavlou,null,null,null,Louis.X.Pavlou@mlcinsurance.com.au,Technology - Pay Group 3,Louis Pavlou,None,None,null,Melbourne,Victoria,3000,null,null,Permanent,20990058,MLC Limited,null,null,M,null,null,AU,2017-09-11,null,null,300000003908244,20990058,True
anurag.tripathi-uat2@mlcinsurance.com.au,anurag-uat2,tripathi-uat2,null,null,null,anurag.c.tripathi@accenture.com,null,anurag-uat2 tripathi-uat2,None,None,null,null,null,null,null,null,null,null,null,null,null,null,null,null,null,null,null,null,null,null,FALSE
anurag.tripathi-uat@mlcinsurance.com.au,anurag-uat,tripathi uat,null,null,null,anurag.c.tripathi@accenture.com,null,null,None,None,null,null,null,null,null,null,null,null,null,null,null,null,null,null,null,null,null,null,null,null,FALSE
