login,OktaUsermanager
Sanjay.Gawai@ad.mlclife.com.au,null
MLC_200@ad.mlclife.com.au,null
Neil.Brooks@mlclimited.com,null
siegfried.lafon@mlclimited.com,null
user.onboarding@mlcinsurance.com.au,null
test.user11@mlcinsurance.com.au,null
28@ad.mlclife.com.au,null
test.newuser@mlclimited.com,null
Alfred.Tan@mlcinsurance.com.au,null
vincent.quach@mlclimited.com,null
anurag.c.tripathi@mlclimited.com,null
oktaadmin@mlcinsurance.com.au,null
rshee@mlclimited.com,null
appadmin-snow@mlcinsurance.com.au,null
debmalya.biswas@mlclimited.com,anurag.c.tripathi@accenture.com
drajmukar@mlclimited.com,null
test.userservicenow@mlcinsurance.com.au,null
stestuser1@mlcinsurance.com.au,debnmalya.biswas@accenture.com
pdeka@ad.mlclife.com.au,null
mbabu@mlcinsurance.com.au,CN=Sridhar Maruthanayagam,OU=USERS,OU=TEST,DC=ad,DC=mlclife,DC=com,DC=au
parsha.deka@mlclimited.com,null
oktaadministrator@mlcinsurance.com.au,null
test.user6@mlcinsurance.com.au,null
tser.user7@mlcinsurance.com.au,null
test.user8@mlcinsurance.com.au,null
test.dsso1@mlcinsurance.com.au,null
newtestuser@mlcinsurance.com.au,null
test.dsso3@mlcinsurance.com.au,null
test.importcsv@mlcinsurance.com.au,null
abishek.singh@ad.mlclife.com.au,null
Aiden.Tan@mlclimited.com,null
test4.user4@mlcinsurance.com.au,Manager User
test5.user5@mlcinsurance.com.au,null
test6.user6@mlcinsurance.com.au,null
test.user12@mlcinsurance.com.au,null
test7.user7@mlcinsurance.com.au,null
test8.user8@mlcinsurance.com.au,null
test9.user9@mlcinsurance.com.au,null
test10.user10@mlcinsurance.com.au,null
Ganesh.Rawal@ad.mlclife.com.au,null
test91.user91@mlcinsurance.com.au,null
test92.user92@mlcinsurance.com.au,null
test11.user11@mlcinsurance.com.au,test92.user92@mlcinsurance.com.au
test93.user93@mlcinsurance.com.au,test92.user92@mlcinsurance.com.au
test94.user94@mlcinsurance.com.au,test92.user92@mlcinsurance.com.au
test95.user95@mlcinsurance.com.au,test92.user92@mlcinsurance.com.au
test12.user12@mlcinsurance.com.au,null
Andrew.Cox@mlclimited.com,null
test96.user96@mlcinsurance.com.au,test92.user92@mlcinsurance.com.au
test97.user97@mlcinsurance.com.au,test92.user92@mlcinsurance.com.au
org.admin@mlcinsurance.com.au,null
app.admin@mlcinsurance.com.au,null
group.admin@mlcinsurance.com.au,null
readonly.admin@mlcinsurance.com.au,null
test98.user98@mlcinsurance.com.au,test92.user92@mlcinsurance.com.au
Test13.user13@mlcinsurance.com.au,null
test89.user89@mlcinsurance.com.au,null
Ann.Sanchez@mlclimited.com,null
Mel.testuser@mlcinsurance.com.au,null
adel.testuser@mlcinsurance.com.au,null
bris.testuser@mlcinsurance.com.au,null
syd.testuser@mlcinsurance.com.au,null
MLC_129@ad.mlclife.com.au,null
Wayne.Bailey@mlclimited.com,null
Catherine.Adams@mlclimited.com,null
ctest.user01@mlcinsurance.com.au,null
ctest.user02@mlcinsurance.com.au,null
ctest.user03@mlcinsurance.com.au,null
Thomas.Barnes@mlclimited.com,null
test14.user14@mlcinsurance.com.au,null
test15.user15@mlcinsurance.com.au,null
test16.user16@mlcinsurance.com.au,null
test17.user17@mlcinsurance.com.au,null
test18.user18@mlcinsurance.com.au,null
test19.user19@mlcinsurance.com.au,null
Samual.Badree@mlclimited.com,null
Graeme.Bell@mlclimited.com,Catherine.Adams@mlclimited.com
ctcit101.ctcit101@mlcinsurance.com.au,null
Janice.Baker@mlclimited.com,Robert.Edwards@mlclimited.com
Keith.Butler@mlclimited.com,null
ctcit102.ctcit102@mlcinsurance.com.au,null
Jeanette.Carter@mlclimited.com,null
Bruce.Cruz@mlclimited.com,Catherine.Adams@mlclimited.com
ctcit103.ctcit103@mlcinsurance.com.au,null
Carol.Clark@mlclimited.com,null
Judith.Davis@mlclimited.com,null
Robert.Edwards@mlclimited.com,null
Lynette.Garcia@mlclimited.com,null
test55.user55@mlcinsurance.com.au,Test92 User92
test56.user56@mlcinsurance.com.au,test92.user92@mlcinsurance.com.au
test51.user51@mlcinsurance.com.au,test92.user92@mlcinsurance.com.au
sumit.singh@ad.mlclife.com.au,null
63@ad.mlclife.com.au,null
328@ad.mlclife.com.au,null
Michael.Flores@mlclimited.com,null
Lucas.Bond@mlclimited.com,Julie.Brown@mlclimited.com
MLC_190@ad.mlclife.com.au,null
User06@mlclimited.com,null
Argon.B@ad.mlclife.com.au,null
rrayatt@mlcinsurance.com.au,null
Brian.Gomez@mlclimited.com,null
321@ad.mlclife.com.au,null
206@ad.mlclife.com.au,null
Argon.a.Barron@ad.mlclife.com.au,null
154@ad.mlclife.com.au,null
MLC_202@ad.mlclife.com.au,null
30@ad.mlclife.com.au,null
220@ad.mlclife.com.au,null
MLC_144@ad.mlclife.com.au,null
127@ad.mlclife.com.au,null
274@ad.mlclife.com.au,null
248@ad.mlclife.com.au,null
293@ad.mlclife.com.au,null
Helena.Blukovic@ad.mlclife.com.au,null
110@ad.mlclife.com.au,null
307@ad.mlclife.com.au,null
66@ad.mlclife.com.au,null
287@ad.mlclife.com.au,null
intel.user@mlclimited.com,null
intel.user1@mlclimited.com,null
121@ad.mlclife.com.au,null
280@ad.mlclife.com.au,null
153@ad.mlclife.com.au,null
299@ad.mlclife.com.au,null
152@ad.mlclife.com.au,null
208@ad.mlclife.com.au,null
MLC_101@ad.mlclife.com.au,null
18@ad.mlclife.com.au,null
MLC_117@ad.mlclife.com.au,null
95@ad.mlclife.com.au,null
200@ad.mlclife.com.au,null
160@ad.mlclife.com.au,null
testuser.ad@mlclmited.com,null
new.user@mlclimited.com,null
326@ad.mlclife.com.au,null
233@ad.mlclife.com.au,null
24@ad.mlclife.com.au,null
newtest.user@mlclimited.com,null
Avril.Gomez@ad.mlclife.com.au,null
MLC_170@ad.mlclife.com.au,null
195@ad.mlclife.com.au,null
94@ad.mlclife.com.au,null
4@ad.mlclife.com.au,null
65@ad.mlclife.com.au,null
283@ad.mlclife.com.au,null
62@ad.mlclife.com.au,null
Tiger.Giraffe@ad.mlclife.com.au,null
284@ad.mlclife.com.au,null
2@ad.mlclife.com.au,null
MLC_125@ad.mlclife.com.au,null
309@ad.mlclife.com.au,null
MLC_107@ad.mlclife.com.au,null
MLC_171@ad.mlclife.com.au,null
231@ad.mlclife.com.au,null
288@ad.mlclife.com.au,null
198@ad.mlclife.com.au,null
253@ad.mlclife.com.au,null
298@ad.mlclife.com.au,null
306@ad.mlclife.com.au,null
189@ad.mlclife.com.au,null
196@ad.mlclife.com.au,null
15@ad.mlclife.com.au,null
222@ad.mlclife.com.au,null
MLC_137@ad.mlclife.com.au,null
gus.a.d'onofrio@mlclimited.com,null
ssingh@mlclimited.com,null
LaneCapron@mlclimited.com,null
Anthony.Cooper@mlclimited.com,null
sit-admin@mlclimited.com,null
test.user5@mlcinsurance.com.au,null
Alex.Ethan@mlclimited.com,null
pert.testuser@mlcinsurance.com.au,null
test.user9@mlcinsurance.com.au,null
ahales@mlcinsurance.com.au,sumit.p.singh@accenture.com
Ava.Wilson@mlclimited.com,null
