firstName,lastName,personNumber,OktauserName,SnowUserName
Ernst,Gonzalo,22767671,Gonzalo.Ernst,Gonzalo.Ernst
Fisher,Ellen,22767431,Ellen.Fisher,Ellen.Fisher
Kelly,Sharon,22767637,Sharon.Kelly,Sharon.Kelly
Chow,Yolanda,22767416,Yolanda.Chow,Yolanda.Chow
Sutrisno,Yohana,22767995,Yohana.Sutrisno,Yohana.Sutrisno
Sideris,Anthony,22767835,Anthony.Sideris,Anthony.Sideris
Munson,Charlotte,22767688,Charlotte.Munson,Charlotte.Munson
Anderson,Laura,22767810,Laura.Anderson,Laura.Anderson
Leong,Anthony,22767736,Anthony.Leong,Anthony.Leong
Kukiel,Paul,22767751,Paul.Kukiel,Paul.Kukiel
Sun,Nijie,22767887,Nijie.Sun,Nijie.Sun
Hu,Anson,22767812,Anson.Hu,Anson.Hu
Caddeo,Nichola,22766822,Nichola.Caddeo,Nichola.Caddeo
Dangol,Sulochana,22764810,Sulochana.Dangol,Sulochana.Dangol
Crivelli,Sarah,22764990,Sarah.Crivelli,Sarah.Crivelli
Kos,Brendan,22767016,Brendan.Kos,Brendan.Kos
Jory,Theresa,22765520,Theresa.Jory,Theresa.Jory
Longrigg,Emma,22765980,Emma.Longrigg,Emma.Longrigg
Smith,Dan,22766511,Dan.Smith,Dan.Smith
Sarkis,Susan,22767523,Susan.Sarkis,Susan.Sarkis
Colless,Saskia,22766356,Saskia.Colless,Saskia.Colless
Mayes,Dawn,22766580,Dawn.Mayes,Dawn.Mayes
Collings,Ian,22767411,Ian.Collings,Ian.Collings
Rillstone,Faye,22766879,Faye.Rillstone,Faye.Rillstone
Mussared,Stephanie,22763127,Stephanie.Mussared,Stephanie.Mussared
Matheson,Sechelle,22765097,Sechelle.Matheson,Sechelle.Matheson
Barreira,Francis,22762516,Francis.Barreira,Francis.Barreira
McLean,Michael,22762933,Michael.McLean,Michael.McLean
Wilkins,Richard,22762019,Richard.Wilkins,Richard.Wilkins
Paolucci,Mirella,22764062,Mirella.Paolucci,Mirella.Paolucci
Griffiths,John,22765561,John.Griffiths,John.Griffiths
Gareth,Collier,22764455,Collier.Gareth,Collier.Gareth
Adamson,Alastair,22764486,Alastair.Adamson,Alastair.Adamson
Jayasooriya,Priyangika,22766209,Priyangika.Jayasooriya,Priyangika.Jayasooriya
Wasylewicz,Andrew,22764431,Andrew.Wasylewicz,Andrew.Wasylewicz
Heenan,Jacqueline,22765426,Jacqueline.Heenan,Jacqueline.Heenan
Rajaratinam,Veena,22765954,Veena.Rajaratinam,Veena.Rajaratinam
Pistone,Connie,22766367,Connie.Pistone,Connie.Pistone
Inoue,Manami,22764283,Manami.Inoue,Manami.Inoue
Rayatt,Robert,22764364,Robert.Rayatt,Robert.Rayatt
Partridge,Keith,22764578,Keith.Partridge,Keith.Partridge
Fox,Daniel,22765492,Daniel.Fox,Daniel.Fox
Singleton,Samantha,22767729,Samantha.Singleton,Samantha.Singleton
Yacoub,Shahad,22766133,Shahad.Yacoub,Shahad.Yacoub
Nghiem,Jessie,22762788,Jessie.Nghiem,Jessie.Nghiem
Jones,Gareth,22766917,Gareth.Jones,Gareth.Jones
Kirchoff,Kaela,22767236,Kaela.Kirchoff,Kaela.Kirchoff
Tan,Alfred,22760114,Alfred.Tan,Alfred.Tan
Williams,Fiona,22764653,Fiona.Williams,Fiona.Williams
Henderson,Helen,22765361,Helen.Henderson,Helen.Henderson
Caristo,Dominic,22761553,Dominic.Caristo,Dominic.Caristo
Cale,Jessica,22760504,Jessica.Cale,Jessica.Cale
Vallesi,Vincenzo,22766022,Vincenzo.Vallesi,Vincenzo.Vallesi
Critsilis,Corrie,22766560,Corrie.Critsilis,Corrie.Critsilis
Corsaro,Livio,22763827,Livio.Corsaro,Livio.Corsaro
Mezzina,Natasha,22767287,Natasha.Mezzina,Natasha.Mezzina
Danckert,David,22767466,David.Danckert,David.Danckert
Pollastrini,Kathryn,22761091,Kathryn.Pollastrini,Kathryn.Pollastrini
Prasad,Vaseetal,22763613,Vaseetal.Prasad,Vaseetal.Prasad
Donnellan,Harley,22763948,Harley.Donnellan,Harley.Donnellan
Nakashima,Toshihiro,22759894,Toshihiro.Nakashima,Toshihiro.Nakashima
Hossain,Raju,22766271,Raju.Hossain,Raju.Hossain
Summer,Jonathan,22766078,Jonathan.Summer,Jonathan.Summer
McGuire,Marsha,22766565,Marsha.McGuire,Marsha.McGuire
Antebi,Helen,22765923,Helen.Antebi,Helen.Antebi
Szabo,Stephanie,22766128,Stephanie.Szabo,Stephanie.Szabo
Chiesa,Alice,22760646,Alice.Chiesa,Alice.Chiesa
virtue,rhonda,22766802,rhonda.virtue,rhonda.virtue
Arscott,Catherine,22761208,Catherine.Arscott,Catherine.Arscott
Kumari,Niti,22767496,Niti.Kumari,Niti.Kumari
Mastyla,Emma,22761561,Emma.Mastyla,Emma.Mastyla
Tine,Jacqueline,22767143,Jacqueline.Tine,Jacqueline.Tine
Richardson,Lara,22767679,Lara.Richardson,Lara.Richardson
Andreadis,Alex,22766925,Alex.Andreadis,Alex.Andreadis
Nguyen,Angela,22760365,Angela.Nguyen,Angela.Nguyen
Brennan,Kate,22766494,Kate.Brennan,Kate.Brennan
Muddukrishna,Kiran,22763149,Kiran.Muddukrishna,Kiran.Muddukrishna
Wong,William,22763340,William.Wong,William.Wong
Casey,Mark,22763634,Mark.Casey,Mark.Casey
Varone,Raylene,22763388,Raylene.Varone,Raylene.Varone
Lu,Maryanne,22764156,Maryanne.Lu,Maryanne.Lu
Trifiletti,Bernadette,22764931,Bernadette.Trifiletti,Bernadette.Trifiletti
Rupasinghe,Don,22763816,Don.Rupasinghe,Don.Rupasinghe
Mann,Craig,22766598,Craig.Mann,Craig.Mann
Tambourine,Neil,22764302,Neil.Tambourine,Neil.Tambourine
Taberner,Megan,22764570,Megan.Taberner,Megan.Taberner
Noori,Saif,22761418,Saif.Noori,Saif.Noori
Kornovich,Kristopher,22764587,Kristopher.Kornovich,Kristopher.Kornovich
Goss,Kevin,22760645,Kevin.Goss,Kevin.Goss
Duri,Denis,22763330,Denis.Duri,Denis.Duri
Gray,Alex,22763416,Alex.Gray,Alex.Gray
Trinh,William,22764408,William.Trinh,William.Trinh
Haszard,Catherine,22765037,Catherine.Haszard,Catherine.Haszard
Naicker,Yotheeya,22765108,Yotheeya.Naicker,Yotheeya.Naicker
Osmond,Catherine,22766355,Catherine.Osmond,Catherine.Osmond
Wyatt,Lyal,22767499,Lyal.Wyatt,Lyal.Wyatt
Akau,Sione,22761186,Sione.Akau,Sione.Akau
Windley,Jade,22766725,Jade.Windley,Jade.Windley
Ikkurthi,Nammaiah,22767497,Nammaiah.Ikkurthi,Nammaiah.Ikkurthi
Bowen,Jonathan,22761157,Jonathan.Bowen,Jonathan.Bowen
Wickett,Bronwyn,22763072,Bronwyn.Wickett,Bronwyn.Wickett
Vernino,Leeanne,22763828,Leeanne.Vernino,Leeanne.Vernino
Graves,Brett,22764873,Brett.Graves,Brett.Graves
Costanzo,Marco,22765493,Marco.Costanzo,Marco.Costanzo
McDonald,Michelle,22761207,Michelle.McDonald,Michelle.McDonald
Ross,James,22761744,James.Ross,James.Ross
Gurney,Siobhan,22763731,Siobhan.Gurney,Siobhan.Gurney
Tsangidis,Zoran,22762181,Zoran.Tsangidis,Zoran.Tsangidis
Abdelmalek,Mirna,22763735,Mirna.Abdelmalek,Mirna.Abdelmalek
Ham,Melissa,22763126,Melissa.Ham,Melissa.Ham
Gao,Linda,22764392,Linda.Gao,Linda.Gao
Monte,Joshua,22764358,Joshua.Monte,Joshua.Monte
MacDonald,Craig,22763433,Craig.MacDonald,Craig.MacDonald
Crawford,Roslyn,22763862,Roslyn.Crawford,Roslyn.Crawford
Karamballi,Vijayalaxmi,22763841,Vijayalaxmi.Karamballi,Vijayalaxmi.Karamballi
Salvana,Robert,22764327,Robert.Salvana,Robert.Salvana
Yong,Aaron,22764537,Aaron.Yong,Aaron.Yong
Dona,Dulmini,22765463,Dulmini.Dona,Dulmini.Dona
Shelar,Nitin,22763357,Nitin.Shelar,Nitin.Shelar
Sparks,Ron,22763461,Ron.Sparks,Ron.Sparks
Clover,Lainie,22765106,Lainie.Clover,Lainie.Clover
Blackman,Bruce,22765039,Bruce.Blackman,Bruce.Blackman
Ashton,John,22765015,John.Ashton,John.Ashton
Ford,Timothy,22765114,Timothy.Ford,Timothy.Ford
Rakiposki,Zarifka,22766207,Zarifka.Rakiposki,Zarifka.Rakiposki
Ramalingam,Bharath,22766745,Bharath.Ramalingam,Bharath.Ramalingam
Tan,Venetia,22763802,Venetia.Tan,Venetia.Tan
Gauci,Stefanie,22765110,Stefanie.Gauci,Stefanie.Gauci
Flowers,Stuart,22765223,Stuart.Flowers,Stuart.Flowers
Wilson,Andy,22763988,Andy.Wilson,Andy.Wilson
Hussain,Kashif,22766083,Kashif.Hussain,Kashif.Hussain
Edwards,Veronika,22766525,Veronika.Edwards,Veronika.Edwards
Musiov,David,22766337,David.Musiov,David.Musiov
Choi,Amy,22766811,Amy.Choi,Amy.Choi
Avdija,Stephanie,22764642,Stephanie.Avdija,Stephanie.Avdija
Zombolas,David,22766816,David.Zombolas,David.Zombolas
Jesudason,Rohan,22760440,Rohan.Jesudason,Rohan.Jesudason
McGuire,Ken,22766553,Ken.McGuire,Ken.McGuire
Connellan,Jacqueline,22767131,Jacqueline.Connellan,Jacqueline.Connellan
Nguyen,Ambrose,22766742,Ambrose.Nguyen,Ambrose.Nguyen
Pandey,Anamika,22766740,Anamika.Pandey,Anamika.Pandey
Bouquet,Evan,22765878,Evan.Bouquet,Evan.Bouquet
Whitehouse,Mia,22765650,Mia.Whitehouse,Mia.Whitehouse
Tascioglu,Faruk,22766840,Faruk.Tascioglu,Faruk.Tascioglu
Adam,Cameron,22766873,Cameron.Adam,Cameron.Adam
Puri,Anu,22760383,Anu.Puri,Anu.Puri
Latocha,Stephen,22762878,Stephen.Latocha,Stephen.Latocha
Natoli,Liarna,22763689,Liarna.Natoli,Liarna.Natoli
Fa'atoese,Junior,22764196,Junior.Faatoese,Junior.Faatoese
Daley,Naomi,22764243,Naomi.Daley,Naomi.Daley
Blincoe,Glenis,22764839,Glenis.Blincoe,Glenis.Blincoe
Fitzgerald,Jessica,22765853,Jessica.Fitzgerald,Jessica.Fitzgerald
Barlow,Paul,22763386,Paul.Barlow,Paul.Barlow
Srivastava,Sheenal,22762763,Sheenal.Srivastava,Sheenal.Srivastava
de Melo,Andre,22763885,Andre.deMelo,Andre.deMelo
Laden,Shawna,22763635,Shawna.Laden,Shawna.Laden
Holwerda,Andre,22761906,Andre.Holwerda,Andre.Holwerda
Bennie,Michelle,22760644,Michelle.Bennie,Michelle.Bennie
Young,Luke,22763897,Luke.Young,Luke.Young
Arora,Amit,22764930,Amit.Arora,Amit.Arora
Newbold,Tim,22764292,Tim.Newbold,Tim.Newbold
Sharma,Shveta,22763043,Shveta.Sharma,Shveta.Sharma
Stevenson,Natasha,22764595,Natasha.Stevenson,Natasha.Stevenson
Rubins,Andrew,22763467,Andrew.Rubins,Andrew.Rubins
Cho,Catherine,22762514,Catherine.Cho,Catherine.Cho
Deegan,Ciara,22763580,Ciara.Deegan,Ciara.Deegan
Li,Michael,22764640,Michael.Li,Michael.Li
Michaelidis,Tabitha,22763790,Tabitha.Michaelidis,Tabitha.Michaelidis
Morgan,Jonathan,22763441,Jonathan.Morgan,Jonathan.Morgan
Kelly,Richard,22764312,Richard.Kelly,Richard.Kelly
Mendez,Alistair,22763505,Alistair.Mendez,Alistair.Mendez
Prasad,Rajeev,22765501,Rajeev.Prasad,Rajeev.Prasad
Pap,Paul,22763904,Paul.Pap,Paul.Pap
Samadhia,Anju,22766563,Anju.Samadhia,Anju.Samadhia
Riches,Shannon,22766473,Shannon.Riches,Shannon.Riches
Booth,Rowan,22766766,Rowan.Booth,Rowan.Booth
McDonald,Matt,22765089,Matt.McDonald,Matt.McDonald
San Miguel,Eriza,22766481,Eriza.SanMiguel,Eriza.SanMiguel
Werrin,Hannah,22766886,Hannah.Werrin,Hannah.Werrin
Terentev,Max,22767363,Max.Terentev,Max.Terentev
Sturt,Adrien,22766950,Adrien.Sturt,Adrien.Sturt
Stephen,Kim,22764883,Kim.Stephen,Kim.Stephen
Louie,Virginia,22766982,Virginia.Louie,Virginia.Louie
Ryman,Glen,22760755,Glen.Ryman,Glen.Ryman
Tjanterik,Irwan,22766643,Irwan.Tjanterik,Irwan.Tjanterik
Chan,Anthony,22761031,Anthony.Chan,Anthony.Chan
Sadek,Erini,22767216,Erini.Sadek,Erini.Sadek
Browne,Amy,22765687,Amy.Browne,Amy.Browne
Vithanagama,Sanjaya,22766976,Sanjaya.Vithanagama,Sanjaya.Vithanagama
Bishop,Wesley,22767311,Wesley.Bishop,Wesley.Bishop
Waldon,Trent,22761849,Trent.Waldon,Trent.Waldon
Dixon,Peter,22760367,Peter.Dixon,Peter.Dixon
Jardim,Yolandi,22762893,Yolandi.Jardim,Yolandi.Jardim
Kanaparthy,Sridhar,22763852,Sridhar.Kanaparthy,Sridhar.Kanaparthy
Kohn,Anabela,22764200,Anabela.Kohn,Anabela.Kohn
Kyaw,Michael,22762945,Michael.Kyaw,Michael.Kyaw
Hughes,Nadine,22763465,Nadine.Hughes,Nadine.Hughes
Laya,Joseph,22762004,Joseph.Laya,Joseph.Laya
Gibson,Genevieve,22763682,Genevieve.Gibson,Genevieve.Gibson
Burgin,Christian,22763909,Christian.Burgin,Christian.Burgin
Mitchell,Elliott,22764072,Elliott.Mitchell,Elliott.Mitchell
Jaiswal,Radhika,22764223,Radhika.Jaiswal,Radhika.Jaiswal
Ku,Oliver,22760487,Oliver.Ku,Oliver.Ku
Cameron,James,22760287,James.Cameron,James.Cameron
Wong,Keillan,22760484,Keillan.Wong,Keillan.Wong
Cassidy,Therese,22762130,Therese.Cassidy,Therese.Cassidy
Silva,Ranjeewa,22760524,Ranjeewa.Silva,Ranjeewa.Silva
Fekete,Szilvia,22760723,Szilvia.Fekete,Szilvia.Fekete
Sheng,Yihang,22762513,Yihang.Sheng,Yihang.Sheng
ODonnell,Chris,22762144,Chris.ODonnell,Chris.ODonnell
Borra,Sowjanya,22762509,Sowjanya.Borra,Sowjanya.Borra
Peng,James,22760483,James.Peng,James.Peng
Wookey,Emma,22761501,Emma.Wookey,Emma.Wookey
Pegg,Rebecca,22761799,Rebecca.Pegg,Rebecca.Pegg
Johnstone,Benjamin,22762870,Benjamin.Johnstone,Benjamin.Johnstone
Learmonth,Erin,22764869,Erin.Learmonth,Erin.Learmonth
Orr,Cameron,22764964,Cameron.Orr,Cameron.Orr
Sinha,Monosij,22762506,Monosij.Sinha,Monosij.Sinha
Selvaratnam,Vijayan,22763389,Vijayan.Selvaratnam,Vijayan.Selvaratnam
Uzun,Hatice,22764157,Hatice.Uzun,Hatice.Uzun
Pettman,Wendy,22765093,Wendy.Pettman,Wendy.Pettman
Triffett,Kaitlan,22766405,Kaitlan.Triffett,Kaitlan.Triffett
Leng,Wayne,22686679,Wayne.Leng,Wayne.Leng
Alamaras,Anastasia,22767090,Anastasia.Alamaras,Anastasia.Alamaras
Samadi,Masood,22760362,Masood.Samadi,Masood.Samadi
Pham,Duyen,22760488,Duyen.Pham,Duyen.Pham
Durand Deslongrais,Adrien,22767432,Adrien.DurandDeslongrais,Adrien.DurandDeslongrais
McDowell,Christopher,22761793,Christopher.McDowell,Christopher.McDowell
Easdon,Bridget,22760878,Bridget.Easdon,Bridget.Easdon
Pottier,Cynthia,22761563,Cynthia.Pottier,Cynthia.Pottier
Levitin,Gail,22721674,Gail.Levitin,Gail.Levitin
Katta,Naveen,22764224,Naveen.Katta,Naveen.Katta
Lui,Amanda,22761206,Amanda.Lui,Amanda.Lui
Vonthethoff,Daniel,22761829,Daniel.Vonthethoff,Daniel.Vonthethoff
Sapieja,Evelyne,22760247,Evelyne.Sapieja,Evelyne.Sapieja
Prince,Steve,22762012,Steve.Prince,Steve.Prince
Stedman,Simon,22761865,Simon.Stedman,Simon.Stedman
Guittiere,Juliette,22762508,Juliette.Guittiere,Juliette.Guittiere
Dickson,Sarah,22761948,Sarah.Dickson,Sarah.Dickson
Holessis,Georgina,22762120,Georgina.Holessis,Georgina.Holessis
Poondla,Adarsh,22762511,Adarsh.Poondla,Adarsh.Poondla
Lim,Jessica,22764258,Jessica.Lim,Jessica.Lim
Chhim,Linda,22760568,Linda.Chhim,Linda.Chhim
Hoggan,Graham,22764233,Graham.Hoggan,Graham.Hoggan
Steinmetz,Erin,22761522,Erin.Steinmetz,Erin.Steinmetz
Griffiths,Kaleb,22761559,Kaleb.Griffiths,Kaleb.Griffiths
Mukherjee,Soumyajit,22762510,Soumyajit.Mukherjee,Soumyajit.Mukherjee
Jongebloed,Jamie,22763323,Jamie.Jongebloed,Jamie.Jongebloed
Kruger,Leah,22763520,Leah.Kruger,Leah.Kruger
Wu,Jun,22762503,Jun.Wu,Jun.Wu
Nunez,Esteban,22764222,Esteban.Nunez,Esteban.Nunez
Sarris,Anthony,22764577,Anthony.Sarris,Anthony.Sarris
Glover,Nicolle,22761881,Nicolle.Glover,Nicolle.Glover
Santos,Judite,28087321,Judite.Santos,Judite.Santos
Peh,Melissa,22761104,Melissa.Peh,Melissa.Peh
Paul,Priyunko,22762504,Priyunko.Paul,Priyunko.Paul
Harris,Erika,22765006,Erika.Harris,Erika.Harris
Slen,Annie,22766556,Annie.Slen,Annie.Slen
Carlson,Shannon,22767171,Shannon.Carlson,Shannon.Carlson
Kitzelmann,Sarah,22764355,Sarah.Kitzelmann,Sarah.Kitzelmann
Salter,Kane,22765647,Kane.Salter,Kane.Salter
Fragkoulis,Dionysios,22762515,Dionysios.Fragkoulis,Dionysios.Fragkoulis
Harper,Antony,22761980,Antony.Harper,Antony.Harper
Trejo,Selene,22760486,Selene.Trejo,Selene.Trejo
Molloy,Emily,22761807,Emily.Molloy,Emily.Molloy
Downs,Laura,22761520,Laura.Downs,Laura.Downs
Trpcevski,Dimce,22763186,Dimce.Trpcevski,Dimce.Trpcevski
Garner,Danielle,22761205,Danielle.Garner,Danielle.Garner
De Mattia,James,22761867,James.DeMattia,James.DeMattia
Skalkos,James,22761803,James.Skalkos,James.Skalkos
Tavalu,Sabrina,22761443,Sabrina.Tavalu,Sabrina.Tavalu
Canning,Ashleigh,22761536,Ashleigh.Canning,Ashleigh.Canning
Luong,Ivan,22761109,Ivan.Luong,Ivan.Luong
Liang,Steven,22758067,Steven.Liang,Steven.Liang
Quach,Joanne,22756388,Joanne.Quach,Joanne.Quach
Maguire,Laikin,22761110,Laikin.Maguire,Laikin.Maguire
Chakraborty,Soumya,22764672,Soumya.Chakraborty,Soumya.Chakraborty
Bosevski,Bilyana,22761940,Bilyana.Bosevski,Bilyana.Bosevski
Knowles,Jennifer,22753811,Jennifer.Knowles,Jennifer.Knowles
Kumar,Rahul,22766012,Rahul.Kumar,Rahul.Kumar
Das,Sarit,22766013,Sarit.Das,Sarit.Das
Williamson,Sean,22766523,Sean.Williamson,Sean.Williamson
Subbarayan,Kiruthiga,22767778,Kiruthiga.Subbarayan,Kiruthiga.Subbarayan
