firstName,lastName,personNumber,OktauserName
Ernst,Gonzalo,22767671,Gonzalo.Ernst
Montgomery,Maria,22767818,Maria.Montgomery
Kumari,Rashmi,22767931,Rashmi.Kumari
Poninghouse,Kristen,22768016,Kristen.Poninghouse
Kumar,Shweta,22767667,Shweta.Kumar
Palmer,Josie Louise,22767394,JosieLouise.Palmer
Wilson,Therese,22767742,Therese.Wilson
Perez,Natalie,22767997,Natalie.Perez
Fisher,Ellen,22767431,Ellen.Fisher
Kelly,Sharon,22767637,Sharon.Kelly
Farley-Stewart,Kendell,22767454,Kendell.FarleyStewart
Chan,Yuet Ming,22767097,YuetMing.Chan
Jordan,Selena,22767365,Selena.Jordan
Tate,Samantha,22767846,Samantha.Tate
Adriaans,Katie,22767929,Katie.Adriaans
Holman,Phillip,22768008,Phillip.Holman
Chow,Yolanda,22767416,Yolanda.Chow
Sutrisno,Yohana,22767995,Yohana.Sutrisno
Sideris,Anthony,22767835,Anthony.Sideris
Denton,Penelope Catherine,22767986,PenelopeCatherine.Denton
Bennett,Hayley,22767592,Hayley.Bennett
Munson,Charlotte,22767688,Charlotte.Munson
Zarafa,Kelly,22767122,Kelly.Zarafa
Anderson,Laura,22767810,Laura.Anderson
Leong,Anthony,22767736,Anthony.Leong
Kukiel,Paul,22767751,Paul.Kukiel
Sun,Nijie,22767887,Nijie.Sun
Barnett,Tom,22768007,Tom.Barnett
Schutz,David,22768009,David.Schutz
Doran,Madeline,22767620,Madeline.Doran
Rance,Lisa,22767928,Lisa.Rance
Hu,Anson,22767812,Anson.Hu
Colson,David,22768010,David.Colson
Caddeo,Nichola,22766822,Nichola.Caddeo
Joseph,Jason,22766718,Jason.Joseph
Zaviska,Simon,22765113,Simon.Zaviska
Dangol,Sulochana,22764810,Sulochana.Dangol
Chen,Nathan,22766903,Nathan.Chen
Crivelli,Sarah,22764990,Sarah.Crivelli
Thomas,Jeri,22765160,Jeri.Thomas
Kos,Brendan,22767016,Brendan.Kos
Jory,Theresa,22765520,Theresa.Jory
Linger,Tamara,22765512,Tamara.Linger
Parkar,Aamir,22766480,Aamir.Parkar
Klimas,Andrew,22767043,Andrew.Klimas
Carpenter,Monique,22766194,Monique.Carpenter
Longrigg,Emma,22765980,Emma.Longrigg
Kumar,Deepak,22767158,Deepak.Kumar
Smith,Dan,22766511,Dan.Smith
Sarkis,Susan,22767523,Susan.Sarkis
Colless,Saskia,22766356,Saskia.Colless
Ferrarotto,Rowena,22767091,Rowena.Ferrarotto
Mayes,Dawn,22766580,Dawn.Mayes
Singh,Gurpreet,22766372,Gurpreet.Singh
Hennessy,Troy,22767099,Troy.Hennessy
Pletea,Geanina,22766809,Geanina.Pletea
Dasaiah,Anilkumar,22767391,Anilkumar.Dasaiah
Collings,Ian,22767411,Ian.Collings
Huynh,Quyen,22767771,Quyen.Huynh
Mantello,Sebastian,22766870,Sebastian.Mantello
Burns,Todd,22767266,Todd.Burns
Hill,Susan,22766867,Susan.Hill
Rillstone,Faye,22766879,Faye.Rillstone
Barnett,Helen,22767133,Helen.Barnett
Mussared,Stephanie,22763127,Stephanie.Mussared
Matheson,Sechelle,22765097,Sechelle.Matheson
Kouts,Stephanie,22765974,Stephanie.Kouts
Fearne,Brooke,22765988,Brooke.Fearne
Bourke,Amy,22759896,Amy.Bourke
McEniry,Catherine,22744316,Catherine.McEniry
Mattiuzzo,Robert,22761092,Robert.Mattiuzzo
Barreira,Francis,22762516,Francis.Barreira
McLean,Michael,22762933,Michael.McLean
O???Mahony,Jenelle,22763681,Jenelle.OMahony
Wilkins,Richard,22762019,Richard.Wilkins
Di Battista,Michael,22763199,Michael.DiBattista
Paolucci,Mirella,22764062,Mirella.Paolucci
West,Danielle,22764140,Danielle.West
Anantharaj,Sowdarmendran,22763198,Sowdarmendran.Anantharaj
Griffiths,John,22765561,John.Griffiths
Gareth,Collier,22764455,Collier.Gareth
Hill,Daniel,22764325,Daniel.Hill
Adamson,Alastair,22764486,Alastair.Adamson
Jayasooriya,Priyangika,22766209,Priyangika.Jayasooriya
Wasylewicz,Andrew,22764431,Andrew.Wasylewicz
Heenan,Jacqueline,22765426,Jacqueline.Heenan
Pantos Verbic,Ana,22766336,Ana.PantosVerbic
Eow,Shirley,22765464,Shirley.Eow
Rajaratinam,Veena,22765954,Veena.Rajaratinam
Davis,Samuel,22766322,Samuel.Davis
Walker,Ben,22766220,Ben.Walker
Pistone,Connie,22766367,Connie.Pistone
Chow Fat Lun,Moy Yin,22766495,MoyYin.ChowFatLun
Rooney,Caitlin,22766610,Caitlin.Rooney
Tranter,Chris,22676305,Chris.Tranter
Inoue,Manami,22764283,Manami.Inoue
Mpaluko,Sally,22764287,Sally.Mpaluko
Rayatt,Robert,22764364,Robert.Rayatt
Farrington,Georgina,22764641,Georgina.Farrington
Partridge,Keith,22764578,Keith.Partridge
Kahingala,Lasath,22765886,Lasath.Kahingala
Sessa,Matteo,22764218,Matteo.Sessa
Fleming,Karen,22764868,Karen.Fleming
Whatmore,Allan,22766119,Allan.Whatmore
Wickliffe,Chris,22764229,Chris.Wickliffe
Jay,Divya,22765101,Divya.Jay
Tran,Calvin,22765141,Calvin.Tran
Strachan,Jamieson,22764350,Jamieson.Strachan
Pickstone,Steven,22767448,Steven.Pickstone
Fox,Daniel,22765492,Daniel.Fox
Huynh,Anthony,22765245,Anthony.Huynh
Singleton,Samantha,22767729,Samantha.Singleton
Myatt,Amy,22762232,Amy.Myatt
Sonathappan,Buvaneswari,22765899,Buvaneswari.Sonathappan
Ek,Say,22765246,Say.Ek
George,Josepheena,22766435,Josepheena.George
Obla,Vikram,22765450,Vikram.Obla
Clarke,Margot,22765625,Margot.Clarke
Tedja,Krisentia,22766902,Krisentia.Tedja
Yacoub,Shahad,22766133,Shahad.Yacoub
McColl,Allan,22767124,Allan.McColl
Nghiem,Jessie,22762788,Jessie.Nghiem
Jones,Gareth,22766917,Gareth.Jones
Kirchoff,Kaela,22767236,Kaela.Kirchoff
Briolat,Sophie,22762947,Sophie.Briolat
Han,Natalie,22763917,Natalie.Han
Peerman,Melissa,22764138,Melissa.Peerman
Tan,Alfred,22760114,Alfred.Tan
Kantor,Ariel,22759978,Ariel.Kantor
Williams,Fiona,22764653,Fiona.Williams
Chillari,Paul,22764313,Paul.Chillari
Sutherland,Tom,22765294,Tom.Sutherland
Henderson,Helen,22765361,Helen.Henderson
Chan,Aaron,22765094,Aaron.Chan
Chandrakumar,Senthilkumar,22760053,Senthilkumar.Chandrakumar
Spagnuolo,Stephen,22765349,Stephen.Spagnuolo
Booth,Georgina,22765422,Georgina.Booth
Caristo,Dominic,22761553,Dominic.Caristo
Jacob,Caroline,22765748,Caroline.Jacob
Cale,Jessica,22760504,Jessica.Cale
Taylor,Mark,22765821,Mark.Taylor
Marangos,Kelly,22765870,Kelly.Marangos
Vallesi,Vincenzo,22766022,Vincenzo.Vallesi
Critsilis,Corrie,22766560,Corrie.Critsilis
George Antony,Juliana,22767152,Juliana.GeorgeAntony
Corsaro,Livio,22763827,Livio.Corsaro
Mezzina,Natasha,22767287,Natasha.Mezzina
Ward,Mark,22764753,Mark.Ward
Danckert,David,22767466,David.Danckert
Pollastrini,Kathryn,22761091,Kathryn.Pollastrini
Tan,Teresa,22760364,Teresa.Tan
Cranney,David,22763358,David.Cranney
Lever,Melissa,22759826,Melissa.Lever
Prasad,Vaseetal,22763613,Vaseetal.Prasad
Segi,Noelle,22759829,Noelle.Segi
Donnellan,Harley,22763948,Harley.Donnellan
Nakashima,Toshihiro,22759894,Toshihiro.Nakashima
Sun,Jing,22762122,Jing.Sun
Smith,Elizabeth,22764588,Elizabeth.Smith
Dutta,Suman,22766011,Suman.Dutta
Pradhan,Kamalakanta,22764679,Kamalakanta.Pradhan
Rolfe,Liadan,22766077,Liadan.Rolfe
Hossain,Raju,22766271,Raju.Hossain
Summer,Jonathan,22766078,Jonathan.Summer
McGuire,Marsha,22766565,Marsha.McGuire
Luu,Derek,22760288,Derek.Luu
Antebi,Helen,22765923,Helen.Antebi
Szabo,Stephanie,22766128,Stephanie.Szabo
Chiesa,Alice,22760646,Alice.Chiesa
Cameron,Natalie,22766768,Natalie.Cameron
virtue,rhonda,22766802,rhonda.virtue
Bozzo,Matthew,22766277,Matthew.Bozzo
Deka,Parsha,22767098,Parsha.Deka
Ngo,Si,22766370,Si.Ngo
Arscott,Catherine,22761208,Catherine.Arscott
Kumari,Niti,22767496,Niti.Kumari
Mastyla,Emma,22761561,Emma.Mastyla
Tine,Jacqueline,22767143,Jacqueline.Tine
Nguyen,Son,22767371,Son.Nguyen
Noble,Melanie,22762121,Melanie.Noble
Richardson,Lara,22767679,Lara.Richardson
Andreadis,Alex,22766925,Alex.Andreadis
Mellon,Breanna,22759900,Breanna.Mellon
Khare,Vimal,22766434,Vimal.Khare
Nguyen,Angela,22760365,Angela.Nguyen
Brennan,Kate,22766494,Kate.Brennan
Cherry,Anne,22761037,Anne.Cherry
Muddukrishna,Kiran,22763149,Kiran.Muddukrishna
Wong,William,22763340,William.Wong
Naik,Ashish,22761560,Ashish.Naik
Casey,Mark,22763634,Mark.Casey
Varone,Raylene,22763388,Raylene.Varone
Lu,Maryanne,22764156,Maryanne.Lu
Trifiletti,Bernadette,22764931,Bernadette.Trifiletti
Bruell,Ezra,22765482,Ezra.Bruell
McKinnon,Kyle,22766208,Kyle.McKinnon
Rupasinghe,Don,22763816,Don.Rupasinghe
Mann,Craig,22766598,Craig.Mann
Tambourine,Neil,22764302,Neil.Tambourine
Smith,Cynthia,22764961,Cynthia.Smith
Botros,Nelly,22764520,Nelly.Botros
Taberner,Megan,22764570,Megan.Taberner
Noori,Saif,22761418,Saif.Noori
Kim,Jin-O,22763046,JinO.Kim
Kennedy,Michele,22765854,Michele.Kennedy
Kornovich,Kristopher,22764587,Kristopher.Kornovich
Cunningham,Kieran,22764628,Kieran.Cunningham
Pollastrini,Jason,22760182,Jason.Pollastrini
Vicig,Michael,22764676,Michael.Vicig
Goss,Kevin,22760645,Kevin.Goss
Back,Michael,22764840,Michael.Back
louzao,Javier,22764910,Javier.louzao
Lee,Gregory,22765935,Gregory.Lee
Duri,Denis,22763330,Denis.Duri
Kohli,Manpreet,22692224,Manpreet.Kohli
Subasinghe,Rochani,22766108,Rochani.Subasinghe
Gray,Alex,22763416,Alex.Gray
Trinh,William,22764408,William.Trinh
Haszard,Catherine,22765037,Catherine.Haszard
Naicker,Yotheeya,22765108,Yotheeya.Naicker
Wright,Julie-Anne,22765474,JulieAnne.Wright
Osmond,Catherine,22766355,Catherine.Osmond
Singla,Gaurav,22766646,Gaurav.Singla
Stewart,James,22762141,James.Stewart
Dayananda,Thotapitiya Arachchilage Kivindra Eranga,22767393,ThotapitiyaArachchilageKivindraEranga.Dayananda
Wyatt,Lyal,22767499,Lyal.Wyatt
Akau,Sione,22761186,Sione.Akau
Windley,Jade,22766725,Jade.Windley
Ikkurthi,Nammaiah,22767497,Nammaiah.Ikkurthi
Fu,Yu,22767470,Yu.Fu
Bowen,Jonathan,22761157,Jonathan.Bowen
Kazi,Nusrat,22762183,Nusrat.Kazi
Woodland,Monique,22762388,Monique.Woodland
Wickett,Bronwyn,22763072,Bronwyn.Wickett
Miles,Joseph,22763757,Joseph.Miles
Vernino,Leeanne,22763828,Leeanne.Vernino
Mannering,Nita,22764328,Nita.Mannering
Sim,Ser Ling,22759806,SerLing.Sim
Logie,Gemma,22764420,Gemma.Logie
McNeil,Trisha,22759854,Trisha.McNeil
Kan,Lai Kuen,22759921,LaiKuen.Kan
Graves,Brett,22764873,Brett.Graves
Murphy,Kerry,22760278,Kerry.Murphy
Cheng,Rowena,22761552,Rowena.Cheng
Lu,Robert,22765460,Robert.Lu
Wong,Melanie,22761636,Melanie.Wong
Costanzo,Marco,22765493,Marco.Costanzo
Corrigan,Liz,22760647,Liz.Corrigan
Reynolds,Christine,22765677,Christine.Reynolds
Ly,Mandy,22762220,Mandy.Ly
McDonald,Michelle,22761207,Michelle.McDonald
Hornsby,Nathan,22765749,Nathan.Hornsby
Prinsloo,Johan,22763069,Johan.Prinsloo
Downes,Cheryl,22767121,Cheryl.Downes
Ross,James,22761744,James.Ross
Gurney,Siobhan,22763731,Siobhan.Gurney
Tsangidis,Zoran,22762181,Zoran.Tsangidis
Abdelmalek,Mirna,22763735,Mirna.Abdelmalek
Hu,Tianyin,22763978,Tianyin.Hu
Han,Yu,22762477,Yu.Han
Yong,Mei-Lin,22763756,MeiLin.Yong
Ham,Melissa,22763126,Melissa.Ham
Paoli,Aida,22763804,Aida.Paoli
Gao,Linda,22764392,Linda.Gao
Monte,Joshua,22764358,Joshua.Monte
MacDonald,Craig,22763433,Craig.MacDonald
Reynolds,Megan,22764295,Megan.Reynolds
Crawford,Roslyn,22763862,Roslyn.Crawford
Tjio,Rena,22763328,Rena.Tjio
Karamballi,Vijayalaxmi,22763841,Vijayalaxmi.Karamballi
Salvana,Robert,22764327,Robert.Salvana
Yong,Aaron,22764537,Aaron.Yong
Dona,Dulmini,22765463,Dulmini.Dona
Shelar,Nitin,22763357,Nitin.Shelar
Lian,Louis,22763983,Louis.Lian
Taylor,Joshua,22764518,Joshua.Taylor
Saldanha,Aaron,22765752,Aaron.Saldanha
Sparks,Ron,22763461,Ron.Sparks
Clover,Lainie,22765106,Lainie.Clover
Mehic,Sabina,22764591,Sabina.Mehic
Nagpal,Sunny,22765943,Sunny.Nagpal
Seal,Samrat,22766058,Samrat.Seal
Blackman,Bruce,22765039,Bruce.Blackman
Ashton,John,22765015,John.Ashton
Walker,Matt,22763567,Matt.Walker
Brown,Tamara,22765753,Tamara.Brown
Hughes,Michael,22764707,Michael.Hughes
Milheiro,Joao,22765054,Joao.Milheiro
Ford,Timothy,22765114,Timothy.Ford
Rakiposki,Zarifka,22766207,Zarifka.Rakiposki
Ramalingam,Bharath,22766745,Bharath.Ramalingam
Tan,Venetia,22763802,Venetia.Tan
Donnelly,Jim,22765828,Jim.Donnelly
Gauci,Stefanie,22765110,Stefanie.Gauci
Kandel,Suman,22766362,Suman.Kandel
Flowers,Stuart,22765223,Stuart.Flowers
Wilson,Andy,22763988,Andy.Wilson
Jones,Ryan,22766490,Ryan.Jones
Campbell,Duncan,22767135,Duncan.Campbell
Talbot,Stevie,22766878,Stevie.Talbot
Mora,Natalie,22766394,Natalie.Mora
Kaur,Amandeep,22765646,Amandeep.Kaur
Hussain,Kashif,22766083,Kashif.Hussain
Boyd,Aaron,22767299,Aaron.Boyd
Edwards,Veronika,22766525,Veronika.Edwards
Musiov,David,22766337,David.Musiov
Choi,Amy,22766811,Amy.Choi
Dinh,Tony,22764411,Tony.Dinh
Yung,Chee Loong,22766488,CheeLoong.Yung
Avdija,Stephanie,22764642,Stephanie.Avdija
Zombolas,David,22766816,David.Zombolas
Jesudason,Rohan,22760440,Rohan.Jesudason
Suhail K M,Ameen,22767151,Ameen.SuhailKM
McGuire,Ken,22766553,Ken.McGuire
Shee,Ronan,22766975,Ronan.Shee
Hejtmanek,James,22767759,James.Hejtmanek
Dymond,Jesse,22766625,Jesse.Dymond
Connellan,Jacqueline,22767131,Jacqueline.Connellan
Nguyen,Ambrose,22766742,Ambrose.Nguyen
Jenkins,Jacqueline,22767255,Jacqueline.Jenkins
Pandey,Anamika,22766740,Anamika.Pandey
Venter,Christell,22765465,Christell.Venter
Taylor,Cyndi,22767014,Cyndi.Taylor
Vanegas,Alejandra,22767214,Alejandra.Vanegas
Bouquet,Evan,22765878,Evan.Bouquet
Davenport,Tara,22761669,Tara.Davenport
Smith,Amy,22764745,Amy.Smith
Sturmey,Damon,22761950,Damon.Sturmey
Whitehouse,Mia,22765650,Mia.Whitehouse
Tascioglu,Faruk,22766840,Faruk.Tascioglu
Golestan-Nejad,Babak,22760284,Babak.GolestanNejad
Adam,Cameron,22766873,Cameron.Adam
Sridhar,Jagadeeswari,22767609,Jagadeeswari.Sridhar
Wan,Kevin,22760762,Kevin.Wan
Perryman,Anthony,22762908,Anthony.Perryman
Puri,Anu,22760383,Anu.Puri
Gacuma,Napoleon,22761692,Napoleon.Gacuma
Cleary,Thomas,22764103,Thomas.Cleary
Drew,Robert,22760573,Robert.Drew
Minards,James,22764308,James.Minards
Latocha,Stephen,22762878,Stephen.Latocha
Fu,Kit Ming,22764725,KitMing.Fu
Natoli,Liarna,22763689,Liarna.Natoli
Fanny,Fanny,22764834,Fanny.Fanny
Shaheen,Owais,22764104,Owais.Shaheen
Fa'atoese,Junior,22764196,Junior.Faatoese
Gupta,Megha,22764871,Megha.Gupta
Hanley,James,22761598,James.Hanley
Horner,Ian,22761355,Ian.Horner
Daley,Naomi,22764243,Naomi.Daley
Nguyen,Trung,22764932,Trung.Nguyen
Finn,Nicola,22763102,Nicola.Finn
Blincoe,Glenis,22764839,Glenis.Blincoe
Ozols,Adam,22762233,Adam.Ozols
Taher,Khaled,22765495,Khaled.Taher
Mccauley,Kerri,22763183,Kerri.Mccauley
Fitzgerald,Jessica,22765853,Jessica.Fitzgerald
Ritchie,Deanne,22761581,Deanne.Ritchie
Barlow,Paul,22763386,Paul.Barlow
Maragos,Kelly,22765871,Kelly.Maragos
Herath,Ashinee,22763387,Ashinee.Herath
Srivastava,Sheenal,22762763,Sheenal.Srivastava
Chillari,John,22764314,John.Chillari
de Melo,Andre,22763885,Andre.deMelo
Laden,Shawna,22763635,Shawna.Laden
Holwerda,Andre,22761906,Andre.Holwerda
Deng,Ziwei,22764475,Ziwei.Deng
Bennie,Michelle,22760644,Michelle.Bennie
Young,Luke,22763897,Luke.Young
Mohammad,Ali,22762025,Ali.Mohammad
Arora,Amit,22764930,Amit.Arora
Newbold,Tim,22764292,Tim.Newbold
Willoughby,Lauren,22761685,Lauren.Willoughby
Sharma,Shveta,22763043,Shveta.Sharma
Stevenson,Natasha,22764595,Natasha.Stevenson
Raslan,Maha,22764477,Maha.Raslan
Rubins,Andrew,22763467,Andrew.Rubins
Malvestuto,Maria,22765163,Maria.Malvestuto
Cho,Catherine,22762514,Catherine.Cho
Deegan,Ciara,22763580,Ciara.Deegan
Li,Michael,22764640,Michael.Li
Michaelidis,Tabitha,22763790,Tabitha.Michaelidis
Morgan,Jonathan,22763441,Jonathan.Morgan
Bejenariu,John,22765448,John.Bejenariu
Sekhar Dey,Niladri,22765449,Niladri.SekharDey
Kelly,Richard,22764312,Richard.Kelly
Robinson,Nicole,22763480,Nicole.Robinson
Barrett,Madison,22765095,Madison.Barrett
Cassar,Stephanie,22766196,Stephanie.Cassar
Mendez,Alistair,22763505,Alistair.Mendez
Mam,Kerven,22766193,Kerven.Mam
Prasad,Rajeev,22765501,Rajeev.Prasad
Pap,Paul,22763904,Paul.Pap
Samadhia,Anju,22766563,Anju.Samadhia
Riches,Shannon,22766473,Shannon.Riches
Booth,Rowan,22766766,Rowan.Booth
McDonald,Matt,22765089,Matt.McDonald
San Miguel,Eriza,22766481,Eriza.SanMiguel
Wilson,Donna,22764639,Donna.Wilson
Imbesi,Stephen,22766826,Stephen.Imbesi
Werrin,Hannah,22766886,Hannah.Werrin
Le,Tram,22765681,Tram.Le
Bourdot-Clayton,Fiona,22764663,Fiona.BourdotClayton
Terentev,Max,22767363,Max.Terentev
Nanson,Alison,22766003,Alison.Nanson
Sturt,Adrien,22766950,Adrien.Sturt
Shankar,Sandeep,22767153,Sandeep.Shankar
Stephen,Kim,22764883,Kim.Stephen
Luong,Kit,22767541,Kit.Luong
Ioannou,Pauline,22766558,Pauline.Ioannou
Louie,Virginia,22766982,Virginia.Louie
Ryman,Glen,22760755,Glen.Ryman
Tjanterik,Irwan,22766643,Irwan.Tjanterik
Mohapatra,Siddharth,22767150,Siddharth.Mohapatra
Chaidemenakis,George,22765658,George.Chaidemenakis
Chan,Anthony,22761031,Anthony.Chan
Sadek,Erini,22767216,Erini.Sadek
Browne,Amy,22765687,Amy.Browne
Vithanagama,Sanjaya,22766976,Sanjaya.Vithanagama
Bishop,Wesley,22767311,Wesley.Bishop
Waldon,Trent,22761849,Trent.Waldon
Pickwell,Clint,22759671,Clint.Pickwell
Pereira-Smith,Matt,22759823,Matt.PereiraSmith
Dixon,Peter,22760367,Peter.Dixon
Jardim,Yolandi,22762893,Yolandi.Jardim
Barakat,Jackline,22760877,Jackline.Barakat
Kanaparthy,Sridhar,22763852,Sridhar.Kanaparthy
Miller,Wade,22764194,Wade.Miller
Taylor,Marama,22763101,Marama.Taylor
Kohn,Anabela,22764200,Anabela.Kohn
Kyaw,Michael,22762945,Michael.Kyaw
Hughes,Nadine,22763465,Nadine.Hughes
Laya,Joseph,22762004,Joseph.Laya
Davis,William,22762876,William.Davis
Gibson,Genevieve,22763682,Genevieve.Gibson
Burgin,Christian,22763909,Christian.Burgin
Mitchell,Elliott,22764072,Elliott.Mitchell
Hockey,Catherine,28000613,Catherine.Hockey
Repolusk,Daniel,28105817,Daniel.Repolusk
Leon-Navarro,Ruth,28079013,Ruth.LeonNavarro
Mein,Kate,22744312,Kate.Mein
Bruce,Gary,28078494,Gary.Bruce
Sukovski,Mirjana,28105713,Mirjana.Sukovski
De Souza,Eleanor,28078909,Eleanor.DeSouza
Di Santo,Maria,22696338,Maria.DiSanto
De jesus,Lidia,22746994,Lidia.Dejesus
Byrne,Rohan,21122025,Rohan.Byrne
Williams,Anthony,28078920,Anthony.Williams
Sheehan,Charlotte,28105828,Charlotte.Sheehan
Howes,Timothy,28078929,Timothy.Howes
Baker,Joanne,22747187,Joanne.Baker
Moon,Joanne,22663385,Joanne.Moon
Tomisich,Abigail,22696772,Abigail.Tomisich
Di Benedetto,Melina,28000465,Melina.DiBenedetto
Acikgoz,Mine,28078974,Mine.Acikgoz
Burg,Sarah,22663382,Sarah.Burg
Roscoe,Chad,28102971,Chad.Roscoe
Luong,Lyly,22701894,Lyly.Luong
Chowdhury,Asif,22670215,Asif.Chowdhury
Henttinen,Antoinette,28077830,Antoinette.Henttinen
Carmichael,Brendan,28102924,Brendan.Carmichael
Eckersall,Natalie,22695146,Natalie.Eckersall
Mondous,Hanna,22703519,Hanna.Mondous
Liu,Yu,22748670,Yu.Liu
Troitsin,Megan,28103870,Megan.Troitsin
Lee,Veronica,22722873,Veronica.Lee
Gardiner,Lyndon,28079054,Lyndon.Gardiner
Barker,Christopher,22690974,Christopher.Barker
Hingert,Jessica,22695156,Jessica.Hingert
Karson,Susan,22646662,Susan.Karson
Liu,Emma,22751330,Emma.Liu
Sharp,Elise,22695367,Elise.Sharp
Marshall,Kathryn,28078798,Kathryn.Marshall
Banyai,Sally,28104176,Sally.Banyai
Nguyen,Nga,28085598,Nga.Nguyen
Susi,Vivian,22661237,Vivian.Susi
Sebastian,Louie,22731082,Louie.Sebastian
Oliver,Michael,28102720,Michael.Oliver
Garwood,Kathrine,28078927,Kathrine.Garwood
Dibenedetto,Nola,28104445,Nola.Dibenedetto
Jayaweera,Sashi,22717582,Sashi.Jayaweera
Kuramochi,Yuichi,22754413,Yuichi.Kuramochi
Lozano,Sandy,28102804,Sandy.Lozano
Cowley,Bronwyn,22691115,Bronwyn.Cowley
Pal,Marylene,28000347,Marylene.Pal
Yoseline,Ruth,28104513,Ruth.Yoseline
Van Der Linde,Tracey,22720931,Tracey.VanDerLinde
Shipway,Karina,28078446,Karina.Shipway
Haley,Yasmin,22735166,Yasmin.Haley
Kim,Hyo,22755196,Hyo.Kim
Hill,Bronwyn,22692342,Bronwyn.Hill
Honawar,Jasmine,28104946,Jasmine.Honawar
Trang,My Kieu,22739479,MyKieu.Trang
Fitzsimons,Matthew,21475851,Matthew.Fitzsimons
Arias,Clarissa,28000406,Clarissa.Arias
Burnett,John,22695003,John.Burnett
Pham,Paul,22737532,Paul.Pham
Flatman,Sarah,28078721,Sarah.Flatman
Murray,Derek,22654691,Derek.Murray
Habib,Ali,22755541,Ali.Habib
Spero,Jordan,22646003,Jordan.Spero
Manns,Danielle,28078801,Danielle.Manns
Shore,Kathryn,22695102,Kathryn.Shore
Tan,Soo Ho,22738539,SooHo.Tan
Smith,Harriet,22751694,Harriet.Smith
Parker,Trudy,22756616,Trudy.Parker
Mondous,Nella,22695104,Nella.Mondous
Barratt,Tom,28104446,Tom.Barratt
Nadesan,Premananthan,22662064,Premananthan.Nadesan
Yu,Yinghua,22741609,Yinghua.Yu
Kockaya,Hasan,22752588,Hasan.Kockaya
Booth,Jarrad,22665068,Jarrad.Booth
Williams,Jason,22696181,Jason.Williams
Thornton,Courtney,22673651,Courtney.Thornton
Sellathurai,Anuraada,22661211,Anuraada.Sellathurai
Ruggeri,Guillermo,22758941,Guillermo.Ruggeri
Munro,Steven,22675920,Steven.Munro
Edwards,Maxine,22752597,Maxine.Edwards
Rapose,Gillian,22677732,Gillian.Rapose
Nguyen,Thanh,22680083,Thanh.Nguyen
Hewamasmulla,Shashika,22754660,Shashika.Hewamasmulla
Jokic,Gordana,22759082,Gordana.Jokic
Wailes,Amanda,22698718,Amanda.Wailes
Hewitt,Daniel,22685969,Daniel.Hewitt
Chu,Raymond,22745364,Raymond.Chu
Ojaimi,Charles,22689468,Charles.Ojaimi
Kennedy,Stephanie,22756043,Stephanie.Kennedy
Sheehan,Peter,22699610,Peter.Sheehan
Boyle,Brendan,22695128,Brendan.Boyle
Wisnu,Nina,22757410,Nina.Wisnu
Turl,Tanya,22692682,Tanya.Turl
Ellery,Sarah,22695328,Sarah.Ellery
Martinez,Albert,22681659,Albert.Martinez
Simonetti,Stacey,22694076,Stacey.Simonetti
Saunders,BeThi,22745059,BeThi.Saunders
Dhakan,Devang,22704595,Devang.Dhakan
Perkins,Margery,22697070,Margery.Perkins
Ashby,Luke,22686213,Luke.Ashby
Latimore,Andrew,22749969,Andrew.Latimore
Ichikawa,Hiroyuki,22754410,Hiroyuki.Ichikawa
Orchard,Jarrod,22757931,Jarrod.Orchard
Farago,Kristina,22709043,Kristina.Farago
Samson,Esther,22695127,Esther.Samson
Coulson,Darren,22692051,Darren.Coulson
Bekele,Samrawit,22709188,Samrawit.Bekele
Bourke,Daryl,22695166,Daryl.Bourke
Simos,Manolia,22692841,Manolia.Simos
Catalucci,Stephanie,22714258,Stephanie.Catalucci
Moore,Bernard,22711645,Bernard.Moore
Agudera,Johanna,22757854,Johanna.Agudera
O'callahan,Siobhan,22751652,Siobhan.Ocallahan
Bailey,Mark,22696182,Mark.Bailey
Jaiswal,Radhika,22764223,Radhika.Jaiswal
Loo,Andrew,22694673,Andrew.Loo
Taylor,Cassandra,22711853,Cassandra.Taylor
Mehta,Prajakta,22752591,Prajakta.Mehta
Draper,Robert,22698571,Robert.Draper
Thomas,Ian,22737422,Ian.Thomas
Trousselot,Navarre,22730955,Navarre.Trousselot
Haden,Lisa,22742290,Lisa.Haden
McLaughlin,Angela,22703807,Angela.McLaughlin
Gough,Colin,22742106,Colin.Gough
Rippon,David,22741135,David.Rippon
Conroy,Dana,22733372,Dana.Conroy
Hon,Jeff,22745113,Jeff.Hon
Phillips,Lauren,22750052,Lauren.Phillips
Lam,Kenny,22717024,Kenny.Lam
Ives,Morgan,22749130,Morgan.Ives
Hurley,Eilis,22714160,Eilis.Hurley
Augustine,Ashleigh,22755899,Ashleigh.Augustine
Mackie,Lachlan,22750685,Lachlan.Mackie
Gorra,Adrienne,22752042,Adrienne.Gorra
Murch,Stacey,22714381,Stacey.Murch
Walker,Avara,22756039,Avara.Walker
Giammarco,Monique,22717739,Monique.Giammarco
Darr,Sarah,22749547,Sarah.Darr
Asokan,Sivaprakash,22734131,Sivaprakash.Asokan
Toumngeun,Chitpasong,22752599,Chitpasong.Toumngeun
Nguyen,Diem,22722404,Diem.Nguyen
Easton,Jessica,22751479,Jessica.Easton
Carpenter,Toni,22756045,Toni.Carpenter
de Sousa,Shazmeen,22754991,Shazmeen.deSousa
Huntington,Jacqui,22720340,Jacqui.Huntington
Addamo,Joseph,22696193,Joseph.Addamo
Pelgrave,Molly,22751655,Molly.Pelgrave
Lohanda,Florence,22730160,Florence.Lohanda
Kuan,Claire,22756442,Claire.Kuan
Kim,Apollo,22753461,Apollo.Kim
Doughty,Shane,22753691,Shane.Doughty
Andrews,Caroline,22696218,Caroline.Andrews
Gorvin,Andrew,22755453,Andrew.Gorvin
Gao,Zijian,22723787,Zijian.Gao
Kant,Jasmeet,22756673,Jasmeet.Kant
Williams,Max,22753546,Max.Williams
Devlin,Corey,22731345,Corey.Devlin
Sheridan,Jason,22697066,Jason.Sheridan
Bambry,Natalie,22751826,Natalie.Bambry
Archer,Nathan,22756155,Nathan.Archer
Purcell,Ray,22695428,Ray.Purcell
Zemski,Leigh,22757555,Leigh.Zemski
Stewart,Scott,22755639,Scott.Stewart
Du,Chen,22755106,Chen.Du
Congdon,Sarah,22699782,Sarah.Congdon
Terefe,Saba,22695250,Saba.Terefe
Shen,MingLing,22696092,MingLing.Shen
Yousry,Yaser,22757390,Yaser.Yousry
Luka,Barbara,22755778,Barbara.Luka
Memon,Hassaan,22757932,Hassaan.Memon
Xanthos,John,22701563,John.Xanthos
Howes,Narelle,22706768,Narelle.Howes
Miller,Aimee,22757735,Aimee.Miller
Perera,Sagara,22696767,Sagara.Perera
Lang,Matthew,22757848,Matthew.Lang
Wang,Dongyang,22760115,Dongyang.Wang
Markou,Sarah,22698194,Sarah.Markou
Subramaniam,Nithiya,22756237,Nithiya.Subramaniam
Ralph,Rowena,22701921,Rowena.Ralph
Ku,Oliver,22760487,Oliver.Ku
Koskela,Hanna,22760757,Hanna.Koskela
Benberu,Shaveen,22759333,Shaveen.Benberu
Bhan,Indrakshi,22716544,Indrakshi.Bhan
Liu,Jianling,22701553,Jianling.Liu
Cornish,Andrew,22759357,Andrew.Cornish
Gorelik,Boris,22761625,Boris.Gorelik
Barbagallo,Concetta,22713641,Concetta.Barbagallo
Reyes,Micah,22757937,Micah.Reyes
Cameron,James,22760287,James.Cameron
Di Paola,Joshua,22721093,Joshua.DiPaola
Fuoco,Jason,22725633,Jason.Fuoco
Wong,Keillan,22760484,Keillan.Wong
Cassidy,Therese,22762130,Therese.Cassidy
Conway,Alison,22724774,Alison.Conway
Silva,Ranjeewa,22760524,Ranjeewa.Silva
Bhattacharya,Moushree,22725300,Moushree.Bhattacharya
Ferreira,Brandon,22762482,Brandon.Ferreira
Fekete,Szilvia,22760723,Szilvia.Fekete
Sheng,Yihang,22762513,Yihang.Sheng
ODonnell,Chris,22762144,Chris.ODonnell
Rosel,Henry,22762558,Henry.Rosel
Mahanga,Tassi-mae,22724775,Tassimae.Mahanga
O'Connell,Niamh,22728373,Niamh.OConnell
Idroos,Nizar,22762751,Nizar.Idroos
Sahlstrom,Elliot,22761676,Elliot.Sahlstrom
Mai,Long,22741805,Long.Mai
Elliott,Vivianne,22725577,Vivianne.Elliott
Jones,Nicholas,22762251,Nicholas.Jones
Borra,Sowjanya,22762509,Sowjanya.Borra
Walsh,Jason,22729357,Jason.Walsh
Furlan,Marjorie,22762407,Marjorie.Furlan
Lavender,Samuel,22671063,Samuel.Lavender
Sasihithlu,Savita,22763331,Savita.Sasihithlu
Foley,Cara,22699651,Cara.Foley
Matijas,Bernadette,22734160,Bernadette.Matijas
Bullion,Wendy,22652422,Wendy.Bullion
Ross,Nicholas,22766614,Nicholas.Ross
Hartnell,Gregor,22738424,Gregor.Hartnell
Ross,Joseph,22753237,Joseph.Ross
Crivelli,Kristy,22696174,Kristy.Crivelli
Rajapakse,Day,22686210,Day.Rajapakse
Carbert,Geoff,22738188,Geoff.Carbert
Russell,Richard,22666978,Richard.Russell
Dang,Michael,22675086,Michael.Dang
Kennedy,Catherine,22695136,Catherine.Kennedy
Resch,Anton,22739714,Anton.Resch
Molnar,Nicholas,22690808,Nicholas.Molnar
Doulkeridis,Christine,22708277,Christine.Doulkeridis
Dickins,Robert,28000495,Robert.Dickins
Willis-Davis,Wayne,22741887,Wayne.WillisDavis
Wilson,Deborah,22695546,Deborah.Wilson
Lacey,Lisa,22679732,Lisa.Lacey
Tobin,Michael,22701408,Michael.Tobin
Dresner,Liza,22743672,Liza.Dresner
Faglioni,Joan Sybil,28071701,JoanSybil.Faglioni
Haddad,Jessica,22697958,Jessica.Haddad
Huang,Hunter,22740261,Hunter.Huang
McLean,Hayden,22725784,Hayden.McLean
Gough,Peter,22748436,Peter.Gough
Rossiter,Natalia,28102081,Natalia.Rossiter
Nunan,Jennifer,22687443,Jennifer.Nunan
Levy,Daniel,22698251,Daniel.Levy
Bradford,Andrew,22740501,Andrew.Bradford
Kirby,Julie,22729420,Julie.Kirby
Montealegre,Mark,22708893,Mark.Montealegre
Sebestyen,Carly,22749712,Carly.Sebestyen
Santo,Luigi,28104091,Luigi.Santo
McDonald,Mary,22692612,Mary.McDonald
Duke,Daniel,22743188,Daniel.Duke
Robinson,Fiona,22733986,Fiona.Robinson
Barnes,Peter,22694315,Peter.Barnes
Khan,Nushrat,22715250,Nushrat.Khan
Gough,Murray,22648835,Murray.Gough
Adams,Noel,22734547,Noel.Adams
Bui,Daniel,22745004,Daniel.Bui
Eades,Brenden,22694517,Brenden.Eades
Tunha,Elizabeth,22739475,Elizabeth.Tunha
Jacob,Teena,22755464,Teena.Jacob
Bolton,Laura,22726433,Laura.Bolton
Makin,Marcus,22648935,Marcus.Makin
Carabella,Adrian,22745349,Adrian.Carabella
Falconer,Brendan,22756615,Brendan.Falconer
Brown,Diana,22740008,Diana.Brown
Heyhoe,Melissa,22727441,Melissa.Heyhoe
Kirby,Michelle,22695986,Michelle.Kirby
Vuu,Khanh Hong,22650943,KhanhHong.Vuu
Peng,James,22760483,James.Peng
Go,Jerah,22757017,Jerah.Go
Jorgensen,Terri,22747503,Terri.Jorgensen
Lehrer,Candice,22728621,Candice.Lehrer
Paraskevopoulos,Diasona,22696277,Diasona.Paraskevopoulos
Paningbatan,Oethellebert,22749707,Oethellebert.Paningbatan
Tan,Seow,22757117,Seow.Tan
De Boucherville,Marie,22747797,Marie.DeBoucherville
Dixon,Lucy,22733988,Lucy.Dixon
Gulamali,Suraiya,22652436,Suraiya.Gulamali
Wookey,Emma,22761501,Emma.Wookey
Kennedy,Sarah,22750283,Sarah.Kennedy
Stoel,Lianda,22749129,Lianda.Stoel
Choy,Leo,22757197,Leo.Choy
Pegg,Rebecca,22761799,Rebecca.Pegg
Gifkins,Nathan,22734974,Nathan.Gifkins
Dimitriou,Kos,22659841,Kos.Dimitriou
To,Hai,22698878,Hai.To
Cohen,Dawn,22752194,Dawn.Cohen
Cairns,Timothy,22700571,Timothy.Cairns
Tan,Kenneth,22753832,Kenneth.Tan
Phung,Billy,22757739,Billy.Phung
Farhat,Fatema,22666607,Fatema.Farhat
Randhawa,Iqbal,22758856,Iqbal.Randhawa
Mackinnon,Simon,22751354,Simon.Mackinnon
Pham,Tonia,22757943,Tonia.Pham
Johnstone,Benjamin,22762870,Benjamin.Johnstone
Crawford,Cameron,22708517,Cameron.Crawford
Watkins,Marcus,22753584,Marcus.Watkins
Kapsimalis,Aygarinos,22666985,Aygarinos.Kapsimalis
Axelson,Claire,22756971,Claire.Axelson
Ramsey,Paula,22758749,Paula.Ramsey
Bennetts,David,22758343,David.Bennetts
Tan,Karen,22763886,Karen.Tan
Vasey,Louise-Marie,21233048,LouiseMarie.Vasey
Welsh,Mark,22669652,Mark.Welsh
Pizzo,Daniel,22756040,Daniel.Pizzo
Chin,Wee Keat,22758925,WeeKeat.Chin
Chan,Sun,22675053,Sun.Chan
Adan,Edwin,22651423,Edwin.Adan
Munro,Dinah,22759581,Dinah.Munro
Learmonth,Erin,22764869,Erin.Learmonth
Seth,Neha,22756674,Neha.Seth
Orr,Cameron,22764964,Cameron.Orr
Padaria,Jalpa,22759827,Jalpa.Padaria
MacColl,Corri,22656918,Corri.MacColl
Watt,Adam,22724835,Adam.Watt
Arnold,Michael,22757093,Michael.Arnold
Shannon,Roberta,22724838,Roberta.Shannon
Tallapaneni,Silpa,22764220,Silpa.Tallapaneni
Freier,Tina,22648967,Tina.Freier
Jones,Catherine,22660582,Catherine.Jones
Patsouris,Debra,22696249,Debra.Patsouris
Sacco,David,22653125,David.Sacco
D'Onofrio,Rodolfo,22757678,Rodolfo.DOnofrio
Taylor,Cindy,22666273,Cindy.Taylor
Moyano,Natalia,22669251,Natalia.Moyano
Sinha,Monosij,22762506,Monosij.Sinha
Trebar,Vojko,22703210,Vojko.Trebar
Ide,Amanda,22728823,Amanda.Ide
Quinn,Chris,22677881,Chris.Quinn
Corsaletti,Daniel,22711811,Daniel.Corsaletti
Betikas,Pesa,28000411,Pesa.Betikas
Anastasopoulos,Popi,22733621,Popi.Anastasopoulos
Selvaratnam,Vijayan,22763389,Vijayan.Selvaratnam
Mucio,Karlo,22654016,Karlo.Mucio
Ardhy,Thomas,22682762,Thomas.Ardhy
Triantafyllou,Phillip,22713441,Phillip.Triantafyllou
De Friee,Kourtney,22676756,Kourtney.DeFriee
Pelc,Siobhan,22674839,Siobhan.Pelc
Su,De Hong,22663472,DeHong.Su
Wu,Hua,22683007,Hua.Wu
Ignacio,Brian,22764225,Brian.Ignacio
Siannos,Phillip,22718218,Phillip.Siannos
Wijoyo,Trijana,22652062,Trijana.Wijoyo
Ong,Christopher,22688564,Christopher.Ong
Bassily,Ramy,22677913,Ramy.Bassily
Kelly,Dion,22695124,Dion.Kelly
Rutherfurd,Andrew,22686667,Andrew.Rutherfurd
Ijaz,Nadeya,22764177,Nadeya.Ijaz
Lau,Karen,22682987,Karen.Lau
Walton,Cassandra,22721835,Cassandra.Walton
MacTiernan,Anthea,22764914,Anthea.MacTiernan
Harris,Mark,22679557,Mark.Harris
Boyd,Melissa,22676835,Melissa.Boyd
Victuelles,Anna,22695155,Anna.Victuelles
Thornton,Lisa,22712080,Lisa.Thornton
Young,Brett,22724508,Brett.Young
Beer,Lani,22687271,Lani.Beer
Perlic,Ellen,22683575,Ellen.Perlic
Manetta,Nicholas,22695605,Nicholas.Manetta
Blake,Caroline,22684638,Caroline.Blake
Lin,Yu,22686611,Yu.Lin
Holla,Priyanka,22713995,Priyanka.Holla
Italia,Laura,22696214,Laura.Italia
Dent,Simon,22689646,Simon.Dent
Makris,Catherine,22724551,Catherine.Makris
Nelson,Mike,22697073,Mike.Nelson
Mazurek,Anna,22689773,Anna.Mazurek
Wharton,Claire,22696227,Claire.Wharton
Pham,Minh,22688712,Minh.Pham
Lyons,Christopher,22685279,Christopher.Lyons
Nuutinen,David,22728536,David.Nuutinen
Paligora,Elizabeth,22733124,Elizabeth.Paligora
Roso,Timothy,22702365,Timothy.Roso
Logan,Adam,22690058,Adam.Logan
Ciechomski,Christine,22690775,Christine.Ciechomski
Rubic,Rachael,22735004,Rachael.Rubic
Sannachan,Thomas,22704283,Thomas.Sannachan
Venus,Matthew,22699592,Matthew.Venus
Mufti,Sucheta,22695133,Sucheta.Mufti
Menon,Tina,22691942,Tina.Menon
Nguyen,Dung Quoc,22705958,DungQuoc.Nguyen
Zhong,Shuang,22735105,Shuang.Zhong
Vagg,Elise,22704539,Elise.Vagg
Aldemir,Carla,22739732,Carla.Aldemir
Weston,Leanne,22692219,Leanne.Weston
Gurpinar,Emine,22695171,Emine.Gurpinar
Altiparmak,Betul,22751365,Betul.Altiparmak
Passarella,Alexander,22696246,Alexander.Passarella
Wijetunga,Haritha,22694054,Haritha.Wijetunga
Petersen,Stefan,22705970,Stefan.Petersen
Pugsley,Lauren,22692948,Lauren.Pugsley
Mene,Grace,22757734,Grace.Mene
Stelzer,Cherene,22735585,Cherene.Stelzer
Mucio,Keio,22715510,Keio.Mucio
Horsfall,Benjamin,22752291,Benjamin.Horsfall
Brown,Jennifer,22694989,Jennifer.Brown
Driver,Braden,22758194,Braden.Driver
Cai,Min Wei,22706830,MinWei.Cai
Xiao,Qun,22694637,Qun.Xiao
Tyers,Jonathan,22759006,Jonathan.Tyers
Liu,Kuang-Tao,22715532,KuangTao.Liu
Sood,Pranav,22713950,Pranav.Sood
Clements,Megan,22758240,Megan.Clements
Tomay,Albert,22696099,Albert.Tomay
Biddle,Rozanne,22755254,Rozanne.Biddle
Munro,Rodney,22695329,Rodney.Munro
Vu,Thanh,22724832,Thanh.Vu
Macqueen,Nicholas,22714769,Nicholas.Macqueen
Atic,Andrija,22755489,Andrija.Atic
Iap,Lalerek,22713968,Lalerek.Iap
Moore,Jonathan,22698561,Jonathan.Moore
Hawtin,Erin,22764150,Erin.Hawtin
Penfold,Dean,22757679,Dean.Penfold
Agustin,Camilla,22727440,Camilla.Agustin
Manda,Naveen,22699529,Naveen.Manda
Wilson,Alan,22722603,Alan.Wilson
Uzun,Hatice,22764157,Hatice.Uzun
Newth,Richard,22704559,Richard.Newth
Hughes,Kate,22715845,Kate.Hughes
Rosales,Rhodora,22704597,Rhodora.Rosales
Du,Jessica,22725407,Jessica.Du
Stewart,Jackie,22671848,Jackie.Stewart
Prado,Dennis,22662414,Dennis.Prado
Pettman,Wendy,22765093,Wendy.Pettman
McLeavy,Leah,22718820,Leah.McLeavy
Wilson,Taryn,22728965,Taryn.Wilson
Purdy,Gavan,22705287,Gavan.Purdy
Pham,Tuyen,22731973,Tuyen.Pham
De Wan,Mark,22685417,Mark.DeWan
Halim,Laura,22687105,Laura.Halim
Pipkorn,Amanda,22735565,Amanda.Pipkorn
Garland,Leisa,22719638,Leisa.Garland
Taylor,Meredith,22732532,Meredith.Taylor
Dolling,Kate,22722803,Kate.Dolling
D'arcy-Fox,Nick,22761477,Nick.DarcyFox
Triffett,Kaitlan,22766405,Kaitlan.Triffett
Papaspiros,Eleni,22697068,Eleni.Papaspiros
Boakye,Birago,22736064,Birago.Boakye
Kozic,Lidia,22729398,Lidia.Kozic
Topalova,Diana,22692947,Diana.Topalova
Biffen,Concetta,22733427,Concetta.Biffen
Bedada,Haweni,22720006,Haweni.Bedada
Nedelkovski,Maria,22699560,Maria.Nedelkovski
Mills,Karen,22686368,Karen.Mills
Hopa,Keegan,22706787,Keegan.Hopa
Underwood,John,22701865,John.Underwood
Lopez,Rubia,22737002,Rubia.Lopez
Yap,Cherry,22700022,Cherry.Yap
Abdul Aziz,Rizwan,22730944,Rizwan.AbdulAziz
Leng,Wayne,22686679,Wayne.Leng
Williams,Howard,22732531,Howard.Williams
Winter,Lyle,22686502,Lyle.Winter
White,Jessica,22737074,Jessica.White
Von Blomberg,Bianca,22708534,Bianca.VonBlomberg
Harris,Rebekah,22688010,Rebekah.Harris
Hazra,Saurav,22705767,Saurav.Hazra
Dunworth,Mia,22689109,Mia.Dunworth
Aurora,Karune,22713905,Karune.Aurora
Marsters,Deborah,22689209,Deborah.Marsters
Dharmalingam,Dhanaraja,22737837,Dhanaraja.Dharmalingam
Pye,Viera,22691290,Viera.Pye
Correlje,Andrew,22725555,Andrew.Correlje
Iannacone,Linda,22692134,Linda.Iannacone
Cunha,Jennifer,22741894,Jennifer.Cunha
Yu,Peggy,22695531,Peggy.Yu
Wicks,Megan,22687759,Megan.Wicks
Robinson,Forrest,22725775,Forrest.Robinson
Edwards,Elise,22693082,Elise.Edwards
Grant,Benjamin,22718606,Benjamin.Grant
Stoitsis,Gregory,22744460,Gregory.Stoitsis
Thomas,Anand,22695559,Anand.Thomas
Acebes,Oliver,22732028,Oliver.Acebes
Truong,Thao,22745396,Thao.Truong
Kateli,Aspi,22695098,Aspi.Kateli
Jones,Luke,22693935,Luke.Jones
Black,Gregory,22743624,Gregory.Black
McIntyre,Douglas,22745361,Douglas.McIntyre
Orton,Leigh,22695589,Leigh.Orton
Perich,Jayne,22738631,Jayne.Perich
Ford,Kelly,22692127,Kelly.Ford1
Wetzler,David,22695141,David.Wetzler
Buntoro,Vivi,22695115,Vivi.Buntoro
Alamaras,Anastasia,22767090,Anastasia.Alamaras
Bowes-Jensen,Peta,28000412,Peta.BowesJensen
Davis,Kate,22741710,Kate.Davis
Scott,Lucy,22692325,Lucy.Scott
Goldsmith,Vanessa,22696247,Vanessa.Goldsmith
Khov,Paul,22695379,Paul.Khov
D'Errico,Carmine,22696248,Carmine.DErrico
Stanley,Mark,22694086,Mark.Stanley
Cocheril,Marie,28000775,Marie.Cocheril
Gorman,Carol,22696161,Carol.Gorman
Bullion,Tracy,28076570,Tracy.Bullion
Santoso,Ali,22696298,Ali.Santoso
Lee,Michelle,22743235,Michelle.Lee
Hackett,David,22697326,David.Hackett
Shaw,Nicola,22695330,Nicola.Shaw
Oberg,Gary,22696341,Gary.Oberg
Wilcox,Melita,28071725,Melita.Wilcox
Stojcevska,Suzana,22696306,Suzana.Stojcevska
Denmeade,Michael,28078153,Michael.Denmeade
Cannuli,Robert,22745030,Robert.Cannuli
Fadel,Nicholas,22700854,Nicholas.Fadel
Deslongrais,Henri,22702244,Henri.Deslongrais
Gray,Braden,22702393,Braden.Gray
Kyle,Gemma,22707075,Gemma.Kyle
Ward,Sasha,28103116,Sasha.Ward
Dickson,Rebecca,28000420,Rebecca.Dickson
Grima,Andrew,22707126,Andrew.Grima
Evans,Tim,22711449,Tim.Evans
Taranto,Christine,22697918,Christine.Taranto
Burwood,Louise,22702854,Louise.Burwood
Codreanu,Silviu,28103058,Silviu.Codreanu
Jacombs,Philippa,28078886,Philippa.Jacombs
Gibbons,Tara,22680900,Tara.Gibbons
Crockett,Ally,22699713,Ally.Crockett
Ashe,Katherine,28103243,Katherine.Ashe
Williams,Megan,22705533,Megan.Williams
Logan,Craig,22713988,Craig.Logan
Cleve,Terry,22713449,Terry.Cleve
Geor,Sam,22692302,Sam.Geor
Stuart,Christopher,28102015,Christopher.Stuart
Staude,Rebecca,20761255,Rebecca.Staude
Teh,Miranda,22715796,Miranda.Teh
Woon,Wendy,22700437,Wendy.Woon
Lack,Stephanie,22707810,Stephanie.Lack
Jayaraman,Ravivarma,22715929,Ravivarma.Jayaraman
Bridges,Michael,22649369,Michael.Bridges
Sciberras,Brendan,22651518,Brendan.Sciberras
Labrooy,Joanna,28104169,Joanna.Labrooy
Xuereb,Natalie,22722019,Natalie.Xuereb
Perera,Sudheera,22722375,Sudheera.Perera
Chan,Eric,22703221,Eric.Chan
Rielly,Kelly,22655867,Kelly.Rielly
Cressy,Faryn,22747018,Faryn.Cressy
Radovic,Snezana,22727934,Snezana.Radovic
Howitt,Edward,22713120,Edward.Howitt
Canbolat,Nurcan,22656284,Nurcan.Canbolat
Wilson,Louise,22726674,Louise.Wilson
Cheung,Fiona,21291789,Fiona.Cheung
Kong,Sarah,22659960,Sarah.Kong
Khuu,Anthony,22705957,Anthony.Khuu
Thomas,Laura,22714810,Laura.Thomas
Desai,Shachi,22734657,Shachi.Desai
Thirlwall,Averil,22728371,Averil.Thirlwall
Millis,Kylee,22747201,Kylee.Millis
Malliaros,Sotirios,22657219,Sotirios.Malliaros
Ly,Rowena,22708381,Rowena.Ly
Costelloe,Yutang,22734766,Yutang.Costelloe
Lipnicki,Lukasz,22715809,Lukasz.Lipnicki
Hunt,Nicole,22747831,Nicole.Hunt
Tran,Robert,22708666,Robert.Tran
Eckhardt,James,22730850,James.Eckhardt
Muccio,Marie,22673931,Marie.Muccio
Wade,Lara,22720161,Lara.Wade
Smith,Suzanne,22681459,Suzanne.Smith
Huynh,Lu Kha Ai,22711477,LuKhaAi.Huynh
Smith,Melanie,22731719,Melanie.Smith
Kaldas,Caroline,22727625,Caroline.Kaldas
Pratt,Samantha,22684329,Samantha.Pratt
Madsen,Martin,22680147,Martin.Madsen
Pulepule,John,22664507,John.Pulepule
Kenny,Shane,22714860,Shane.Kenny
Lethbridge,Nick,22732148,Nick.Lethbridge
Humphreys,Catherine,22685185,Catherine.Humphreys
Thomson,Nico,22721204,Nico.Thomson
Muldoon,Katie,22727882,Katie.Muldoon
Robinson,Phillip,22692389,Phillip.Robinson
Wycherley,Scott,22668455,Scott.Wycherley
Maloney,Corinda,22733126,Corinda.Maloney
Blanche,Stephen,22733720,Stephen.Blanche
Pike,Peter,22692650,Peter.Pike
Morgan,Thomas,22696280,Thomas.Morgan
Korman,Sarah,22677490,Sarah.Korman
Kaul,Shailesh,22736988,Shailesh.Kaul
Forrest,Mark,22727258,Mark.Forrest
Farakos,Harry,22696149,Harry.Farakos
Mathias,Aaron,22677523,Aaron.Mathias
Davies,Tara,22698072,Tara.Davies
Kelly,Barbara,22728608,Barbara.Kelly
Righetti,John,22701165,John.Righetti
Drago,Josephine,22694647,Josephine.Drago
Bilal,Asma,22730613,Asma.Bilal
Kurru,Bhavani,22730171,Bhavani.Kurru
Chai,Amy,22701585,Amy.Chai
Kachorroski,Andrea,22695137,Andrea.Kachorroski
Teh,Emily,22738512,Emily.Teh
Calvani,Marco,22702983,Marco.Calvani
Catanese,Joseph,22713923,Joseph.Catanese
Farr,Allison,22743306,Allison.Farr
Olivia,Peter,22696189,Peter.Olivia
Chong,Amanda,22740980,Amanda.Chong
Moyes,Trina,22747274,Trina.Moyes
Mattiske,Ashlyn,22744394,Ashlyn.Mattiske
Al-Barchini,Patrick,22713178,Patrick.AlBarchini
Hatch,Angela,22742843,Angela.Hatch
Rigas,Voula,22713442,Voula.Rigas
Reid,Lauren,22714164,Lauren.Reid
Leong,Yen-Yen,22744395,YenYen.Leong
Vuong,Caroline,22714621,Caroline.Vuong
Johnson,Jason,22744245,Jason.Johnson
Bahuguna,Shubhangini,22715348,Shubhangini.Bahuguna
Oh,Won,22744539,Won.Oh
Shearer,Sequoia,22716170,Sequoia.Shearer
Le,David,22745398,David.Le
Ika,Kalolaine,22749931,Kalolaine.Ika
Hazell,Georgina,22732830,Georgina.Hazell
Haase,Stacey,22714681,Stacey.Haase
Andruczyk,James,22717979,James.Andruczyk
Drury,Katherine,22721099,Katherine.Drury
Keady,Matthew,22719704,Matthew.Keady
Tu,Shimene,22751545,Shimene.Tu
Lusinta,Kristania,22719392,Kristania.Lusinta
Wallis,Paul,22722813,Paul.Wallis
Tran,Taryn,22734947,Taryn.Tran
Kosasih,Hendri,22750187,Hendri.Kosasih
Sutherland,Thomas,22730836,Thomas.Sutherland
Clarke,Chris,22731747,Chris.Clarke
Chen,Jianting,22740754,Jianting.Chen
Evans,Nicholas,22728469,Nicholas.Evans
Brown,Gregory,22739420,Gregory.Brown
Chandra,Jasmina,22728923,Jasmina.Chandra
Jansen Van Rensburg,Liesje,22753159,Liesje.JansenVanRensburg
Ewert,Robbi,22745976,Robbi.Ewert
Fedele,Daniela,22735291,Daniela.Fedele
Samadi,Masood,22760362,Masood.Samadi
Stubberfield,Beth,22740978,Beth.Stubberfield
Woolfrey,Christopher,22755102,Christopher.Woolfrey
Chan,Jeffrey,22741267,Jeffrey.Chan
Babbar,Kanika,22736759,Kanika.Babbar
Pham,Duyen,22760488,Duyen.Pham
Meredith,Suzanne,22734695,Suzanne.Meredith
Cavallaro,Anne-Marie,22738779,AnneMarie.Cavallaro
Sumanasuriya,Sarindi,22752607,Sarindi.Sumanasuriya
Levanes,Katherine,22741700,Katherine.Levanes
Nguyen,Vinh,22734979,Vinh.Nguyen
Rosengren,Stephen,22752756,Stephen.Rosengren
James,Sarah,22653080,Sarah.James
Durand Deslongrais,Adrien,22767432,Adrien.DurandDeslongrais
Hawkins,Toby,22741059,Toby.Hawkins
Verma,Mukul,22739564,Mukul.Verma
Lim,Akin,28078830,Akin.Lim
Mallett,Addam,22735289,Addam.Mallett
Rodrigo,Niluki,22667348,Niluki.Rodrigo
Kahika,Taynah,22757941,Taynah.Kahika
Rivera,Adoracion,22751341,Adoracion.Rivera
Aguilar,Maria,22743979,Maria.Aguilar
Mudasia,Timothy,22738705,Timothy.Mudasia
Doherty,Samuel,22670419,Samuel.Doherty
McGuane,Darren,22649086,Darren.McGuane
Potter,Sean,22758430,Sean.Potter
Thompson,David,22739035,David.Thompson
Gillam,Peter,22759001,Peter.Gillam
McIntyre,Deakyn,22745893,Deakyn.McIntyre
Holland,Brooke,22751727,Brooke.Holland
Stamatopoulos,Mary,22744002,Mary.Stamatopoulos
Wang,Junyi,22670742,Junyi.Wang
Maxwell,Natasha,22759464,Natasha.Maxwell
Sau,Siev,22697271,Siev.Sau
Marshall,Lauren,22748858,Lauren.Marshall
Vecchiet,Andreas,22757570,Andreas.Vecchiet
Bay,Martin,22725478,Martin.Bay
Ngo,Si Nhon,22748448,SiNhon.Ngo
Kirk,Kristen,22678682,Kristen.Kirk
Batkov,Anthony,22757733,Anthony.Batkov
Jeffrey,Helen,22762219,Helen.Jeffrey
Joyner,Elisabeth,22750648,Elisabeth.Joyner
Farey,Emma,22755049,Emma.Farey
Letheby,Ashlyn,22678910,Ashlyn.Letheby
Phan,Kar Yea,22752593,KarYea.Phan
Choudhury,Tasmeea,22753551,Tasmeea.Choudhury
Arvind,Vinay,22755454,Vinay.Arvind
Arthur,Robina,22758620,Robina.Arthur
Shugg,Jalen,22753585,Jalen.Shugg
Wilcox,Emily,22756110,Emily.Wilcox
Chin,Soong,22694028,Soong.Chin
Toms,Desly,22759002,Desly.Toms
Valentine,Katie,22759822,Katie.Valentine
Bilal,Layal,22696179,Layal.Bilal
Jayawardena,Kevin,22756042,Kevin.Jayawardena
Hindle,Natacha,22756215,Natacha.Hindle
Backman,Matthew,22759110,Matthew.Backman
Lawes,Alana,22766402,Alana.Lawes
Liu,Ya Jun,22756447,YaJun.Liu
Reyes,Michelle,22696262,Michelle.Reyes
Kennedy,Georgia,22757930,Georgia.Kennedy
McDowell,Christopher,22761793,Christopher.McDowell
Mieog,Sue,22763241,Sue.Mieog
Mutton,Pauline,22696296,Pauline.Mutton
Johnson,Gareth,22758261,Gareth.Johnson
Hudson,Jon,22699456,Jon.Hudson
Bradley,Michelle,22760047,Michelle.Bradley
Muir,Michael,28000729,Michael.Muir
Perri,Helen,22706195,Helen.Perri
Agar,Joshua,22749759,Joshua.Agar
Easdon,Bridget,22760878,Bridget.Easdon
Sadowski,Antoni,22760503,Antoni.Sadowski
O'Sullivan,Ella,22758216,Ella.OSullivan
Rapsey,Kate,22750171,Kate.Rapsey
Gevergis,Marlene,28078873,Marlene.Gevergis
Pottier,Cynthia,22761563,Cynthia.Pottier
Kaipuke,Paris,22764158,Paris.Kaipuke
Chiyangwa,Enock,22751987,Enock.Chiyangwa
Morrissey,Tarryn,22758307,Tarryn.Morrissey
Koliatsos,Maria,22748438,Maria.Koliatsos
Levitin,Gail,22721674,Gail.Levitin
Blake,George,22762149,George.Blake
Qin,Tian,22753488,Tian.Qin
Gardiner,Nicholas,22748542,Nicholas.Gardiner
Faidy,Nick,22748514,Nick.Faidy
Birkensleigh,Sandra,22759355,Sandra.Birkensleigh
Tam,Yick,22675341,Yick.Tam
Padmasekaran,Sivashankar,22753650,Sivashankar.Padmasekaran
Fujita,Yoichi,22751943,Yoichi.Fujita
Gomez,Niccolo,22762771,Niccolo.Gomez
Stratsianis,Arthur,22748799,Arthur.Stratsianis
Huynh,Diep,28000611,Diep.Huynh
Alexandroff,Paul-Henri,22753680,Paul.Alexandroff
Thankamoni,Jasmine,22747910,Jasmine.Thankamoni
Rowling,Maddison,22754255,Maddison.Rowling
Santero,Maria,20908619,Maria.Santero
Le,My Lien,22753581,MyLien.Le
Muller,Natalia,22763952,Natalia.Muller
Okamoto,Shinichi,22754407,Shinichi.Okamoto
Cheng,Raymond,22737628,Raymond.Cheng
Bruce,Tyler,22754256,Tyler.Bruce
Shastri,Bala,22661668,Bala.Shastri
Sleeman,Tessa,22754822,Tessa.Sleeman
Tran,Adora Ly,22748477,AdoraLy.Tran
Newton,Matthew,22754683,Matthew.Newton
Katta,Naveen,22764224,Naveen.Katta
Ishigami,Erika,22756152,Erika.Ishigami
Lewis,Kelsey,22756041,Kelsey.Lewis
Bombaci,James,22755868,James.Bombaci
Iradukunda,Orthension,22752528,Orthension.Iradukunda
Brincat,Melanie,22664347,Melanie.Brincat
Cheong,Mack,22755205,Mack.Cheong
Lui,Amanda,22761206,Amanda.Lui
Liu,Yuxin,22756960,Yuxin.Liu
Neill,Debra,22753268,Debra.Neill
Tran,Linh-Nam,22756750,LinhNam.Tran
Watts,Clare,22672375,Clare.Watts
Lovich,Lisa,22756115,Lisa.Lovich
Al-Nakat,Simon,22761392,Simon.AlNakat
O'Shea,Connor,22757551,Connor.OShea
Little,Marina,22756218,Marina.Little
Giles,Stefanie,22756751,Stefanie.Giles
Copeman,Jerome,22757011,Jerome.Copeman
Kinanthi,Arvina,22757737,Arvina.Kinanthi
Ajibola,Tobi,22756982,Tobi.Ajibola
Liu,Dianna,22755404,Dianna.Liu
Lu,Qian,22752988,Qian.Lu
Hashizume,Shinsuke,22756382,Shinsuke.Hashizume
Lee,Alex,22757736,Alex.Lee
Curry,Rebecca,22759454,Rebecca.Curry
Hii,Jack,22758026,Jack.Hii
Turkoglu,Halime,22753550,Halime.Turkoglu
Connolly,Tomoko,22758239,Tomoko.Connolly
Vonthethoff,Daniel,22761829,Daniel.Vonthethoff
Cushan,Roy,22758559,Roy.Cushan
Nguyen,Duc,22762603,Duc.Nguyen
Kanagalingam,Saravanan,22753610,Saravanan.Kanagalingam
Halil,Hassan,22757540,Hassan.Halil
Dominish,Gregory,22762779,Gregory.Dominish
Sapieja,Evelyne,22760247,Evelyne.Sapieja
Litchfield,Stephanie,22757938,Stephanie.Litchfield
Liind,Kiia,22754120,Kiia.Liind
Woodward,Sean,22760915,Sean.Woodward
Lioe,Jacqueline,22765629,Jacqueline.Lioe
Fisher,Alexandra,22763325,Alexandra.Fisher
Prince,Steve,22762012,Steve.Prince
Hoich,Carissa,22761626,Carissa.Hoich
Stedman,Simon,22761865,Simon.Stedman
Quach,Richard,22762154,Richard.Quach
Dhillon,Veerpal,22757942,Veerpal.Dhillon
Guittiere,Juliette,22762508,Juliette.Guittiere
Low,Wai Kit,22766360,WaiKit.Low
Kripintiris,Emily,22753713,Emily.Kripintiris
Macartney,Blake,22756217,Blake.Macartney
Dickson,Sarah,22761948,Sarah.Dickson
McKean,Michael,22757951,Michael.McKean
Cheng,Leny,22762728,Leny.Cheng
Garland,Meg,22751325,Meg.Garland
Zhang,Bruce,22755490,Bruce.Zhang
Holessis,Georgina,22762120,Georgina.Holessis
Howells,Jamie,22758618,Jamie.Howells
Menzies,James,22757255,James.Menzies
Beck,Nicholas,22753586,Nicholas.Beck
Poondla,Adarsh,22762511,Adarsh.Poondla
Taylor,Jessica,22759580,Jessica.Taylor
Sahai,Pallavi,22758924,Pallavi.Sahai
Sinha,Sharoon,22757990,Sharoon.Sinha
Fitzgerald,Judith,22755906,Judith.Fitzgerald
Lim,Jessica,22764258,Jessica.Lim
Chhim,Linda,22760568,Linda.Chhim
Grey,Peter,22759356,Peter.Grey
Cochrane,Adrienne,22758306,Adrienne.Cochrane
Maiolo,Cosimo,22688708,Cosimo.Maiolo
Hoggan,Graham,22764233,Graham.Hoggan
Khadilkar,Sidharth,22766691,Sidharth.Khadilkar
Steinmetz,Erin,22761522,Erin.Steinmetz
Hughes,Rodney,28000832,Rodney.Hughes
Deo,Pusp,28000399,Pusp.Deo
Griffiths,Kaleb,22761559,Kaleb.Griffiths
Connors,James,22760377,James.Connors
Wilson,Tracy,22689142,Tracy.Wilson
Stafford,Michelle,28076481,Michelle.Stafford
Thomas,Simon,22766132,Simon.Thomas
Murphy,Dean,22695150,Dean.Murphy
Yeo,Amy,28075070,Amy.Yeo
Punzalan,Andrea,28078190,Andrea.Punzalan
Mukherjee,Soumyajit,22762510,Soumyajit.Mukherjee
Toussaint,Bernard,28079058,Bernard.Toussaint
Popova,Lioubov,22696201,Lioubov.Popova
Knox,Christopher,28102756,Christopher.Knox
Jongebloed,Jamie,22763323,Jamie.Jongebloed
Kruger,Leah,22763520,Leah.Kruger
Disbray,Erin,28102395,Erin.Disbray
Wu,Jun,22762503,Jun.Wu
Pati,Vasudha,22763949,Vasudha.Pati
Harach,Walid,28102795,Walid.Harach
MacDonald,Peter,22763075,Peter.MacDonald
Jones,Grant,28102874,Grant.Jones
Milliss,Heidi,28103456,Heidi.Milliss
Erasmus,Daniel,28104065,Daniel.Erasmus
Foenander,Olga,22761695,Olga.Foenander
Taylor,Jarred,28103601,Jarred.Taylor
Nunez,Esteban,22764222,Esteban.Nunez
Slonim,Joshua,22649085,Joshua.Slonim
Taylor,Robyn,22761769,Robyn.Taylor
Kadambi,Vasanth,28000434,Vasanth.Kadambi
Spizick,Gretel,28104264,Gretel.Spizick
Sarris,Anthony,22764577,Anthony.Sarris
Star,Rebecca,28103862,Rebecca.Star
Glover,Nicolle,22761881,Nicolle.Glover
Lugsdin,David,28103442,David.Lugsdin
Lynch,Glenda,28000438,Glenda.Lynch
Habel,Tim,28104316,Tim.Habel
Poriazis,Helen,20884441,Helen.Poriazis
Amador,Robert,22675767,Robert.Amador
Nichols,Julie,28000443,Julie.Nichols
Meighan,Mona,21406889,Mona.Meighan
Kieran,Nicholas,22653229,Nicholas.Kieran
Satterly,Eleanor,22648946,Eleanor.Satterly
Taylor,Lindy,22694052,Lindy.Taylor
Hee,Jerry,22699305,Jerry.Hee
Lancelot,Cheryl,28000632,Cheryl.Lancelot
Freeman,Rebecca,22678126,Rebecca.Freeman
Lowth,Matthew,22663677,Matthew.Lowth
Santos,Judite,28087321,Judite.Santos
Otares,Catherine,22694881,Catherine.Otares
Milne,Brad,22648573,Brad.Milne
Peh,Melissa,22761104,Melissa.Peh
Wong,San,28000675,San.Wong
Gray,Debra,22673844,Debra.Gray
Waterson,Karen,22679099,Karen.Waterson
Doyle,David,22695383,David.Doyle
Spriggs,Michael,22654293,Michael.Spriggs
Alamaras,Helen,28000740,Helen.Alamaras
Robinson,Kimberley,22681034,Kimberley.Robinson
McCormack,Sean,28101043,Sean.McCormack
Lang,Belkez,22762150,Belkez.Lang
Rowe,Amanda,22696155,Amanda.Rowe
Page,Colleen,22688534,Colleen.Page
McVee,Anna,22672143,Anna.McVee
Delisio,Deanna,21123532,Deanna.Delisio
McLachlan,Shane,22696235,Shane.McLachlan
D'Ambrosio,Jessica,22692117,Jessica.DAmbrosio
Kalra,Snezana,28000359,Snezana.Kalra
Seitaridis,Patricia,22764221,Patricia.Seitaridis
Keung,Matthew,21385101,Matthew.Keung
Luo,Meifen,28085629,Meifen.Luo
Hannah,Russell,22692353,Russell.Hannah
Aucaruri,Evelyn,22696830,Evelyn.Aucaruri
Paul,Priyunko,22762504,Priyunko.Paul
Johnson,Tyler,22674411,Tyler.Johnson
Frazer,Jodie,28075791,Jodie.Frazer
Perenise,Miranda,28106908,Miranda.Perenise
Howard,Byron,22695100,Byron.Howard
Harris,Erika,22765006,Erika.Harris
Buchanan,Fred,22699245,Fred.Buchanan
Skoro,Bojana,22696226,Bojana.Skoro
Tichy,Christopher,22681255,Christopher.Tichy
Leal,Matthew,22652717,Matthew.Leal
Eggleston,Robert,28077542,Robert.Eggleston
Nguyen,Cyprien,22699774,Cyprien.Nguyen
Griffiths,David,28075030,David.Griffiths
Vanderputt,Warren,28000455,Warren.Vanderputt
Sanford,Kathryn,22683190,Kathryn.Sanford
Ho,Nelson,22705951,Nelson.Ho
Cray,Melissa,28000519,Melissa.Cray
McGowen,Victoria,28104447,Victoria.McGowen
Nguyen,Kim-Ann,22709061,KimAnn.Nguyen
Mcfie,Amanda,28075668,Amanda.Mcfie
Ranellone,Nunziata,28000395,Nunziata.Ranellone
Short,Diane,28000612,Diane.Short
Patel,Priyanka,22709110,Priyanka.Patel
Lovrek,Leah-Jean,28104652,LeahJean.Lovrek
Chaitanya,Chintaginjala,22712762,Chintaginjala.Chaitanya
Vanderwert,Joel,28103813,Joel.Vanderwert
Razon,Beverly-Luna,28103350,BeverlyLuna.Razon
Clancy,Kay,22764936,Kay.Clancy
Hosanee,Fiona,28000468,Fiona.Hosanee
Lindsay,Janet,28104259,Janet.Lindsay
Platcher,Amber,22709144,Amber.Platcher
Welsh,Kara,22652120,Kara.Welsh
McCulloch,Stuart,22689292,Stuart.McCulloch
Mason,Helen,28000709,Helen.Mason
Herbias,Bryan,22656318,Bryan.Herbias
Sy-Cardente,Bernadette,28102489,Bernadette.SyCardente
Ries,Christopher,22692146,Christopher.Ries
Cusmano,Josephine,22713429,Josephine.Cusmano
Slen,Annie,22766556,Annie.Slen
Monteiro,Aurie,28000755,Aurie.Monteiro
Carlson,Shannon,22767171,Shannon.Carlson
Hill,Bradley,22692544,Bradley.Hill
Nguyen,Thanh,22656695,Thanh.Nguyen
Richardson,Tracey,28106905,Tracey.Richardson
Younes,Maher,22709579,Maher.Younes
Sinopoli,Lisa,28000745,Lisa.Sinopoli
Scafidi,Robert,22695121,Robert.Scafidi
Muncan,Mimma,28075048,Mimma.Muncan
Linhart,Evelyn,28078903,Evelyn.Linhart
Wood,Jo,22653567,Jo.Wood
Cassidy,Fiona,28000414,Fiona.Cassidy
Harvey,Michelle,22662843,Michelle.Harvey
Warren,Rebekah,22696292,Rebekah.Warren
Oliver,Suzanne,22723282,Suzanne.Oliver
Conway,Susan,28104174,Susan.Conway
Borg,Susan,22666997,Susan.Borg
Holmes,Deborah,28079016,Deborah.Holmes
Pillai,Nandini,28078091,Nandini.Pillai
Thomson,John,22691615,John.Thomson
Foster,Andrew,22724929,Andrew.Foster
Cerasa,Peter,22652582,Peter.Cerasa
Pimpinella,Angela,28102446,Angela.Pimpinella
Harris,William,22754830,William.Harris
Jacombs,Paul,28078326,Paul.Jacombs
Crowley,Stephen,22702045,Stephen.Crowley
Mannays,Faron,22660483,Faron.Mannays
lavery,lusiana,22684071,lusiana.lavery
Vujadinovic,Vesna,22700055,Vesna.Vujadinovic
Cleland,Marc,22725092,Marc.Cleland
Bundy,Jennifer,22740815,Jennifer.Bundy
Bhana,Jayesh,22755994,Jayesh.Bhana
Simpson,Sharon,28103644,Sharon.Simpson
Shagrin,Michael,28078815,Michael.Shagrin
Selth,Mark,22692329,Mark.Selth
Waje,Rosana,22674678,Rosana.Waje
Robinson,Darren,22727160,Darren.Robinson
Young,Elizabeth,21230199,Elizabeth.Young
Burce,Paul,22756149,Paul.Burce
Zaidi,Gaiti,22711405,Gaiti.Zaidi
Dey,Mrinalendu,28079081,Mrinalendu.Dey
Kosadias,Gus,22683545,Gus.Kosadias
Thompson,Chris,22766651,Chris.Thompson
Ellery,Jarrod,22728419,Jarrod.Ellery
Hays,Leigh,22653046,Leigh.Hays
Coleman,Robert,28102472,Robert.Coleman
Gleyberman,Arthur,22713960,Arthur.Gleyberman
Gilopidis,Vasiliki,22696312,Vasiliki.Gilopidis
Sathianathen,Shervonne,28000665,Shervonne.Sathianathen
Wong,Andy Kai Sing,22733256,AndyKaiSing.Wong
Baldacchino,Lisa,22657514,Lisa.Baldacchino
Antony,Cheryl,28000427,Cheryl.Antony
Kelman,Marina,22723894,Marina.Kelman
Milne,Catherine,28075590,Catherine.Milne
Jenkin,Nick,22709066,Nick.Jenkin
Burke,Martin,28104137,Martin.Burke
Au,Julie,22734987,Julie.Au
Amory,Alexandra,22727880,Alexandra.Amory
Andaras,Evangelia,22730629,Evangelia.Andaras
Curran,Kendall,28086619,Kendall.Curran
Purvis,Adrian,22735515,Adrian.Purvis
Moon,Phillip,22710190,Phillip.Moon
Anthony,Jeremy,22731014,Jeremy.Anthony
Ranasinghe,Nihara,22713296,Nihara.Ranasinghe
Hall,Stephen,28102336,Stephen.Hall
Kitzelmann,Sarah,22764355,Sarah.Kitzelmann
Curran,Lisa,28000418,Lisa.Curran1
Cassar,Joseph,22741226,Joseph.Cassar
Petruzzelli,Zoe,22713894,Zoe.Petruzzelli
Ahmed,Muhammad,28104305,Muhammad.Ahmed
Condo,Joseph,22742680,Joseph.Condo
Stanley,Tracey,28000450,Tracey.Stanley
Kent,Samantha,22724543,Samantha.Kent
Meiklejohn,Russell,22749450,Russell.Meiklejohn
Garcia,Mary-Rose,28104406,MaryRose.Garcia
Femia,Tony,22688765,Tony.Femia
Scala,Stephanie,22766371,Stephanie.Scala
Small,Adam,22743684,Adam.Small
Huhta,Maria,28076883,Maria.Huhta
Schreenan,Matthew,22694314,Matthew.Schreenan
Dillon,Barry,22744580,Barry.Dillon
McLoughlan,Brooke,21135368,Brooke.McLoughlan
Duell,Andrew,22648944,Andrew.Duell
Shakya,Sunita,22695145,Sunita.Shakya
Foulds,Michele,22757094,Michele.Foulds
Mitchell,James,22755547,James.Mitchell
Shah,Dakshita,22750137,Dakshita.Shah
Arnel,Adam,21314442,Adam.Arnel
Wilden,Beverley,28078884,Beverley.Wilden
Boughton,Rachel,22756842,Rachel.Boughton
Ratti,Shilpa,22758563,Shilpa.Ratti
Foote,Sam,22695384,Sam.Foote1
McLeod,Sharon,22648968,Sharon.McLeod
Thaqi,Sophia,22696300,Sophia.Thaqi
Miers,Renee,28000616,Renee.Miers
Williams,Kristal,22753164,Kristal.Williams
Johnson,Alison,28079088,Alison.Johnson
Ward,Karen,21330651,Karen.Ward
Cigdem,Dilek,22698530,Dilek.Cigdem
Hoang,Thanh,22753876,Thanh.Hoang
Londregan,Shane,28102494,Shane.Londregan
Probin,Paul,22658663,Paul.Probin
Salter,Kane,22765647,Kane.Salter
MacNaughton,Anne,28104629,Anne.MacNaughton
Fallows,Peter,28102624,Peter.Fallows
Martin,Simon,22660996,Simon.Martin
Peddamadula,Keshaba,22758654,Keshaba.Peddamadula
Fragkoulis,Dionysios,22762515,Dionysios.Fragkoulis
Abdilla,Janice,21448607,Janice.Abdilla
Giannikos,John,28000429,John.Giannikos
Malone,Laura,22707402,Laura.Malone
Sydenham,Bradley,28103834,Bradley.Sydenham
Son,Mi Hye,22669874,MiHye.Son
Mogridge-Khan,Lynette,22648962,Lynette.MogridgeKhan
Jahn,Heather,28087411,Heather.Jahn
Goldsmith,Peta,22652384,Peta.Goldsmith
Gutierrez,Myrna,28104058,Myrna.Gutierrez
Abbott-Walton,Angelique,22672010,Angelique.AbbottWalton
Kwon,Iris,22672243,Iris.Kwon
Valluri,Anitha,22764217,Anitha.Valluri
Turner,Alison,22660266,Alison.Turner
Hodges,Andrew,22761805,Andrew.Hodges
Dowsing,Andrew,22692349,Andrew.Dowsing
Law,Andy,22672244,Andy.Law
Harper,Antony,22761980,Antony.Harper
Cherian,Jolly,22692693,Jolly.Cherian
Edwards,Nicholas,28000497,Nicholas.Edwards
Felipe,Olivia,22692121,Olivia.Felipe
Herden,Ruth,22762068,Ruth.Herden
Singh,Rajneesh,22692723,Rajneesh.Singh
O'Sullivan,Andrew,22692157,Andrew.OSullivan
Watson,Ann-Maree,28078799,AnnMaree.Watson
O'Connor,Matthew,22695439,Matthew.OConnor
Ristevski,Lydia,22692702,Lydia.Ristevski
Lennon,Brian,28102487,Brian.Lennon
Holmes,Barry,22694290,Barry.Holmes
Prasad,Lynette,22725036,Lynette.Prasad
Potter,Sonora,28104606,Sonora.Potter
Aidone,Gregory,22696239,Gregory.Aidone
Goodwin,Noel,22735517,Noel.Goodwin
Mansfield,Jason,22696242,Jason.Mansfield
Katsoulis,Eleni,22741039,Eleni.Katsoulis
Colbert,Maria,22696288,Maria.Colbert
Learmonth,Lorraine,22696752,Lorraine.Learmonth
Alhajji,Mahdi,22751656,Mahdi.Alhajji
Magallanes,Mary,22678592,Mary.Magallanes
McFarlane,Peter,22754259,Peter.McFarlane
Mok,Katherine,22686366,Katherine.Mok
Lagarrigue,Nicholas,22755253,Nicholas.Lagarrigue
Trejo,Selene,22760486,Selene.Trejo
Griggspall,Matthew,22653268,Matthew.Griggspall
Else,Joanna,22709425,Joanna.Else
Kay,Sarah,22713203,Sarah.Kay
Rima,Alexandra,22734879,Alexandra.Rima
Patsouris,Jeffrey,22692609,Jeffrey.Patsouris
Cafari,Stephanie,22735514,Stephanie.Cafari
Schneider,Brendan,22725865,Brendan.Schneider
Ballard Maher,Tamara,22727865,Tamara.BallardMaher
Vizzini,Spiro,22745352,Spiro.Vizzini
Paues,Simone,22711307,Simone.Paues
Lieberman,Christopher,22725856,Christopher.Lieberman
Smith,Anthony,22746100,Anthony.Smith
Murphy,Peter,22758260,Peter.Murphy
Galpin,Kirsty,22755052,Kirsty.Galpin
Tsuji,Chihaya,22754409,Chihaya.Tsuji
Ward,Jake,22755105,Jake.Ward
Tealby,Alan,22760183,Alan.Tealby
Rowling,Cheryl,28075315,Cheryl.Rowling
Molloy,Emily,22761807,Emily.Molloy
Dang,Cyndi,22757431,Cyndi.Dang
Ryan,Mark,28078441,Mark.Ryan
Ellings,Kara,28103200,Kara.Ellings
Anastasopoulos,George,22751363,George.Anastasopoulos
Downs,Laura,22761520,Laura.Downs
Canning,Elisha,22679265,Elisha.Canning
Lee,Zarni,22686589,Zarni.Lee
Sands,Rachel,22680729,Rachel.Sands
Kirk,Lyndon,22694855,Lyndon.Kirk
Chow,Esther,28105802,Esther.Chow
Humphries,Jenna,22705457,Jenna.Humphries
Guscott,Fiona,22696279,Fiona.Guscott
Denton,Gerard,22699354,Gerard.Denton
Head,James,22704475,James.Head
Davidson,Scott,22708614,Scott.Davidson
Juillard,Francois,22735625,Francois.Juillard
Oltoumis,Marina,22696356,Marina.Oltoumis
Kolodziejski,Phillip,22741021,Phillip.Kolodziejski
Tang,Angela,22688709,Angela.Tang
Ng,Kit,22719347,Kit.Ng
Jarman,Michael,22755167,Michael.Jarman
Daniels,Rebekah,22757389,Rebekah.Daniels
Koo,Yi Sheen,22747017,YiSheen.Koo
Muchtarudin,Amelia,22757429,Amelia.Muchtarudin
Faiva,Jenelyn,22721811,Jenelyn.Faiva
Truong,Thuy M,22712213,ThuyM.Truong
Ishii,Miwa,22757783,Miwa.Ishii
Trpcevski,Dimce,22763186,Dimce.Trpcevski
Maroney,Nick,22757434,Nick.Maroney
Harsic,Vanessa,22751333,Vanessa.Harsic
Sinclair,Joanna,22757924,Joanna.Sinclair
Richardson,Sarah,22731720,Sarah.Richardson
Noe-Nordberg,Renee,22753821,Renee.NoeNordberg
Miranda,Praveen,22761196,Praveen.Miranda
Van Gils,Claire,22767590,Claire.VanGils
Garner,Danielle,22761205,Danielle.Garner
Buccheri,Andrea,22745043,Andrea.Buccheri
Khalaf,Daniel,22757866,Daniel.Khalaf
De Mattia,James,22761867,James.DeMattia
Bon,Hayley,22657646,Hayley.Bon
Musumeci,Katrina,28086952,Katrina.Musumeci
Slater,Luke,22735646,Luke.Slater
Thein,Hein,22663537,Hein.Thein
McKenzie,Michael,22662525,Michael.McKenzie
Plaister,Nicholas,22743010,Nicholas.Plaister
Robeau,Lucy,22687992,Lucy.Robeau
Leembruggen,Charles,28102841,Charles.Leembruggen
Ketelaar,Lynsey,22667063,Lynsey.Ketelaar
Bombaci,Matthew,22738010,Matthew.Bombaci
Harvey,James,22702276,James.Harvey
Lauwrencia,Listya,22670998,Listya.Lauwrencia
Bux,Paige,22695169,Paige.Bux
Bonser,Jarrod,22669390,Jarrod.Bonser
Urzia,Laura,22650832,Laura.Urzia
Beilby,Erin,22738851,Erin.Beilby
Mudaliar,Kirtika,22701469,Kirtika.Mudaliar
Hunter,Alastair,22696315,Alastair.Hunter
Trevethan,John,22752623,John.Trevethan
Ushizuka,Takeo,22754408,Takeo.Ushizuka
Vanmechelen,Lies,22744190,Lies.Vanmechelen
Ngo,Cameron,22759015,Cameron.Ngo
Marsh,Bethwyn,22737043,Bethwyn.Marsh
Murray,Gillian,22758888,Gillian.Murray
Formosa,Joel,22741184,Joel.Formosa
Skalkos,James,22761803,James.Skalkos
Reddy,Caajal,22748400,Caajal.Reddy
Gill,Kristin,22758922,Kristin.Gill
Morden,Nicholas,22719889,Nicholas.Morden
Tavalu,Sabrina,22761443,Sabrina.Tavalu
Hyde,Luke,22750911,Luke.Hyde
Davies,Tiffany,22717777,Tiffany.Davies
Wrightman,Nelson,22732122,Nelson.Wrightman
Bailey,Tamara,22753865,Tamara.Bailey
Cunningham,Anna,22751606,Anna.Cunningham
Worland,Allira,22733910,Allira.Worland
He,Tian,22734829,Tian.He
Rosher,Rebecca,22757430,Rebecca.Rosher
Tran,Dai,22745400,Dai.Tran
Shaw,Caitlyn,22751944,Caitlyn.Shaw
Shah,Tulip,22762589,Tulip.Shah
Rake,Peta,22761554,Peta.Rake
Pascoe,Carmen,22755485,Carmen.Pascoe
Tennent,Victoria,22743085,Victoria.Tennent
Burrell,Ashley,22756887,Ashley.Burrell
Svoboda,Daniel,22748500,Daniel.Svoboda
Su,Tony,22743832,Tony.Su
Canning,Ashleigh,22761536,Ashleigh.Canning
Gambhir,Elga,22752576,Elga.Gambhir
Dymock,Kristy,22753552,Kristy.Dymock
Betham,Chanelle,22759672,Chanelle.Betham
Delahunty,John,22751505,John.Delahunty
Hanlan,Ainsley,22757382,Ainsley.Hanlan
Lewis,Peta,22759817,Peta.Lewis
Morgan,Joeris,22761526,Joeris.Morgan
Frazer,Amanda,28075357,Amanda.Frazer
Luong,Ivan,22761109,Ivan.Luong
Forsyth,Zachary,22761519,Zachary.Forsyth
Nash,Jessica,22713972,Jessica.Nash
Gaudion,Sarah,22729396,Sarah.Gaudion
Desai,Ankur,22690987,Ankur.Desai
Bono,Josephine,22736237,Josephine.Bono
Chu,Alfred,22741158,Alfred.Chu
Lloyd,Rebecca,22748928,Rebecca.Lloyd
Ralph,Benjamin,22753740,Benjamin.Ralph
Do,Tiffany,22748475,Tiffany.Do
Bhat,Kajake Akhila,22750865,KajakeAkhila.Bhat
Liang,Steven,22758067,Steven.Liang
Assawa,Phelan,22748478,Phelan.Assawa
King,Linda,28078251,Linda.King
Dockray,Sean,22686371,Sean.Dockray
Mitchell,Matthew,28000781,Matthew.Mitchell
Smart,Claire,22648789,Claire.Smart
Bandian,Nova,22711776,Nova.Bandian
Askham,Jennifer,22696185,Jennifer.Askham
Stanic,Roslyn,22660608,Roslyn.Stanic
Iap,Nahare,22664080,Nahare.Iap
Bicer,Eylem,22736388,Eylem.Bicer
Quach,Joanne,22756388,Joanne.Quach
Russell,Sandra,22702565,Sandra.Russell
Sadik,Melissa,22692143,Melissa.Sadik
Hassett,Sam,22701771,Sam.Hassett
Branson,Nicholas,22751014,Nicholas.Branson
Mohamed,Muhuda,22704913,Muhuda.Mohamed
Gill,Tiffany,22724878,Tiffany.Gill
Morovic,Sara,22751301,Sara.Morovic
Sethi,Trishala,22754257,Trishala.Sethi
Nicoletto,Daniel,22759744,Daniel.Nicoletto
Anderson,Josephine,22718758,Josephine.Anderson
Mouldey,Gemma,22747505,Gemma.Mouldey
Maguire,Laikin,22761110,Laikin.Maguire
Hwang,Anita,22741509,Anita.Hwang
Lee,Bryan,22697022,Bryan.Lee
Chakraborty,Soumya,22764672,Soumya.Chakraborty
Curran,Neil,22747125,Neil.Curran
Geddes,Erika,22748298,Erika.Geddes
Bosevski,Bilyana,22761940,Bilyana.Bosevski
Hutchinson,Simon,22745231,Simon.Hutchinson
Cass,Erin,22758196,Erin.Cass
Scheuber,Chris,22733789,Chris.Scheuber
Rebeiro,Joanne,22766492,Joanne.Rebeiro
Knowles,Jennifer,22753811,Jennifer.Knowles
Kumar,Rahul,22766012,Rahul.Kumar
Cotton,James,22746069,James.Cotton
Field,Saul,22767196,Saul.Field
Fofandi,Paresh,22752850,Paresh.Fofandi
Das,Sarit,22766013,Sarit.Das
Vary,Susan,22748289,Susan.Vary
Das,Tapen,22766713,Tapen.Das
Deni,Giovanni,22745154,Giovanni.Deni
Williamson,Sean,22766523,Sean.Williamson
Sefton,Stephen,22732846,Stephen.Sefton
Dorfling,Andre,22756794,Andre.Dorfling
Mahady,Vanessa,22684754,Vanessa.Mahady
Subbarayan,Kiruthiga,22767778,Kiruthiga.Subbarayan
Torise,Janette,22745767,Janette.Torise
Miu,Damien,20990000,Damien.Miu
Narev,Ian,20990001,Ian.Narev
Choi,SOTestTeam-David,20990002,SOTestTeamDavid.Choi
Athena,SO TestT eam ,20990003,SOTestTeam.Athena
PlanITLname1,PlanITFname1,20990004,PlanITFname.PlanITLname
Test Team,SO Mandy,20990005,SOMandy.TestTeam
PlanITLname2,PlanITFname2,20990006,PlanITFname.PlanITLname
Lname1,SO TEST TEAM,20990007,SOTESTTEAM.Lname
Lname2,SO TEST TEAM,20990008,SOTESTTEAM.Lname
Adams,SO Rachel,20990009,SORachel.Adams
Adams,SO Pearl,20990010,SOPearl.Adams
Hazell,George,20990013,George.Hazell
Lname3,SO TEST TEAM,20990011,SOTESTTEAM.Lname
Mozart,SO TEST TEAM Stephanie,20990012,SOTESTTEAMStephanie.Mozart
Spagnuolo,Chelsea,20990014,Chelsea.Spagnuolo
Spagnuolo,Diane,20990015,Diane.Spagnuolo
Lname4,SO TEST TEAM,20990016,SOTESTTEAM.Lname
Capron,Kalps,20990017,Kalps.Capron
Rivera,SO Test Danica,20990018,SOTestDanica.Rivera
Perkins,Michael,20990019,Michael.Perkins
Cristsilis,Bonquiqui,20990020,Bonquiqui.Cristsilis
Mills,Courtney,20990021,Courtney.Mills
Trixiebelle,Fifi,20990022,Fifi.Trixiebelle
Hepburn,Audrey,20990023,Audrey.Hepburn
Ketelaar,Lynsey,20990024,Lynsey.Ketelaar1
INFOSYS_USER,INFOSYS,20990025,INFOSYS.INFOSYS_USER
Richardson,Joshua,20990026,Joshua.Richardson
walkman,natalie,20990028,natalie.walkman
Cory,Jessie,20990030,Jessie.Cory
Fay,Denis,20990032,Denis.Fay
Samadhia,John,20990033,John.Samadhia@ad.mlclife.com.au
Cirus,Smiley,20990034,smiley.cirus
Doe,Mary,20990035,Mary.Doe@ad.mlclife.com.au
Kalff,Alex,20990036,Alex.Kalff@ad.mlclife.com.au
Kirchoff,Cameron,20990037,Cameron.Kirchoff
Jacqui,Kettles,20990038,Kettles.Jacqui
Karpaty,Martie,20990039,Martie.Karpaty
Ref,Mlc,20990040,Mlc.Ref
Kirchoff,Kaela,20990041,Kaela.Kirchoff1
Alamilla,Tsubasa,20990042,Tsubasa.Alamilla
Tanner,Keone,20990043,Keone.Tanner
Keller,Christie,20990044,Christie.Keller@ad.mlclife.com.au
Drake,Robert,20990045,Robert.Drake@ad.mlclife.com.au
AWD T1_55017740
AWD Team 1_55020905
AWD Team 2_55011123
AWD Team 3_55017767
Actuarial - Business Support_55023778
Actuarial - Information_55006222
Actuarial, Capital & Risk_55006510
Actuary, Group Insurance_55013135
Agile and Iteration_55021696
Analytics 2_55022428
Analytics_55021845
Application Platform Management_55018835
Architecture & Development Management_55018838
Architecture Management_55024164
Associate Underwriting_55025325
Audit_55017646
Bancassurance & Direct team 1_55020908
Bancassurance & Direct_55014882
Bancassurance, Digital & Direct Insuranc_55025476
Bank Advised_55023648
Board Admin_55022444
Brand Experience, Events & Sponsorships_55017668
Business Alignment_55010665
Business Analysis, Change & UAT_55011346
Business Analysis_55016870
