firstName,lastName,login
Siegfried,Lafon,siegfried.lafon@mlclimited.com
Alfred,Tan,Alfred.Tan@mlcinsurance.com.au
Vincent,Quach,vincent.quach@mlclimited.com
Anurag,Tripathi,anurag.c.tripathi@mlclimited.com
OKTA AD,Admin,oktaadmin@mlcinsurance.com.au
Ronan,Shee,rshee@mlclimited.com
SNOW,Admin,appadmin-snow@mlcinsurance.com.au
Debmalya,Biswas,debmalya.biswas@mlclimited.com
davis,rajkumar,drajmukar@mlclimited.com
Test,UserServiceNow,test.userservicenow@mlcinsurance.com.au
ServiceNow,TestUser1,stestuser1@mlcinsurance.com.au
Parsha,Deka,pdeka@ad.mlclife.com.au
SIT,Admin,sit-admin@mlclimited.com
Babu,Medapati,mbabu@mlcinsurance.com.au
Parsha,Deka,parsha.deka@mlclimited.com
Okta,Admin,oktaadministrator@mlcinsurance.com.au
Test,User6,test.user6@mlcinsurance.com.au
Test,User7,tser.user7@mlcinsurance.com.au
user,on-boarding,user.onboarding@mlcinsurance.com.au
Test,User8,test.user8@mlcinsurance.com.au
Test,DSSO1,test.dsso1@mlcinsurance.com.au
New,Testuser,newtestuser@mlcinsurance.com.au
test,dsso3,test.dsso3@mlcinsurance.com.au
test,importcsv,test.importcsv@mlcinsurance.com.au
Abishek,Singh,abishek.singh@ad.mlclife.com.au
Aiden,Tan,Aiden.Tan@mlclimited.com
Test4,User4,test4.user4@mlcinsurance.com.au
Test5,User5,test5.user5@mlcinsurance.com.au
Test6,User6,test6.user6@mlcinsurance.com.au
