firstName,lastName,email,login,groups
Prabhjit,Singh,PS00496528@TechMahindra.com,tm-prabhjit.singh@ad.mlclife.com.au,"zScaler,Active Directory"
Kiran,Prathapani,KP00507677@TechMahindra.com ,tm-kiran.prathapani@ad.mlclife.com.au,"zScaler,Active Directory"
Hariprasath,Ravi,HR0T12559@TechMahindra.com ,tm-Hariprasath.Ravi@ad.mlclife.com.au,"zScaler,Active Directory"
Andrew,Shanks,Andrew.Shanks@TechMahindra.com ,tm-andrew.shanks@ad.mlclife.com.au,"zScaler,Active Directory"
Hasnain,Raza,HR0T11476@TechMahindra.com ,tm-hasnain.raza@ad.mlclife.com.au,"zScaler,Active Directory"
Manikandan,Manoharan,Manikandan.Manoharan@TechMahindra.com ,tm-manikandan.manohar@ad.mlclife.com.au,"zScaler,Active Directory"
Neale ,Goodwin,NG0C72918@TechMahindra.com,tm-neale.goodwin@ad.mlclife.com.au,"zScaler,Active Directory"
Danidu,Chathuranga,Danidu.chathuranga@obt.com.au,tm-Danidu.Chathuranga@ad.mlclife.com.au,"zScaler,Active Directory"
Mahesh Kumar,Patil,MP00480297@TechMahindra.com,tm-Maheshkumar.Patil@ad.mlclife.com.au,"zScaler,Active Directory"
Harikrishnan,Raghunathan,HR00364600@TechMahindra.com,tm-Harikrishnan.Raghunathan@ad.mlclife.com.au,"zScaler,Active Directory"
Anita,Williams,AW0T12556@TechMahindra.com,tm-Anita.Williams@ad.mlclife.com.au,"zScaler,Active Directory"
Jay,Doyle,Jay.Doyle@obt.com.au,tm-Jay.Doyle@ad.mlclife.com.au,"zScaler,Active Directory"
Sachiv Singh,Rana,SR00484293@TechMahindra.com,tm-Sachin.Rana@ad.mlclife.com.au,"zScaler,Active Directory"
Balaji Naidu,Konanki,BK00355709@TechMahindra.com,tm-Balaji.Konanki@ad.mlclife.com.au,"zScaler,Active Directory"
Ekbal,Ansari,EA00517505@TechMahindra.com,tm-ekbal.ansari@ad.mlclife.com.au,"zScaler,Active Directory"
