firstName,lastName,login,email
Danny,Li,POL-Danny.Li@ad.mlclife.com.au,danny@polonious.com.au
Nicholas,Fisher,POL-Nicholas.Fisher@ad.mlclife.com.au,nick.fisher@polonious.com.au
Ralf,Weinand,POL-Ralf.Weinand@ad.mlclife.com.au,ralf@polonious.com.au
Shane,De Kauwe,POL-shane.de.kauwe@ad.mlclife.com.au,shane.de.kauwe@polonious.com.au
Shek Mohammed,Salman,INF-Shek.Salman@ad.mlclife.com.au,shekmohammed_s@infosys.com
Subhashish,Sarkar,INF-Subhashis.Sarkar@ad.mlclife.com.au,subhashish.sarkar@infosys.com
Joy,Banerjee,TCS-Joy.Banerjee@ad.mlclife.com.au,joy.banerjee@tcs.com
Pinaki,Adhikary,TCS-Pinaki.Adhikary@ad.mlclife.com.au,pinaki.adhikary@tcs.com
Jhimly,Dutta,TCS-Jhimly.Dutta@ad.mlclife.com.au,Jhimly.Bhattacharyya@tcs.com
Rahul,Gurav,NAB-Rahul.Gurav@ad.mlclife.com.au,Rahul.Gurav@nab.com.au
Seema,Burde,INF-Seema.Burde@ad.mlclife.com.au,Karki_Burde@infosys.com
Ranjith,Sairam,TCS-Ranjith.Sairam@ad.mlclife.com.au,pr.sairam@tcs.com
Robert,Chen,NAB-Robert.Chen@ad.mlclife.com.au,Robert.Chen@nab.com.au
Nishith,Jyala,POL-Nishith.Jyala@ad.mlclife.com.au,nishith@polonious.com.au
