firstName,lastName,login,initialLogin
Janet,Lindsay,Janet.Lindsay@ad.mlclife.com.au,True
Cassandra,Walton,Cassandra.Walton@ad.mlclife.com.au,True
Nita,Mannering,Nita.Mannering@ad.mlclife.com.au,True
Kuang-Tao,Liu,Kuangtao.Liu@ad.mlclife.com.au,True
Amanda,Mcfie,Amanda.Mcfie@ad.mlclife.com.au,True
Karina,Shipway,Karina.Shipway@ad.mlclife.com.au,True
Miranda,Teh,Miranda.Teh@ad.mlclife.com.au,True
Sarah,Korman,Sarah.Korman@ad.mlclife.com.au,True
Cheryl,Antony,Cheryl.Antony@ad.mlclife.com.au,True
Gary,Bruce,Gary.Bruce@ad.mlclife.com.au,True
Mine,Acikgoz,Mine.Acikgoz@ad.mlclife.com.au,True
Natasha,Stevenson,Natasha.Stevenson@ad.mlclife.com.au,True
Joel,Vanderwert,Joel.Vanderwert@ad.mlclife.com.au,True
Marylene,Pal,Marylene.Pal@ad.mlclife.com.au,True
Junior,Fa'atoese,Junior.Faatoese@ad.mlclife.com.au,True
Kate,Brennan,Kate.Brennan@ad.mlclife.com.au,True
Melanie,Smith,Melanie.Smith@ad.mlclife.com.au,True
James,Minards,James.Minards@ad.mlclife.com.au,True
Diem,Nguyen,Diem.Nguyen@ad.mlclife.com.au,True
Kara,Ellings,Kara.Ellings@ad.mlclife.com.au,True
Victoria,McGowen,Victoria.McGowen@ad.mlclife.com.au,True
Liesje,Jansen Van Rensburg,L.JansenVanRensburg@ad.mlclife.com.au,True
Lukasz,Lipnicki,Lukasz.Lipnicki@ad.mlclife.com.au,True
Miranda,Perenise,Miranda.Perenise@ad.mlclife.com.au,True
Jeff,Hon,Jeff.Hon@ad.mlclife.com.au,True
Corinda,Maloney,Corinda.Maloney@ad.mlclife.com.au,True
Kanika,Babbar,Kanika.Babbar@ad.mlclife.com.au,True
Adam,Watt,Adam.Watt@ad.mlclife.com.au,True
Julie,Nichols,Julie.Nichols@ad.mlclife.com.au,True
Brendan,Carmichael,Brendan.Carmichael@ad.mlclife.com.au,True
Jason,Johnson,Jason.Johnson@ad.mlclife.com.au,True
Lauren,Reid,Lauren.Reid@ad.mlclife.com.au,True
Lauren,Phillips,Lauren.Phillips@ad.mlclife.com.au,True
Tiffany,Gill,Tiffany.Gill@ad.mlclife.com.au,True
Caroline,Vuong,Caroline.Vuong@ad.mlclife.com.au,True
Camilla,Agustin,Camilla.Agustin@ad.mlclife.com.au,True
Gregory,Stoitsis,Gregory.Stoitsis@ad.mlclife.com.au,True
Josephine,Anderson,Josephine.Anderson@ad.mlclife.com.au,True
Kate,Mein,Kate.Mein@ad.mlclife.com.au,True
Hasan,Kockaya,Hasan.Kockaya@ad.mlclife.com.au,True
David,Lugsdin,David.Lugsdin@ad.mlclife.com.au,True
Natalie,Xuereb,Natalie.Xuereb@ad.mlclife.com.au,True
Rebecca,Star,Rebecca.Star@ad.mlclife.com.au,True
Lidia,De jesus,Lidia.Dejesus@ad.mlclife.com.au,True
Shachi,Desai,Shachi.Desai@ad.mlclife.com.au,True
Gretel,Spizick,Gretel.Spizick@ad.mlclife.com.au,True
Edward,Howitt,Edward.Howitt@ad.mlclife.com.au,True
Noelle,Segi,Noelle.Segi@ad.mlclife.com.au,True
Pranav,Sood,Pranav.Sood@ad.mlclife.com.au,True
David,Rippon,David.Rippon@ad.mlclife.com.au,True
Mark,Forrest,Mark.Forrest@ad.mlclife.com.au,True
Caroline,Kaldas,Caroline.Kaldas@ad.mlclife.com.au,True
Averil,Thirlwall,Averil.Thirlwall@ad.mlclife.com.au,True
Tracey,Van Der Linde,Tracey.Vanderlinde@ad.mlclife.com.au,True
Melissa,Heyhoe,Melissa.Heyhoe@ad.mlclife.com.au,True
Lauren,Marshall,Lauren.Marshall@ad.mlclife.com.au,True
Bhavani,Kurru,Bhavani.Kurru@ad.mlclife.com.au,True
Veronica,Lee,Veronica.Lee@ad.mlclife.com.au,True
Amanda,Ide,Amanda.Ide@ad.mlclife.com.au,True
Peta,Lewis,Peta.Lewis@ad.mlclife.com.au,True
Stephen,Imbesi,Stephen.Imbesi@ad.mlclife.com.au,True
Nicholas,Gardiner,Nicholas.Gardiner@ad.mlclife.com.au,True
Brendan,Schneider,Brendan.Schneider@ad.mlclife.com.au,True
Carmen,Pascoe,Carmen.Pascoe@ad.mlclife.com.au,True
Yemima,Kurniawan,Yemima.Kurniawan@ad.mlclife.com.au,True
Peter,Dixon,Peter.Dixon@ad.mlclife.com.au,True
Connor,O'Shea,Connor.Oshea@ad.mlclife.com.au,True
Joanne,Baker,Joanne.Baker@ad.mlclife.com.au,True
Matthew,Newton,Matthew.Newton@ad.mlclife.com.au,True
Meredith,Taylor,Meredith.Taylor@ad.mlclife.com.au,True
Gavan,Purdy,Gavan.Purdy@ad.mlclife.com.au,True
Sarah,Richardson,Sarah.Richardson@ad.mlclife.com.au,True
Melissa,Boyd,Melissa.Boyd@ad.mlclife.com.au,True
Andreas,Vecchiet,Andreas.Vecchiet@ad.mlclife.com.au,True
Tanya,Turl,Tanya.Turl@ad.mlclife.com.au,True
Benjamin,Grant,Benjamin.Grant@ad.mlclife.com.au,True
Ramy,Bassily,Ramy.Bassily@ad.mlclife.com.au,True
Trijana,Wijoyo,Trijana.Wijoyo@ad.mlclife.com.au,True
Tomoko,Connolly,Tomoko.Connolly@ad.mlclife.com.au,True
Michelle,Lee,Michelle.Lee@ad.mlclife.com.au,True
Jayesh,Bhana,Jayesh.Bhana@ad.mlclife.com.au,True
Tobi,Ajibola,Tobi.Ajibola@ad.mlclife.com.au,True
Fiona,Robinson,Fiona.Robinson@ad.mlclife.com.au,True
Kate,Dolling,Kate.Dolling@ad.mlclife.com.au,True
Paul,Burce,Paul.Burce@ad.mlclife.com.au,True
Vanessa,Goldsmith,Vanessa.Goldsmith@ad.mlclife.com.au,True
Sarindi,Sumanasuriya,Sarindi.Sumanasuriya@ad.mlclife.com.au,True
Joseph,Zacharias,Joseph.Zacharias@ad.mlclife.com.au,True
Jessica,Du,Jessica.Du@ad.mlclife.com.au,True
Daniel,Erasmus,Daniel.Erasmus@ad.mlclife.com.au,True
Chanelle,Betham,Chanelle.Betham@ad.mlclife.com.au,True
Lucy,Dixon,Lucy.Dixon@ad.mlclife.com.au,True
Jasmine,Thankamoni,Jasmine.Thankamoni@ad.mlclife.com.au,True
Kara,Welsh,Kara.Welsh@ad.mlclife.com.au,True
Craig,Logan,Craig.Logan@ad.mlclife.com.au,True
Eleni,McLachlan,Eleni.McLachlan@ad.mlclife.com.au,True
Roberta,Shannon,Roberta.Shannon@ad.mlclife.com.au,True
Rachael,Rubic,Rachael.Rubic@ad.mlclife.com.au,True
Elliot,Sahlstrom,Elliot.Sahlstrom@ad.mlclife.com.au,True
Birago,Boakye,Birago.Boakye@ad.mlclife.com.au,True
Ali,Habib,Ali.Habib@ad.mlclife.com.au,True
Maria,Nedelkovski,Maria.Nedelkovski@ad.mlclife.com.au,True
Laura,Tucker,Laura.Tucker@ad.mlclife.com.au,True
Jeffrey,Patsouris,Jeffrey.Patsouris@ad.mlclife.com.au,True
Cherry,Yap,Cherry.Yap@ad.mlclife.com.au,True
Kristina,Farago,Kristina.Farago@ad.mlclife.com.au,True
Matthew,Lang,Matthew.Lang@ad.mlclife.com.au,True
Kristen,Kirk,Kristen.Kirk@ad.mlclife.com.au,True
Jessie,Nghiem,Jessie.Nghiem@ad.mlclife.com.au,True
Myrna,Gutierrez,Myrna.Gutierrez@ad.mlclife.com.au,True
Peter,Barnes,Peter.Barnes@ad.mlclife.com.au,True
Ashlyn,Letheby,Ashlyn.Letheby@ad.mlclife.com.au,True
Christine,Varchione,Christine.Varchione@ad.mlclife.com.au,True
Pauline,Mutton,Pauline.Mutton@ad.mlclife.com.au,True
Lalerek,Iap,Lalerek.Iap@ad.mlclife.com.au,True
James,Cameron,James.Cameron@ad.mlclife.com.au,True
Edwin,Adan,Edwin.Adan@ad.mlclife.com.au,True
Thuy M,Truong,Thuym.Truong@ad.mlclife.com.au,True
Jackie,Stewart,Jackie.Stewart@ad.mlclife.com.au,True
William,Harris,William.Harris@ad.mlclife.com.au,True
Timothy,Cairns,Timothy.Cairns@ad.mlclife.com.au,True
Helen,Perri,Helen.Perri@ad.mlclife.com.au,True
Angela,McLaughlin,Angela.McLaughlin@ad.mlclife.com.au,True
Samuel,Doherty,Samuel.Doherty@ad.mlclife.com.au,True
Bernard,Moore,Bernard.Moore@ad.mlclife.com.au,True
Scott,Stewart,Scott.Stewart@ad.mlclife.com.au,True
Maria,Di Santo,Maria.Disanto@ad.mlclife.com.au,True
Scott,Davidson,Scott.Davidson@ad.mlclife.com.au,True
Joanna,Sinclair,Joanna.Sinclair@ad.mlclife.com.au,True
Abigail,Tomisich,Abigail.Tomisich@ad.mlclife.com.au,True
Jennifer,Brown,Jennifer.Brown@ad.mlclife.com.au,True
Alice,Chiesa,Alice.Chiesa@ad.mlclife.com.au,True
Deanna,Delisio,Deanna.Delisio@ad.mlclife.com.au,True
Marina,Oltoumis,Marina.Oltoumis@ad.mlclife.com.au,True
Karen,Lau,Karen.Lau@ad.mlclife.com.au,True
Leanne,Weston,Leanne.Weston@ad.mlclife.com.au,True
Nella,Mondous,Nella.Mondous@ad.mlclife.com.au,True
Kourtney,De Friee,Kourtney.Defriee@ad.mlclife.com.au,True
Vivian,Susi,Vivian.Susi@ad.mlclife.com.au,True
Ellen,Perlic,Ellen.Perlic@ad.mlclife.com.au,True
Qun,Xiao,Qun.Xiao@ad.mlclife.com.au,True
Michael,Tobin,Michael.Tobin@ad.mlclife.com.au,True
Sean,Potter,Sean.Potter@ad.mlclife.com.au,True
Gaurav,Singla,Gaurav.Singla@ad.mlclife.com.au,True
Sarah,James,Sarah.James@ad.mlclife.com.au,True
Nicholas,Manetta,Nicholas.Manetta@ad.mlclife.com.au,True
Beverley,Wilden,Beverley.Wilden@ad.mlclife.com.au,True
Natalia,Moyano,Natalia.Moyano@ad.mlclife.com.au,True
Naveen,Manda,Naveen.Manda@ad.mlclife.com.au,True
Cameron,Crawford,Cameron.Crawford@ad.mlclife.com.au,True
Stacey,Simonetti,Stacey.Simonetti@ad.mlclife.com.au,True
Timothy,Roso,Timothy.Roso@ad.mlclife.com.au,True
Layal,Bilal,Layal.Bilal@ad.mlclife.com.au,True
Mark,Montealegre,Mark.Montealegre@ad.mlclife.com.au,True
Emine,Gurpinar,Emine.Gurpinar@ad.mlclife.com.au,True
Jenna,Humphries,Jenna.Humphries@ad.mlclife.com.au,True
Chris,ODonnell,Chris.ODonnell@ad.mlclife.com.au,True
Hai,To,Hai.To@ad.mlclife.com.au,True
De Hong,Su,Dehong.Su@ad.mlclife.com.au,True
Cyndi,Dang,Cyndi.Dang@ad.mlclife.com.au,True
Matthew,Venus,Matthew.Venus@ad.mlclife.com.au,True
Dung Quoc,Nguyen,Dungquoc.Nguyen@ad.mlclife.com.au,True
Minh,Pham,Minh.Pham@ad.mlclife.com.au,True
Day,Rajapakse,Day.Rajapakse@ad.mlclife.com.au,True
Jarrad,Booth,Jarrad.Booth@ad.mlclife.com.au,True
Listya,Lauwrencia,Listya.Lauwrencia@ad.mlclife.com.au,True
Richard,Russell,Richard.Russell@ad.mlclife.com.au,True
Simon,Dent,Simon.Dent@ad.mlclife.com.au,True
Lynette,Mogridge-Khan,Lynette.Mogridgekhan@ad.mlclife.com.au,True
Chris,Quinn,Chris.Quinn@ad.mlclife.com.au,True
Matthew,Keung,Matthew.Keung@ad.mlclife.com.au,True
Kamalakanta,Pradhan,Kamalakanta.Pradhan@ad.mlclife.com.au,True
James,Head,James.Head@ad.mlclife.com.au,True
Gary,Oberg,Gary.Oberg@ad.mlclife.com.au,True
Lisa,Curran,Lisa.Curran@ad.mlclife.com.au,True
Jackline,Barakat,Jackline.Barakat@ad.mlclife.com.au,True
Manpreet,Kohli,Manpreet.Kohli@ad.mlclife.com.au,True
Louise-Marie,Vasey,Louisemarie.Vasey@ad.mlclife.com.au,True
Sarah,Ellery,Sarah.Ellery@ad.mlclife.com.au,True
Catherine,Haszard,Catherine.Haszard@ad.mlclife.com.au,True
Peter,Sheehan,Peter.Sheehan@ad.mlclife.com.au,True
Andrew,Klimas,Andrew.Klimas@ad.mlclife.com.au,True
Tina,Menon,Tina.Menon@ad.mlclife.com.au,True
Shervonne,Sathianathen,S.Sathianathen@ad.mlclife.com.au,True
Rohan,Byrne,Rohan.Byrne@ad.mlclife.com.au,True
Faye,Rillstone,Faye.Rillstone@ad.mlclife.com.au,True
Helen,Barnett,Helen.Barnett@ad.mlclife.com.au,True
Aurie,Monteiro,Aurie.Monteiro@ad.mlclife.com.au,True
Genevieve,Gibson,Genevieve.Gibson@ad.mlclife.com.au,True
Ian,Collings,Ian.Collings@ad.mlclife.com.au,True
Vincenzo,Vallesi,Vincenzo.Vallesi@ad.mlclife.com.au,True
Quyen,Huynh,Quyen.Huynh@ad.mlclife.com.au,True
Gurpreet,Singh,Gurpreet.Singh@ad.mlclife.com.au,True
Jasmine,Honawar,Jasmine.Honawar@ad.mlclife.com.au,True
Bala,Shastri,Bala.Shastri@ad.mlclife.com.au,True
Rochani,Subasinghe,Rochani.Subasinghe@ad.mlclife.com.au,True
Fiona,Hosanee,Fiona.Hosanee@ad.mlclife.com.au,True
Kendell,Farley-Stewart,K.FarleyStewart@ad.mlclife.com.au,True
Sandra,Russell,Sandra.Russell@ad.mlclife.com.au,True
Tina,Freier,Tina.Freier@ad.mlclife.com.au,True
Livio,Corsaro,Livio.Corsaro@ad.mlclife.com.au,True
Claire,Kuan,Claire.Kuan@ad.mlclife.com.au,True
Jenelyn,Faiva,Jenelyn.Faiva@ad.mlclife.com.au,True
Sarah,Crivelli,Sarah.Crivelli@ad.mlclife.com.au,True
Viera,Pye,Viera.Pye@ad.mlclife.com.au,True
Theresa,Jory,Theresa.Jory@ad.mlclife.com.au,True
Daniel,Corsaletti,Daniel.Corsaletti@ad.mlclife.com.au,True
Kelly,Ford,Kelly.Ford@ad.mlclife.com.au,True
Luke,Jones,Luke.Jones@ad.mlclife.com.au,True
Deborah,Holmes,Deborah.Holmes@ad.mlclife.com.au,True
Lisa,Lacey,Lisa.Lacey@ad.mlclife.com.au,True
Maria,Santero,Maria.Santero@ad.mlclife.com.au,True
Thanh,Nguyen,Thanh.Nguyen@ad.mlclife.com.au,True
Heather,Jahn,Heather.Jahn@ad.mlclife.com.au,True
Jerome,Copeman,Jerome.Copeman@ad.mlclife.com.au,True
Brooke,McLoughlan,Brooke.McLoughlan@ad.mlclife.com.au,True
Daniel,Levy,Daniel.Levy@ad.mlclife.com.au,True
Bernadette,Sy-Cardente,B.SyCardente@ad.mlclife.com.au,True
My Lien,Le,Mylien.Le@ad.mlclife.com.au,True
Stephanie,Lack,Stephanie.Lack@ad.mlclife.com.au,True
Christine,Taranto,Christine.Taranto@ad.mlclife.com.au,True
Mary,Magallanes,Mary.Magallanes@ad.mlclife.com.au,True
Dion,Kelly,Dion.Kelly@ad.mlclife.com.au,True
Tracey,Stanley,Tracey.Stanley@ad.mlclife.com.au,True
Lucy,Scott,Lucy.Scott@ad.mlclife.com.au,True
Rowena,Ly,Rowena.Ly@ad.mlclife.com.au,True
Catherine,Kennedy,Catherine.Kennedy@ad.mlclife.com.au,True
Megan,Williams,Megan.Williams@ad.mlclife.com.au,True
Nandini,Pillai,Nandini.Pillai@ad.mlclife.com.au,True
Robert,Tran,Robert.Tran@ad.mlclife.com.au,True
Samantha,Kent,Samantha.Kent@ad.mlclife.com.au,True
Joan Sybil,Faglioni,Joansybil.Faglioni@ad.mlclife.com.au,True
Jeri,Thomas,Jeri.Thomas@ad.mlclife.com.au,True
William,Wong,William.Wong@ad.mlclife.com.au,True
David,Cranney,David.Cranney@ad.mlclife.com.au,True
Kathryn,Marshall,Kathryn.Marshall@ad.mlclife.com.au,True
Maria,Huhta,Maria.Huhta@ad.mlclife.com.au,True
Eleanor,De Souza,Eleanor.Desouza@ad.mlclife.com.au,True
Linda,King,Linda.King@ad.mlclife.com.au,True
Adam,Arnel,Adam.Arnel@ad.mlclife.com.au,True
Lyndon,Gardiner,Lyndon.Gardiner@ad.mlclife.com.au,True
Nicole,Rubin,Nicole.Rubin@ad.mlclife.com.au,True
Janice,Abdilla,Janice.Abdilla@ad.mlclife.com.au,True
Jordan,Warren,Jordan.Warren@ad.mlclife.com.au,True
Benjamin,Scantlebury,Benjamin.Scantlebury@ad.mlclife.com.au,True
Adrian,Ortega,Adrian.Ortega@ad.mlclife.com.au,True
Andrew,Wasylewicz,Andrew.Wasylewicz@ad.mlclife.com.au,True
Melina,Di Benedetto,Melina.Dibenedetto@ad.mlclife.com.au,True
Kane,Shearer,Kane.Shearer@ad.mlclife.com.au,True
Fiona,Cassidy,Fiona.Cassidy@ad.mlclife.com.au,True
Collier,Gareth,Collier.Gareth@ad.mlclife.com.au,True
Adrien,Durand Deslongrais,A.DurandDeslongrais@ad.mlclife.com.au,True
Michael,Shagrin,Michael.Shagrin@ad.mlclife.com.au,True
Robert,Mattiuzzo,Robert.Mattiuzzo@ad.mlclife.com.au,True
Cindy,Taylor,Cindy.Taylor@ad.mlclife.com.au,True
Pallavi,Sahai,Pallavi.Sahai@ad.mlclife.com.au,True
Amanda,Frazer,Amanda.Frazer@ad.mlclife.com.au,True
Julie,Banh,Julie.Banh@ad.mlclife.com.au,True
Mrinalendu,Dey,Mrinalendu.Dey@ad.mlclife.com.au,True
Shahad,Yacoub,Shahad.Yacoub@ad.mlclife.com.au,True
Michelle,Kirby,Michelle.Kirby@ad.mlclife.com.au,True
Lu Kha Ai,Huynh,LuKhaai.Huynh@ad.mlclife.com.au,True
Anilkumar,Dasaiah,Anilkumar.Dasaiah@ad.mlclife.com.au,True
Vojko,Trebar,Vojko.Trebar@ad.mlclife.com.au,True
Indrakshi,Bhan,Indrakshi.Bhan@ad.mlclife.com.au,True
Nova,Bandian,Nova.Bandian@ad.mlclife.com.au,True
Nadeya,Ijaz,Nadeya.Ijaz@ad.mlclife.com.au,True
Nicholas,Molnar,Nicholas.Molnar@ad.mlclife.com.au,True
Samantha,Singleton,Samantha.Singleton@ad.mlclife.com.au,True
Neil,Tambourine,Neil.Tambourine@ad.mlclife.com.au,True
Sally,Banyai,Sally.Banyai@ad.mlclife.com.au,True
Yu,Fu,Yu.Fu@ad.mlclife.com.au,True
Samantha,Tate,Samantha.Tate@ad.mlclife.com.au,True
Katie,Adriaans,Katie.Adriaans@ad.mlclife.com.au,True
Tracy,Bullion,Tracy.Bullion@ad.mlclife.com.au,True
Matthew,Mitchell,Matthew.Mitchell@ad.mlclife.com.au,True
Lianda,Stoel,Lianda.Stoel@ad.mlclife.com.au,True
Daijiro,Hirata,Daijiro.Hirata@ad.mlclife.com.au,True
Oethellebert,Paningbatan,O.Paningbatan@ad.mlclife.com.au,True
Michael,Denmeade,Michael.Denmeade@ad.mlclife.com.au,True
Carly,Sebestyen,Carly.Sebestyen@ad.mlclife.com.au,True
Sylvia,Zhang,Sylvia.Zhang@ad.mlclife.com.au,True
Benjamin,Horsfall,Benjamin.Horsfall@ad.mlclife.com.au,True
Alfred,Chu,Alfred.Chu@ad.mlclife.com.au,True
Marina,Kelman,Marina.Kelman@ad.mlclife.com.au,True
Sara,Morovic,Sara.Morovic@ad.mlclife.com.au,True
Long,Mai,Long.Mai@ad.mlclife.com.au,True
Alexandra,Rima,Alexandra.Rima@ad.mlclife.com.au,True
Lies,Vanmechelen,Lies.Vanmechelen@ad.mlclife.com.au,True
Kane,Salter,Kane.Salter@ad.mlclife.com.au,True
Claire,Wharton,Claire.Wharton@ad.mlclife.com.au,True
Luke,Hyde,Luke.Hyde@ad.mlclife.com.au,True
Angela,Pimpinella,Angela.Pimpinella@ad.mlclife.com.au,True
Mark,Stanley,Mark.Stanley@ad.mlclife.com.au,True
Yolandi,Jardim,Yolandi.Jardim@ad.mlclife.com.au,True
Tiffany,Davies,Tiffany.Davies@ad.mlclife.com.au,True
Tim,Evans,Tim.Evans@ad.mlclife.com.au,True
Anabela,Kohn,Anabela.Kohn@ad.mlclife.com.au,True
Natasha,Mezzina,Natasha.Mezzina@ad.mlclife.com.au,True
Keith,Partridge,Keith.Partridge@ad.mlclife.com.au,True
John,Giannikos,John.Giannikos@ad.mlclife.com.au,True
Calvin,Tran,Calvin.Tran@ad.mlclife.com.au,True
David,Danckert,David.Danckert@ad.mlclife.com.au,True
James,Andruczyk,James.Andruczyk@ad.mlclife.com.au,True
David,Hackett,David.Hackett@ad.mlclife.com.au,True
Anthony,Huynh,Anthony.Huynh@ad.mlclife.com.au,True
Chris,Clarke,Chris.Clarke@ad.mlclife.com.au,True
Susan,Conway,Susan.Conway@ad.mlclife.com.au,True
David,Wetzler,David.Wetzler@ad.mlclife.com.au,True
Matteo,Sessa,Matteo.Sessa@ad.mlclife.com.au,True
Kristania,Lusinta,Kristania.Lusinta@ad.mlclife.com.au,True
Helen,Henderson,Helen.Henderson@ad.mlclife.com.au,True
Chris,Wickliffe,Chris.Wickliffe@ad.mlclife.com.au,True
Alison,Turner,Alison.Turner@ad.mlclife.com.au,True
Tom,Sutherland,Tom.Sutherland@ad.mlclife.com.au,True
Nicholas,Ross,Nicholas.Ross@ad.mlclife.com.au,True
Nelson,Wrightman,Nelson.Wrightman@ad.mlclife.com.au,True
Sally,Mpaluko,Sally.Mpaluko@ad.mlclife.com.au,True
Vikram,Obla,Vikram.Obla@ad.mlclife.com.au,True
Karen,Mills,Karen.Mills@ad.mlclife.com.au,True
Charlotte,Sheehan,Charlotte.Sheehan@ad.mlclife.com.au,True
Jeremy,Anthony,Jeremy.Anthony@ad.mlclife.com.au,True
Michelle,Harvey,Michelle.Harvey@ad.mlclife.com.au,True
Adam,Small,Adam.Small@ad.mlclife.com.au,True
Jessica Lauren,Orecchio,J.Orecchio@ad.mlclife.com.au,True
Robert,Rayatt,Robert.Rayatt@ad.mlclife.com.au,True
Julianne,Cordeta,Julianne.Cordeta@ad.mlclife.com.au,True
Margot,Clarke,Margot.Clarke@ad.mlclife.com.au,True
Chris,Scheuber,Chris.Scheuber@ad.mlclife.com.au,True
Suzanne,Oliver,Suzanne.Oliver@ad.mlclife.com.au,True
Lisa,Rance,Lisa.Rance@ad.mlclife.com.au,True
Nichola,Caddeo,Nichola.Caddeo@ad.mlclife.com.au,True
Carol,Gorman,Carol.Gorman@ad.mlclife.com.au,True
Wayne,Willis-Davis,Wayne.Willisdavis@ad.mlclife.com.au,True
Senthilkumar,Chandrakumar,S.Chandrakumar@ad.mlclife.com.au,True
Dawn,Cohen,Dawn.Cohen@ad.mlclife.com.au,True
Robyn,Taylor,Robyn.Taylor@ad.mlclife.com.au,True
Bryan,Herbias,Bryan.Herbias@ad.mlclife.com.au,True
Duyen,Pham,Duyen.Pham@ad.mlclife.com.au,True
Noel,Adams,Noel.Adams@ad.mlclife.com.au,True
Mark,Casey,Mark.Casey@ad.mlclife.com.au,True
Alastair,Adamson,Alastair.Adamson@ad.mlclife.com.au,True
Chad,Roscoe,Chad.Roscoe@ad.mlclife.com.au,True
Sulochana,Dangol,Sulochana.Dangol@ad.mlclife.com.au,True
Jenelle,O???Mahony,Jenelle.OMahony@ad.mlclife.com.au,True
Wade,Miller,Wade.Miller@ad.mlclife.com.au,True
Priyangika,Jayasooriya,P.Jayasooriya@ad.mlclife.com.au,True
Ben,Walker,Ben.Walker@ad.mlclife.com.au,True
Samuel,Davis,Samuel.Davis@ad.mlclife.com.au,True
Anson,Hu,Anson.Hu@ad.mlclife.com.au,True
Jealousy,Grave,Jealousy.Grave@ad.mlclife.com.au,True
Mirella,Paolucci,Mirella.Paolucci@ad.mlclife.com.au,True
Natalia,Rossiter,Natalia.Rossiter@ad.mlclife.com.au,True
Megan,Troitsin,Megan.Troitsin@ad.mlclife.com.au,True
Ruth,Yoseline,Ruth.Yoseline@ad.mlclife.com.au,True
Barry,Dillon,Barry.Dillon@ad.mlclife.com.au,True
Allira,Worland,Allira.Worland@ad.mlclife.com.au,True
Stephen,Sefton,Stephen.Sefton@ad.mlclife.com.au,True
Henri,Deslongrais,Henri.Deslongrais@ad.mlclife.com.au,True
Cheng Yao,Tang,Chengyao.Tang@ad.mlclife.com.au,True
Stephen,Trist,Stephen.Trist@ad.mlclife.com.au,True
Tony,Su,Tony.Su@ad.mlclife.com.au,True
Louise,Burwood,Louise.Burwood@ad.mlclife.com.au,True
Liza,Dresner,Liza.Dresner@ad.mlclife.com.au,True
Amanda,Kirby,Amanda.Kirby@ad.mlclife.com.au,True
Yuki,Kunimura,Yuki.Kunimura@ad.mlclife.com.au,True
Maria,Aguilar,Maria.Aguilar@ad.mlclife.com.au,True
Zoe,Petruzzelli,Zoe.Petruzzelli@ad.mlclife.com.au,True
Kathrine,Garwood,Kathrine.Garwood@ad.mlclife.com.au,True
Shannon,Carlson,Shannon.Carlson@ad.mlclife.com.au,True
Jennifer,Askham,Jennifer.Askham@ad.mlclife.com.au,True
Arthur,Gleyberman,Arthur.Gleyberman@ad.mlclife.com.au,True
Timothy,Howes,Timothy.Howes@ad.mlclife.com.au,True
Vaseetal,Prasad,Vaseetal.Prasad@ad.mlclife.com.au,True
Mary,Stamatopoulos,Mary.Stamatopoulos@ad.mlclife.com.au,True
Lynette,Prasad,Lynette.Prasad@ad.mlclife.com.au,True
Clare,Watts,Clare.Watts@ad.mlclife.com.au,True
Anna,Cunningham,Anna.Cunningham@ad.mlclife.com.au,True
Nga,Nguyen,Nga.Nguyen@ad.mlclife.com.au,True
Dionysios,Fragkoulis,Dionysios.Fragkoulis@ad.mlclife.com.au,True
Nick,D'arcy-Fox,Nick.Darcyfox@ad.mlclife.com.au,True
Marc,Cleland,Marc.Cleland@ad.mlclife.com.au,True
Melissa,Sadik,Melissa.Sadik@ad.mlclife.com.au,True
Michael,Oliver,Michael.Oliver@ad.mlclife.com.au,True
Ashlyn,Mattiske,Ashlyn.Mattiske@ad.mlclife.com.au,True
Karen,Ward,Karen.Ward@ad.mlclife.com.au,True
Ariel,Kantor,Ariel.Kantor@ad.mlclife.com.au,True
Stephanie,Cafari,Stephanie.Cafari@ad.mlclife.com.au,True
Robert,Dickins,Robert.Dickins@ad.mlclife.com.au,True
Nicholas,Lagarrigue,Nicholas.Lagarrigue@ad.mlclife.com.au,True
Simon,Hutchinson,Simon.Hutchinson@ad.mlclife.com.au,True
Gemma,Kyle,Gemma.Kyle@ad.mlclife.com.au,True
Luigi,Santo,Luigi.Santo@ad.mlclife.com.au,True
Noel,Goodwin,Noel.Goodwin@ad.mlclife.com.au,True
James,Mitchell,James.Mitchell@ad.mlclife.com.au,True
Kalolaine,Ika,Kalolaine.Ika@ad.mlclife.com.au,True
Andrew,Grima,Andrew.Grima@ad.mlclife.com.au,True
Sechelle,Matheson,Sechelle.Matheson@ad.mlclife.com.au,True
Moy Yin,Chow Fat Lun,Moyyin.Chowfatlun@ad.mlclife.com.au,True
Sandy,Lozano,Sandy.Lozano@ad.mlclife.com.au,True
Jacqueline,Heenan,Jacqueline.Heenan@ad.mlclife.com.au,True
Bernadette,Matijas,Bernadette.Matijas@ad.mlclife.com.au,True
David,Colson,David.Colson@ad.mlclife.com.au,True
Elisabeth,Joyner,Elisabeth.Joyner@ad.mlclife.com.au,True
Kajake Akhila,Bhat,Kajakeakhila.Bhat@ad.mlclife.com.au,True
Janette,Torise,Janette.Torise@ad.mlclife.com.au,True
Michael,Di Battista,Michael.Dibattista@ad.mlclife.com.au,True
Victoria,Tennent,Victoria.Tennent@ad.mlclife.com.au,True
Daniel,Hill,Daniel.Hill@ad.mlclife.com.au,True
Paul,Wallis,Paul.Wallis@ad.mlclife.com.au,True
John,Griffiths,John.Griffiths@ad.mlclife.com.au,True
Terri,Jorgensen,Terri.Jorgensen@ad.mlclife.com.au,True
Jacqueline,Lioe,Jacqueline.Lioe@ad.mlclife.com.au,True
Tian,He,Tian.He@ad.mlclife.com.au,True
Asahi,Kobayashi,Asahi.Kobayashi@ad.mlclife.com.au,True
Anthony,Smith,Anthony.Smith@ad.mlclife.com.au,True
Simon,Mackinnon,Simon.Mackinnon@ad.mlclife.com.au,True
Selene,Trejo,Selene.Trejo@ad.mlclife.com.au,True
Daniela,Fedele,Daniela.Fedele@ad.mlclife.com.au,True
Andrew,Hodges,Andrew.Hodges@ad.mlclife.com.au,True
Sarah,Kay,Sarah.Kay@ad.mlclife.com.au,True
Dai,Tran,Dai.Tran@ad.mlclife.com.au,True
Nihara,Ranasinghe,Nihara.Ranasinghe@ad.mlclife.com.au,True
Jalpa,Padaria,Jalpa.Padaria@ad.mlclife.com.au,True
Barbara,Kelly,Barbara.Kelly@ad.mlclife.com.au,True
Daniel,Bui,Daniel.Bui@ad.mlclife.com.au,True
Billy,Phung,Billy.Phung@ad.mlclife.com.au,True
Darren,Robinson,Darren.Robinson@ad.mlclife.com.au,True
Michele,Foulds,Michele.Foulds@ad.mlclife.com.au,True
Timothy,Mudasia,Timothy.Mudasia@ad.mlclife.com.au,True
Elizabeth,Smith,Elizabeth.Smith@ad.mlclife.com.au,True
Brendan,Falconer,Brendan.Falconer@ad.mlclife.com.au,True
Tamara,Ballard Maher,Tamara.Ballardmaher@ad.mlclife.com.au,True
Monique,Carpenter,Monique.Carpenter@ad.mlclife.com.au,True
Geoff,Carbert,Geoff.Carbert@ad.mlclife.com.au,True
Lloyd,Smith,Lloyd.Smith@ad.mlclife.com.au,True
Vinh,Nguyen,Vinh.Nguyen@ad.mlclife.com.au,True
Thomas,Walker,Thomas.Walker@ad.mlclife.com.au,True
Niamh,O'Connell,Niamh.Oconnell@ad.mlclife.com.au,True
Christopher,Stuart,Christopher.Stuart@ad.mlclife.com.au,True
Addam,Mallett,Addam.Mallett@ad.mlclife.com.au,True
Melita,Wilcox,Melita.Wilcox@ad.mlclife.com.au,True
Jason,Walsh,Jason.Walsh@ad.mlclife.com.au,True
Neil,Curran,Neil.Curran@ad.mlclife.com.au,True
Sarah,Gaudion,Sarah.Gaudion@ad.mlclife.com.au,True
Nicholas,Plaister,Nicholas.Plaister@ad.mlclife.com.au,True
Stacey,Haase,Stacey.Haase@ad.mlclife.com.au,True
Julie,Kirby,Julie.Kirby@ad.mlclife.com.au,True
David,Le,David.Le@ad.mlclife.com.au,True
Si Nhon,Ngo,Sinhon.Ngo@ad.mlclife.com.au,True
Robbi,Ewert,Robbi.Ewert@ad.mlclife.com.au,True
Faryn,Cressy,Faryn.Cressy@ad.mlclife.com.au,True
Evangelia,Andaras,Evangelia.Andaras@ad.mlclife.com.au,True
Kristin,Gill,Kristin.Gill@ad.mlclife.com.au,True
Alexandra,Amory,Alexandra.Amory@ad.mlclife.com.au,True
Rajneesh,Singh,Rajneesh.Singh@ad.mlclife.com.au,True
Mukul,Verma,Mukul.Verma@ad.mlclife.com.au,True
Moushree,Bhattacharya,M.Bhattacharya@ad.mlclife.com.au,True
Jarrod,Ellery,Jarrod.Ellery@ad.mlclife.com.au,True
Marcus,Watkins,Marcus.Watkins@ad.mlclife.com.au,True
Carla,Aldemir,Carla.Aldemir@ad.mlclife.com.au,True
Jason,Fuoco,Jason.Fuoco@ad.mlclife.com.au,True
Leo,Choy,Leo.Choy@ad.mlclife.com.au,True
Lisa,Thornton,Lisa.Thornton@ad.mlclife.com.au,True
Catherine,Cho,Catherine.Cho@ad.mlclife.com.au,True
Josephine,Bono,Josephine.Bono@ad.mlclife.com.au,True
Veena,Rajaratinam,Veena.Rajaratinam@ad.mlclife.com.au,True
Gregor,Hartnell,Gregor.Hartnell@ad.mlclife.com.au,True
Stephanie,Kouts,Stephanie.Kouts@ad.mlclife.com.au,True
Deanne,Ritchie,Deanne.Ritchie@ad.mlclife.com.au,True
Peter,McFarlane,Peter.McFarlane@ad.mlclife.com.au,True
Bryan,Lee,Bryan.Lee@ad.mlclife.com.au,True
Brooke,Fearne,Brooke.Fearne@ad.mlclife.com.au,True
Marie,De Boucherville,Marie.Deboucherville@ad.mlclife.com.au,True
Nammaiah,Ikkurthi,Nammaiah.Ikkurthi@ad.mlclife.com.au,True
Chihaya,Tsuji,Chihaya.Tsuji@ad.mlclife.com.au,True
Paresh,Fofandi,Paresh.Fofandi@ad.mlclife.com.au,True
Simon,Thomas,Simon.Thomas@ad.mlclife.com.au,True
Kevin,Jayawardena,Kevin.Jayawardena@ad.mlclife.com.au,True
Jessica,Nash,Jessica.Nash@ad.mlclife.com.au,True
Selena,Jordan,Selena.Jordan@ad.mlclife.com.au,True
Thotapitiya Arachchilage Kivindra Eranga,Dayananda,T.Dayananda@ad.mlclife.com.au,True
Dominic,Caristo,Dominic.Caristo@ad.mlclife.com.au,True
Ella,O'Sullivan,Ella.Osullivan@ad.mlclife.com.au,True
Hendri,Kosasih,Hendri.Kosasih@ad.mlclife.com.au,True
Ana,Pantos Verbic,Ana.Pantosverbic@ad.mlclife.com.au,True
Grace,Mene,Grace.Mene@ad.mlclife.com.au,True
Peter,Gough,Peter.Gough@ad.mlclife.com.au,True
Connie,Pistone,Connie.Pistone@ad.mlclife.com.au,True
Spiro,Vizzini,Spiro.Vizzini@ad.mlclife.com.au,True
Danielle,West,Danielle.West@ad.mlclife.com.au,True
Alan,Tealby,Alan.Tealby@ad.mlclife.com.au,True
Anastasia,Alamaras,Anastasia.Alamaras@ad.mlclife.com.au,True
Anton,Resch,Anton.Resch@ad.mlclife.com.au,True
Alison,Conway,Alison.Conway@ad.mlclife.com.au,True
Dakshita,Shah,Dakshita.Shah@ad.mlclife.com.au,True
Phelan,Assawa,Phelan.Assawa@ad.mlclife.com.au,True
Jun,Wu,Jun.Wu@ad.mlclife.com.au,True
Ian,Horner,Ian.Horner@ad.mlclife.com.au,True
Sheenal,Srivastava,Sheenal.Srivastava@ad.mlclife.com.au,True
Kylee,Millis,Kylee.Millis@ad.mlclife.com.au,True
Hunter,Huang,Hunter.Huang@ad.mlclife.com.au,True
Christopher,Woolfrey,Christopher.Woolfrey@ad.mlclife.com.au,True
Josephine,Cusmano,Josephine.Cusmano@ad.mlclife.com.au,True
Voula,Rigas,Voula.Rigas@ad.mlclife.com.au,True
Michelle,McDonald,Michelle.McDonald@ad.mlclife.com.au,True
Rodolfo,D'Onofrio,Rodolfo.Donofrio@ad.mlclife.com.au,True
Georgia,Kennedy,Georgia.Kennedy@ad.mlclife.com.au,True
Tassi-mae,Mahanga,Tassimae.Mahanga@ad.mlclife.com.au,True
Melanie,Wong,Melanie.Wong@ad.mlclife.com.au,True
Masood,Samadi,Masood.Samadi@ad.mlclife.com.au,True
James,Ross,James.Ross@ad.mlclife.com.au,True
Antoni,Sadowski,Antoni.Sadowski@ad.mlclife.com.au,True
Jerah,Go,Jerah.Go@ad.mlclife.com.au,True
Adrian,Carabella,Adrian.Carabella@ad.mlclife.com.au,True
Rozanne,Biddle,Rozanne.Biddle@ad.mlclife.com.au,True
Sheetal,Shah,Sheetal.Shah@ad.mlclife.com.au,True
Kandy,Wilson,Kandy.Wilson@ad.mlclife.com.au,True
Priyanka,Holla,Priyanka.Holla@ad.mlclife.com.au,True
Akin,Lim,Akin.Lim@ad.mlclife.com.au,True
Diana,Brown,Diana.Brown@ad.mlclife.com.au,True
Antony,Harper,Antony.Harper@ad.mlclife.com.au,True
Katrina,Musumeci,Katrina.Musumeci@ad.mlclife.com.au,True
Jennifer,Knowles,Jennifer.Knowles@ad.mlclife.com.au,True
Kathryn,Pollastrini,Kathryn.Pollastrini@ad.mlclife.com.au,True
Gillian,Murray,Gillian.Murray@ad.mlclife.com.au,True
Rachel,Boughton,Rachel.Boughton@ad.mlclife.com.au,True
Thanh,Hoang,Thanh.Hoang@ad.mlclife.com.au,True
Sabrina,Tavalu,Sabrina.Tavalu@ad.mlclife.com.au,True
Trisha,McNeil,Trisha.McNeil@ad.mlclife.com.au,True
Michael,Arnold,Michael.Arnold@ad.mlclife.com.au,True
Nick,Jenkin,Nick.Jenkin@ad.mlclife.com.au,True
Silviu,Codreanu,Silviu.Codreanu@ad.mlclife.com.au,True
Seow,Tan,Seow.Tan@ad.mlclife.com.au,True
Kerry,Murphy,Kerry.Murphy@ad.mlclife.com.au,True
Jake,Ward,Jake.Ward@ad.mlclife.com.au,True
Anthony,Sideris,Anthony.Sideris@ad.mlclife.com.au,True
Lydia,Ristevski,Lydia.Ristevski@ad.mlclife.com.au,True
Andrew Thomas,Pyle,Andrewthomas.Pyle@ad.mlclife.com.au,True
Marie,Cocheril,Marie.Cocheril@ad.mlclife.com.au,True
Tonia,Pham,Tonia.Pham@ad.mlclife.com.au,True
Dean,Penfold,Dean.Penfold@ad.mlclife.com.au,True
Peta,Bowes-Jensen,Peta.Bowesjensen@ad.mlclife.com.au,True
Sharon,McLeod,Sharon.McLeod@ad.mlclife.com.au,True
Emily,Wilcox,Emily.Wilcox@ad.mlclife.com.au,True
Dinah,Munro,Dinah.Munro@ad.mlclife.com.au,True
Sarah,Kennedy,Sarah.Kennedy@ad.mlclife.com.au,True
Andrew,Foster,Andrew.Foster@ad.mlclife.com.au,True
Nicolle,Glover,Nicolle.Glover@ad.mlclife.com.au,True
Vivianne,Elliott,Vivianne.Elliott@ad.mlclife.com.au,True
Gareth,Johnson,Gareth.Johnson@ad.mlclife.com.au,True
Adrian,Purvis,Adrian.Purvis@ad.mlclife.com.au,True
Keegan,Hopa,Keegan.Hopa@ad.mlclife.com.au,True
Hayden,McLean,Hayden.McLean@ad.mlclife.com.au,True
Priyunko,Paul,Priyunko.Paul@ad.mlclife.com.au,True
James,Cotton,James.Cotton@ad.mlclife.com.au,True
Mimma,Muncan,Mimma.Muncan@ad.mlclife.com.au,True
Roslyn,Stanic,Roslyn.Stanic@ad.mlclife.com.au,True
Elizabeth,Tunha,Elizabeth.Tunha@ad.mlclife.com.au,True
Katherine,Levanes,Katherine.Levanes@ad.mlclife.com.au,True
Yohana,Sutrisno,Yohana.Sutrisno@ad.mlclife.com.au,True
Andrija,Atic,Andrija.Atic@ad.mlclife.com.au,True
Joanna,Else,Joanna.Else@ad.mlclife.com.au,True
Jeffrey,Chan,Jeffrey.Chan@ad.mlclife.com.au,True
Paula,Ramsey,Paula.Ramsey@ad.mlclife.com.au,True
Nicholas,Branson,Nicholas.Branson@ad.mlclife.com.au,True
Emily,Molloy,Emily.Molloy@ad.mlclife.com.au,True
Philippa,Jacombs,Philippa.Jacombs@ad.mlclife.com.au,True
Caajal,Reddy,Caajal.Reddy@ad.mlclife.com.au,True
Martin,Bay,Martin.Bay@ad.mlclife.com.au,True
Claire,Axelson,Claire.Axelson@ad.mlclife.com.au,True
Katherine,Ashe,Katherine.Ashe@ad.mlclife.com.au,True
Phillip,Moon,Phillip.Moon@ad.mlclife.com.au,True
Trishala,Sethi,Trishala.Sethi@ad.mlclife.com.au,True
Luke,Slater,Luke.Slater@ad.mlclife.com.au,True
Megan,Clements,Megan.Clements@ad.mlclife.com.au,True
Matthew,Schreenan,Matthew.Schreenan@ad.mlclife.com.au,True
Shilpa,Ratti,Shilpa.Ratti@ad.mlclife.com.au,True
Simon,Stedman,Simon.Stedman@ad.mlclife.com.au,True
Wee Keat,Chin,Weekeat.Chin@ad.mlclife.com.au,True
Joanna,Labrooy,Joanna.Labrooy@ad.mlclife.com.au,True
Leigh,Hays,Leigh.Hays@ad.mlclife.com.au,True
Roy,Cushan,Roy.Cushan@ad.mlclife.com.au,True
Sophia,Thaqi,Sophia.Thaqi@ad.mlclife.com.au,True
Joseph,Ross,Joseph.Ross@ad.mlclife.com.au,True
Jo,Wood,Jo.Wood@ad.mlclife.com.au,True
Marcus,Makin,Marcus.Makin@ad.mlclife.com.au,True
Simon,Martin,Simon.Martin@ad.mlclife.com.au,True
Martin,Madsen,Martin.Madsen@ad.mlclife.com.au,True
Murray,Gough,Murray.Gough@ad.mlclife.com.au,True
Sean,Dockray,Sean.Dockray@ad.mlclife.com.au,True
Siev,Sau,Siev.Sau@ad.mlclife.com.au,True
Khanh Hong,Vuu,Khanhhong.Vuu@ad.mlclife.com.au,True
Sasha,Ward,Sasha.Ward@ad.mlclife.com.au,True
Halime,Turkoglu,Halime.Turkoglu@ad.mlclife.com.au,True
Peter,Murphy,Peter.Murphy@ad.mlclife.com.au,True
Sam,Hassett,Sam.Hassett@ad.mlclife.com.au,True
Phillip,Robinson,Phillip.Robinson@ad.mlclife.com.au,True
James,Stewart,James.Stewart@ad.mlclife.com.au,True
John,Thomson,John.Thomson@ad.mlclife.com.au,True
Tara,Gibbons,Tara.Gibbons@ad.mlclife.com.au,True
Claire,Smart,Claire.Smart@ad.mlclife.com.au,True
Kelly,Rielly,Kelly.Rielly@ad.mlclife.com.au,True
Andrew,Duell,Andrew.Duell@ad.mlclife.com.au,True
Venetia,Tan,Venetia.Tan@ad.mlclife.com.au,True
Suzanne,Smith,Suzanne.Smith@ad.mlclife.com.au,True
Rohan,Jesudason,Rohan.Jesudason@ad.mlclife.com.au,True
Peter,Cerasa,Peter.Cerasa@ad.mlclife.com.au,True
Marco,Calvani,Marco.Calvani@ad.mlclife.com.au,True
Alastair,Hunter,Alastair.Hunter@ad.mlclife.com.au,True
Tony,Femia,Tony.Femia@ad.mlclife.com.au,True
Sotirios,Malliaros,Sotirios.Malliaros@ad.mlclife.com.au,True
Jodie,Frazer,Jodie.Frazer@ad.mlclife.com.au,True
Jason,Mansfield,Jason.Mansfield@ad.mlclife.com.au,True
Natalie,Eckersall,Natalie.Eckersall@ad.mlclife.com.au,True
Peter,Olivia,Peter.Olivia@ad.mlclife.com.au,True
Katherine,Drury,Katherine.Drury@ad.mlclife.com.au,True
Meifen,Luo,Meifen.Luo@ad.mlclife.com.au,True
Muhuda,Mohamed,Muhuda.Mohamed@ad.mlclife.com.au,True
Anuraada,Sellathurai,Anuraada.Sellathurai@ad.mlclife.com.au,True
Bruce,Zhang,Bruce.Zhang@ad.mlclife.com.au,True
Manolia,Simos,Manolia.Simos@ad.mlclife.com.au,True
San,Wong,San.Wong@ad.mlclife.com.au,True
Judith,Fitzgerald,Judith.Fitzgerald@ad.mlclife.com.au,True
Claire,Van Gils,Claire.Vangils@ad.mlclife.com.au,True
Premananthan,Nadesan,Premananthan.Nadesan@ad.mlclife.com.au,True
Lorraine,Learmonth,Lorraine.Learmonth@ad.mlclife.com.au,True
Christine,Doulkeridis,C.Doulkeridis@ad.mlclife.com.au,True
Dilek,Cigdem,Dilek.Cigdem@ad.mlclife.com.au,True
Leah-Jean,Lovrek,Leahjean.Lovrek@ad.mlclife.com.au,True
Derek,Murray,Derek.Murray@ad.mlclife.com.au,True
Vesna,Vujadinovic,Vesna.Vujadinovic@ad.mlclife.com.au,True
Saba,Terefe,Saba.Terefe@ad.mlclife.com.au,True
Mark,Ryan,Mark.Ryan@ad.mlclife.com.au,True
Elizabeth,Young,Elizabeth.Young@ad.mlclife.com.au,True
Dimce,Trpcevski,Dimce.Trpcevski@ad.mlclife.com.au,True
Darren,McGuane,Darren.McGuane@ad.mlclife.com.au,True
Jianling,Liu,Jianling.Liu@ad.mlclife.com.au,True
Courtney,Thornton,Courtney.Thornton@ad.mlclife.com.au,True
Kate,Davis,Kate.Davis@ad.mlclife.com.au,True
Catherine,Milne,Catherine.Milne@ad.mlclife.com.au,True
Michael,McKenzie,Michael.McKenzie@ad.mlclife.com.au,True
Rowena,Ralph,Rowena.Ralph@ad.mlclife.com.au,True
Howard,Williams,Howard.Williams@ad.mlclife.com.au,True
Peter,Pike,Peter.Pike@ad.mlclife.com.au,True
Michael,Spriggs,Michael.Spriggs@ad.mlclife.com.au,True
John,Pulepule,John.Pulepule@ad.mlclife.com.au,True
Ankur,Desai,Ankur.Desai@ad.mlclife.com.au,True
Gregory,Black,Gregory.Black@ad.mlclife.com.au,True
Sarah,Kong,Sarah.Kong@ad.mlclife.com.au,True
Kathryn,Sanford,Kathryn.Sanford@ad.mlclife.com.au,True
Dhanaraja,Dharmalingam,D.Dharmalingam@ad.mlclife.com.au,True
Catherine,Otares,Catherine.Otares@ad.mlclife.com.au,True
Hein,Thein,Hein.Thein@ad.mlclife.com.au,True
Narelle,Howes,Narelle.Howes@ad.mlclife.com.au,True
Fred,Buchanan,Fred.Buchanan@ad.mlclife.com.au,True
Sagara,Perera,Sagara.Perera@ad.mlclife.com.au,True
Cyprien,Nguyen,Cyprien.Nguyen@ad.mlclife.com.au,True
Fiona,Cheung,Fiona.Cheung@ad.mlclife.com.au,True
Sabina,Mehic,Sabina.Mehic@ad.mlclife.com.au,True
Sarah,Congdon,Sarah.Congdon@ad.mlclife.com.au,True
Andrew,Loo,Andrew.Loo@ad.mlclife.com.au,True
Gus,Kosadias,Gus.Kosadias@ad.mlclife.com.au,True
David,Doyle,David.Doyle@ad.mlclife.com.au,True
Hatice,Uzun,Hatice.Uzun@ad.mlclife.com.au,True
Shailesh,Kaul,Shailesh.Kaul@ad.mlclife.com.au,True
Mark,Welsh,Mark.Welsh@ad.mlclife.com.au,True
Faron,Mannays,Faron.Mannays@ad.mlclife.com.au,True
Karen,Waterson,Karen.Waterson@ad.mlclife.com.au,True
Colleen,Page,Colleen.Page@ad.mlclife.com.au,True
Mei-Lin,Yong,MeiLin.Yong@ad.mlclife.com.au,True
Snezana,Radovic,Snezana.Radovic@ad.mlclife.com.au,True
Andrew,Dowsing,Andrew.Dowsing@ad.mlclife.com.au,True
Erin,Disbray,Erin.Disbray@ad.mlclife.com.au,True
MingLing,Shen,MingLing.Shen@ad.mlclife.com.au,True
Aida,Paoli,Aida.Paoli@ad.mlclife.com.au,True
Samuel,Lavender,Samuel.Lavender@ad.mlclife.com.au,True
Roslyn,Crawford,Roslyn.Crawford@ad.mlclife.com.au,True
Ainsley,Hanlan,Ainsley.Hanlan@ad.mlclife.com.au,True
Matthew,Fitzsimons,Matthew.Fitzsimons@ad.mlclife.com.au,True
Marie,Muccio,Marie.Muccio@ad.mlclife.com.au,True
Amber,Platcher,Amber.Platcher@ad.mlclife.com.au,True
Francois,Juillard,Francois.Juillard@ad.mlclife.com.au,True
Evelyn,Aucaruri,Evelyn.Aucaruri@ad.mlclife.com.au,True
Shane,McLachlan,Shane.McLachlan@ad.mlclife.com.au,True
Erini,Sadek,Erini.Sadek@ad.mlclife.com.au,True
Stefanie,Gauci,Stefanie.Gauci@ad.mlclife.com.au,True
Anna,McVee,Anna.McVee@ad.mlclife.com.au,True
Sonora,Potter,Sonora.Potter@ad.mlclife.com.au,True
Benjamin,Johnstone,Benjamin.Johnstone@ad.mlclife.com.au,True
Helen,Poriazis,Helen.Poriazis@ad.mlclife.com.au,True
Mary-Rose,Garcia,Maryrose.Garcia@ad.mlclife.com.au,True
Russell,Hannah,Russell.Hannah@ad.mlclife.com.au,True
Sidharth,Khadilkar,Sidharth.Khadilkar@ad.mlclife.com.au,True
Debra,Gray,Debra.Gray@ad.mlclife.com.au,True
Michael,Muir,Michael.Muir@ad.mlclife.com.au,True
Arash,Abrishami,Arash.Abrishami@ad.mlclife.com.au,True
Nelson,Ho,Nelson.Ho@ad.mlclife.com.au,True
Grant,Jones,Grant.Jones@ad.mlclife.com.au,True
Sarah,Flatman,Sarah.Flatman@ad.mlclife.com.au,True
Lara,Wade,Lara.Wade@ad.mlclife.com.au,True
Alistair,Mendez,Alistair.Mendez@ad.mlclife.com.au,True
Rodney,Hughes,Rodney.Hughes@ad.mlclife.com.au,True
Rashmi,Kumari,Rashmi.Kumari@ad.mlclife.com.au,True
Joshua,Agar,Joshua.Agar@ad.mlclife.com.au,True
Kenny,Lam,Kenny.Lam@ad.mlclife.com.au,True
Lindy,Taylor,Lindy.Taylor@ad.mlclife.com.au,True
Louie,Sebastian,Louie.Sebastian@ad.mlclife.com.au,True
Madeline,Doran,Madeline.Doran@ad.mlclife.com.au,True
Florence,Lohanda,Florence.Lohanda@ad.mlclife.com.au,True
Ambrose,Nguyen,Ambrose.Nguyen@ad.mlclife.com.au,True
Brian,Lennon,Brian.Lennon@ad.mlclife.com.au,True
Dulmini,Dona,Dulmini.Dona@ad.mlclife.com.au,True
Sarah,Darr,Sarah.Darr@ad.mlclife.com.au,True
Phillip,Siannos,Phillip.Siannos@ad.mlclife.com.au,True
Belinda,Stojanovska,Belinda.Stojanovska@ad.mlclife.com.au,True
Marco,Costanzo,Marco.Costanzo@ad.mlclife.com.au,True
Anamika,Pandey,Anamika.Pandey@ad.mlclife.com.au,True
Lisa,Haden,Lisa.Haden@ad.mlclife.com.au,True
Stephanie,Catalucci,Stephanie.Catalucci@ad.mlclife.com.au,True
Amandeep,Kaur,Amandeep.Kaur@ad.mlclife.com.au,True
Joshua,Monte,Joshua.Monte@ad.mlclife.com.au,True
Keio,Mucio,Keio.Mucio@ad.mlclife.com.au,True
Popi,Anastasopoulos,Popi.Anastasopoulos@ad.mlclife.com.au,True
John,Trevethan,John.Trevethan@ad.mlclife.com.au,True
Stephen,Rosengren,Stephen.Rosengren@ad.mlclife.com.au,True
Tom,Barratt,Tom.Barratt@ad.mlclife.com.au,True
David,Zombolas,David.Zombolas@ad.mlclife.com.au,True
Chitpasong,Toumngeun,Chitpasong.Toumngeun@ad.mlclife.com.au,True
Daniel,Repolusk,Daniel.Repolusk@ad.mlclife.com.au,True
Son,Nguyen,Son.Nguyen@ad.mlclife.com.au,True
Thanh,Vu,Thanh.Vu@ad.mlclife.com.au,True
Matthew,Bozzo,Matthew.Bozzo@ad.mlclife.com.au,True
Brett,Young,Brett.Young@ad.mlclife.com.au,True
Ian,Paul,Ian.Paul@ad.mlclife.com.au,True
Sussana,Mpinge,Sussana.Mpinge@ad.mlclife.com.au,True
Si,Ngo,Si.Ngo@ad.mlclife.com.au,True
James,Skalkos,James.Skalkos@ad.mlclife.com.au,True
Danielle,Manns,Danielle.Manns@ad.mlclife.com.au,True
Ruth,Leon-Navarro,Ruth.Leonnavarro@ad.mlclife.com.au,True
Jamie,Jongebloed,Jamie.Jongebloed@ad.mlclife.com.au,True
Cherene,Stelzer,Cherene.Stelzer@ad.mlclife.com.au,True
Taryn,Wilson,Taryn.Wilson@ad.mlclife.com.au,True
Yoichi,Fujita,Yoichi.Fujita@ad.mlclife.com.au,True
Tu Ahn,Nguyen,Tuahn.Nguyen@ad.mlclife.com.au,True
Kiruthiga,Subbarayan,Kiruthiga.Subbarayan@ad.mlclife.com.au,True
Alan,Wilson,Alan.Wilson@ad.mlclife.com.au,True
Gemma,Mouldey,Gemma.Mouldey@ad.mlclife.com.au,True
Amit,Arora,Amit.Arora@ad.mlclife.com.au,True
Kristen,Poninghouse,Kristen.Poninghouse@ad.mlclife.com.au,True
Lidia,Kozic,Lidia.Kozic@ad.mlclife.com.au,True
Erika,Harris,Erika.Harris@ad.mlclife.com.au,True
Enock,Chiyangwa,Enock.Chiyangwa@ad.mlclife.com.au,True
Maria,Koliatsos,Maria.Koliatsos@ad.mlclife.com.au,True
Nico,Thomson,Nico.Thomson@ad.mlclife.com.au,True
Phillip,Triantafyllou,P.Triantafyllou@ad.mlclife.com.au,True
Madison,Barrett,Madison.Barrett@ad.mlclife.com.au,True
Kit,Ng,Kit.Ng@ad.mlclife.com.au,True
Shannon,Riches,Shannon.Riches@ad.mlclife.com.au,True
Yutang,Costelloe,Yutang.Costelloe@ad.mlclife.com.au,True
Dana,Conroy,Dana.Conroy@ad.mlclife.com.au,True
Matthew,Bombaci,Matthew.Bombaci@ad.mlclife.com.au,True
Esteban,Nunez,Esteban.Nunez@ad.mlclife.com.au,True
Ashish,Naik,Ashish.Naik@ad.mlclife.com.au,True
Steve,Prince,Steve.Prince@ad.mlclife.com.au,True
Candice,Lehrer,Candice.Lehrer@ad.mlclife.com.au,True
Anthony,Batkov,Anthony.Batkov@ad.mlclife.com.au,True
Peter,MacDonald,Peter.MacDonald@ad.mlclife.com.au,True
Harriet,Smith,Harriet.Smith@ad.mlclife.com.au,True
Emily,Teh,Emily.Teh@ad.mlclife.com.au,True
Nicholas,Macqueen,Nicholas.Macqueen@ad.mlclife.com.au,True
Jason,Pollastrini,Jason.Pollastrini@ad.mlclife.com.au,True
Irwan,Tjanterik,Irwan.Tjanterik@ad.mlclife.com.au,True
Nushrat,Khan,Nushrat.Khan@ad.mlclife.com.au,True
Sequoia,Shearer,Sequoia.Shearer@ad.mlclife.com.au,True
Cynthia,Pottier,Cynthia.Pottier@ad.mlclife.com.au,True
Sivaprakash,Asokan,Sivaprakash.Asokan@ad.mlclife.com.au,True
John,Bejenariu,John.Bejenariu@ad.mlclife.com.au,True
Tyler,Bruce,Tyler.Bruce@ad.mlclife.com.au,True
Clint,Pickwell,Clint.Pickwell@ad.mlclife.com.au,True
John,Chillari,John.Chillari@ad.mlclife.com.au,True
Zijian,Gao,Zijian.Gao@ad.mlclife.com.au,True
Jason,Lakomy,Jason.Lakomy@ad.mlclife.com.au,True
Maxine,Edwards,Maxine.Edwards@ad.mlclife.com.au,True
Sowjanya,Borra,Sowjanya.Borra@ad.mlclife.com.au,True
Matthew,Keady,Matthew.Keady@ad.mlclife.com.au,True
Yasmin,Haley,Yasmin.Haley@ad.mlclife.com.au,True
Leigh,Zemski,Leigh.Zemski@ad.mlclife.com.au,True
Taynah,Kahika,Taynah.Kahika@ad.mlclife.com.au,True
Matt,Pereira-Smith,Matt.Pereirasmith@ad.mlclife.com.au,True
Caitlyn,Shaw,Caitlyn.Shaw@ad.mlclife.com.au,True
Shazmeen,de Sousa,Shazmeen.Desousa@ad.mlclife.com.au,True
Glenda,Lynch,Glenda.Lynch@ad.mlclife.com.au,True
Yi Sheen,Koo,Yisheen.Koo@ad.mlclife.com.au,True
Sam,Geor,Sam.Geor@ad.mlclife.com.au,True
Aimee,Miller,Aimee.Miller@ad.mlclife.com.au,True
Elga,Gambhir,Elga.Gambhir@ad.mlclife.com.au,True
Kevin,Goss,Kevin.Goss@ad.mlclife.com.au,True
Toshihiro,Nakashima,Toshihiro.Nakashima@ad.mlclife.com.au,True
Dongyang,Wang,Dongyang.Wang@ad.mlclife.com.au,True
Anne,Cherry,Anne.Cherry@ad.mlclife.com.au,True
Hiroyuki,Ichikawa,Hiroyuki.Ichikawa@ad.mlclife.com.au,True
Hassaan,Memon,Hassaan.Memon@ad.mlclife.com.au,True
Aaron,Mathias,Aaron.Mathias@ad.mlclife.com.au,True
Helen,Jeffrey,Helen.Jeffrey@ad.mlclife.com.au,True
Chen,Du,Chen.Du@ad.mlclife.com.au,True
Soo Ho,Tan,Sooho.Tan@ad.mlclife.com.au,True
Shashika,Hewamasmulla,S.Hewamasmulla@ad.mlclife.com.au,True
Amy,Browne,Amy.Browne@ad.mlclife.com.au,True
Andrew,Gorvin,Andrew.Gorvin@ad.mlclife.com.au,True
Desly,Toms,Desly.Toms@ad.mlclife.com.au,True
Jacqueline,Tine,Jacqueline.Tine@ad.mlclife.com.au,True
Eilis,Hurley,Eilis.Hurley@ad.mlclife.com.au,True
Johanna,Agudera,Johanna.Agudera@ad.mlclife.com.au,True
Barbara,Luka,Barbara.Luka@ad.mlclife.com.au,True
Suman,Dutta,Suman.Dutta@ad.mlclife.com.au,True
Matthew,Backman,Matthew.Backman@ad.mlclife.com.au,True
Joel,Formosa,Joel.Formosa@ad.mlclife.com.au,True
Suzanne,Meredith,Suzanne.Meredith@ad.mlclife.com.au,True
Fiona,Bourdot-Clayton,Fiona.BourdotClayton@ad.mlclife.com.au,True
Teresa,Tan,Teresa.Tan@ad.mlclife.com.au,True
Renee,Noe-Nordberg,Renee.Noenordberg@ad.mlclife.com.au,True
Micah,Reyes,Micah.Reyes@ad.mlclife.com.au,True
Rebecca,Curry,Rebecca.Curry@ad.mlclife.com.au,True
Soumya,Chakraborty,Soumya.Chakraborty@ad.mlclife.com.au,True
Toni,Carpenter,Toni.Carpenter@ad.mlclife.com.au,True
Leah,McLeavy,Leah.McLeavy@ad.mlclife.com.au,True
Yihang,Sheng,Yihang.Sheng@ad.mlclife.com.au,True
Alexander,Passarella,Alexander.Passarella@ad.mlclife.com.au,True
Adrien,Sturt,Adrien.Sturt@ad.mlclife.com.au,True
Fanny,Fanny,Fanny.Fanny@ad.mlclife.com.au,True
Melissa,Lever,Melissa.Lever@ad.mlclife.com.au,True
Cassandra,Taylor,Cassandra.Taylor@ad.mlclife.com.au,True
Nicholas,Morden,Nicholas.Morden@ad.mlclife.com.au,True
Joanne,Rebeiro,Joanne.Rebeiro@ad.mlclife.com.au,True
Glenis,Blincoe,Glenis.Blincoe@ad.mlclife.com.au,True
Anne-Marie,Cavallaro,Annemarie.Cavallaro@ad.mlclife.com.au,True
Maria,Malvestuto,Maria.Malvestuto@ad.mlclife.com.au,True
Muhammad,Ahmed,Muhammad.Ahmed@ad.mlclife.com.au,True
Trung,Nguyen,Trung.Nguyen@ad.mlclife.com.au,True
Rowan,Booth,Rowan.Booth@ad.mlclife.com.au,True
Diana,Topalova,Diana.Topalova@ad.mlclife.com.au,True
Raylene,Varone,Raylene.Varone@ad.mlclife.com.au,True
Kerri,Mccauley,Kerri.Mccauley@ad.mlclife.com.au,True
Andrew,Dancer,Andrew.Dancer@ad.mlclife.com.au,True
Nizar,Idroos,Nizar.Idroos@ad.mlclife.com.au,True
David,Watson,David.Watson@ad.mlclife.com.au,True
Gail,Levitin,Gail.Levitin@ad.mlclife.com.au,True
Jasmina,Chandra,Jasmina.Chandra@ad.mlclife.com.au,True
Tirtha,Chakraborty,Tirtha.Chakraborty@ad.mlclife.com.au,True
Ravivarma,Jayaraman,Ravivarma.Jayaraman@ad.mlclife.com.au,True
Niladri,Sekhar Dey,Niladri.Sekhardey@ad.mlclife.com.au,True
Karlo,Mucio,Karlo.Mucio@ad.mlclife.com.au,True
Yuichi,Kuramochi,Yuichi.Kuramochi@ad.mlclife.com.au,True
Ivan,Leung,Ivan.Leung@ad.mlclife.com.au,True
Christine,Kendal,Christine.Kendal@ad.mlclife.com.au,True
Michele,Kennedy,Michele.Kennedy1@ad.mlclife.com.au,True
Anita,Hwang,Anita.Hwang@ad.mlclife.com.au,True
David,Thompson,David.Thompson@ad.mlclife.com.au,True
Laura,Andersen,Laura.Andersen@ad.mlclife.com.au,True
George,Anastasopoulos,G.Anastasopoulos@ad.mlclife.com.au,True
John,Delahunty,John.Delahunty@ad.mlclife.com.au,True
Sucheta,Mufti,Sucheta.Mufti@ad.mlclife.com.au,True
Penelope Catherine,Denton,P.Denton@ad.mlclife.com.au,True
Kim,Buckow,Kim.Buckow@ad.mlclife.com.au,True
Michael,Vicig,Michael.Vicig@ad.mlclife.com.au,True
Robert,Cannuli,Robert.Cannuli@ad.mlclife.com.au,True
Sudheera,Perera,Sudheera.Perera@ad.mlclife.com.au,True
Shane,Kenny,Shane.Kenny@ad.mlclife.com.au,True
Phillip,Holman,Phillip.Holman@ad.mlclife.com.au,True
Natalia,Muller,Natalia.Muller@ad.mlclife.com.au,True
Leisa,Garland,Leisa.Garland@ad.mlclife.com.au,True
Andrea,D'sylva-Martins,Andrea.DsylvaMartins@ad.mlclife.com.au,True
Orthension,Iradukunda,O.Iradukunda@ad.mlclife.com.au,True
Mark,De Wan,Mark.Dewan@ad.mlclife.com.au,True
Wai Kit,Low,Waikit.Low@ad.mlclife.com.au,True
Andrea,Buccheri,Andrea.Buccheri@ad.mlclife.com.au,True
Laura,Thomas,Laura.Thomas@ad.mlclife.com.au,True
Maryanne,Lu,Maryanne.Lu@ad.mlclife.com.au,True
Kar Yea,Phan,Karyea.Phan@ad.mlclife.com.au,True
Angela,Tang,Angela.Tang@ad.mlclife.com.au,True
Trina,Moyes,Trina.Moyes@ad.mlclife.com.au,True
Douglas,McIntyre,Douglas.McIntyre@ad.mlclife.com.au,True
Yotheeya,Naicker,Yotheeya.Naicker@ad.mlclife.com.au,True
Toby,Hawkins,Toby.Hawkins@ad.mlclife.com.au,True
Maddison,Rowling,Maddison.Rowling@ad.mlclife.com.au,True
Kelly,Zarafa,Kelly.Zarafa@ad.mlclife.com.au,True
Adora Ly,Tran,Adoraly.Tran@ad.mlclife.com.au,True
Kristopher,Kornovich,Kristopher.Kornovich@ad.mlclife.com.au,True
Tamara,Bailey,Tamara.Bailey@ad.mlclife.com.au,True
Paul,Chillari,Paul.Chillari@ad.mlclife.com.au,True
Jayne,Perich,Jayne.Perich@ad.mlclife.com.au,True
Shinichi,Okamoto,Shinichi.Okamoto@ad.mlclife.com.au,True
Melissa,Peerman,Melissa.Peerman@ad.mlclife.com.au,True
Paul,Jacombs,Paul.Jacombs@ad.mlclife.com.au,True
Brendan,Kos,Brendan.Kos@ad.mlclife.com.au,True
Morgan,Ives,Morgan.Ives@ad.mlclife.com.au,True
Karune,Aurora,Karune.Aurora@ad.mlclife.com.au,True
Tessa,Sleeman,Tessa.Sleeman@ad.mlclife.com.au,True
Jin-O,Kim,Jino.Kim@ad.mlclife.com.au,True
Veerpal,Dhillon,Veerpal.Dhillon@ad.mlclife.com.au,True
James,Walker,James.Walker@ad.mlclife.com.au,True
Lachlan,Mackie,Lachlan.Mackie@ad.mlclife.com.au,True
Emma,Farey,Emma.Farey@ad.mlclife.com.au,True
Helen,Mason,Helen.Mason@ad.mlclife.com.au,True
Sebastian,Mantello,Sebastian.Mantello@ad.mlclife.com.au,True
Arvina,Kinanthi,Arvina.Kinanthi@ad.mlclife.com.au,True
James,Bombaci,James.Bombaci@ad.mlclife.com.au,True
Saif,Noori,Saif.Noori@ad.mlclife.com.au,True
Shane,Londregan,Shane.Londregan@ad.mlclife.com.au,True
Raymond,Cheng,Raymond.Cheng@ad.mlclife.com.au,True
Ashleigh,Canning,Ashleigh.Canning@ad.mlclife.com.au,True
Mack,Cheong,Mack.Cheong@ad.mlclife.com.au,True
Colin,Gough,Colin.Gough@ad.mlclife.com.au,True
Anna,Victuelles,Anna.Victuelles@ad.mlclife.com.au,True
Martin,Burke,Martin.Burke@ad.mlclife.com.au,True
Gregory,Dominish,Gregory.Dominish@ad.mlclife.com.au,True
Ranjeewa,Silva,Ranjeewa.Silva@ad.mlclife.com.au,True
Emma,Mastyla,Emma.Mastyla@ad.mlclife.com.au,True
Erin,Cass,Erin.Cass@ad.mlclife.com.au,True
Vinay,Arvind,Vinay.Arvind@ad.mlclife.com.au,True
Jessica,Easton,Jessica.Easton@ad.mlclife.com.au,True
Miwa,Ishii,Miwa.Ishii@ad.mlclife.com.au,True
Trent,Waldon,Trent.Waldon@ad.mlclife.com.au,True
Lauren,Willoughby,Lauren.Willoughby@ad.mlclife.com.au,True
Derek,Luu,Derek.Luu@ad.mlclife.com.au,True
Zachary,Forsyth,Zachary.Forsyth@ad.mlclife.com.au,True
Nathan,Gifkins,Nathan.Gifkins@ad.mlclife.com.au,True
Hyo,Kim,Hyo.Kim@ad.mlclife.com.au,True
Nicholas,Jones,Nicholas.Jones@ad.mlclife.com.au,True
Szilvia,Fekete,Szilvia.Fekete@ad.mlclife.com.au,True
Olga,Foenander,Olga.Foenander@ad.mlclife.com.au,True
Keillan,Wong,Keillan.Wong@ad.mlclife.com.au,True
Angela,Nguyen,Angela.Nguyen@ad.mlclife.com.au,True
Amanda,Pipkorn,Amanda.Pipkorn@ad.mlclife.com.au,True
Avara,Walker,Avara.Walker@ad.mlclife.com.au,True
Joeris,Morgan,Joeris.Morgan@ad.mlclife.com.au,True
Praveen,Miranda,Praveen.Miranda@ad.mlclife.com.au,True
Ashleigh,Augustine,Ashleigh.Augustine@ad.mlclife.com.au,True
Glen,Ryman,Glen.Ryman@ad.mlclife.com.au,True
Jessica,Cale,Jessica.Cale@ad.mlclife.com.au,True
Amelia,Muchtarudin,Amelia.Muchtarudin@ad.mlclife.com.au,True
Hanna,Koskela,Hanna.Koskela@ad.mlclife.com.au,True
Andrew,Cornish,Andrew.Cornish@ad.mlclife.com.au,True
Nathan,Archer,Nathan.Archer@ad.mlclife.com.au,True
Duc,Nguyen,Duc.Nguyen@ad.mlclife.com.au,True
Rubia,Lopez,Rubia.Lopez@ad.mlclife.com.au,True
Nithiya,Subramaniam,Nithiya.Subramaniam@ad.mlclife.com.au,True
Nick,Maroney,Nick.Maroney@ad.mlclife.com.au,True
Debra,Patsouris,Debra.Patsouris@ad.mlclife.com.au,True
Michelle,Bradley,Michelle.Bradley@ad.mlclife.com.au,True
Ian,Thomas,Ian.Thomas@ad.mlclife.com.au,True
Rebekah,Daniels,Rebekah.Daniels@ad.mlclife.com.au,True
Simone,Paues,Simone.Paues@ad.mlclife.com.au,True
Max,Williams,Max.Williams@ad.mlclife.com.au,True
Mike,Nelson,Mike.Nelson@ad.mlclife.com.au,True
Haritha,Wijetunga,Haritha.Wijetunga@ad.mlclife.com.au,True
Robina,Arthur,Robina.Arthur@ad.mlclife.com.au,True
David,Nuutinen,David.Nuutinen@ad.mlclife.com.au,True
Cameron,Ngo,Cameron.Ngo@ad.mlclife.com.au,True
Amanda,Wailes,Amanda.Wailes@ad.mlclife.com.au,True
Wendy,Bullion,Wendy.Bullion@ad.mlclife.com.au,True
George,Blake,George.Blake@ad.mlclife.com.au,True
Rachel,Sands,Rachel.Sands@ad.mlclife.com.au,True
Erin,Beilby,Erin.Beilby@ad.mlclife.com.au,True
Peter,Gillam,Peter.Gillam@ad.mlclife.com.au,True
Apollo,Kim,Apollo.Kim@ad.mlclife.com.au,True
Daryl,Bourke,Daryl.Bourke@ad.mlclife.com.au,True
Samrawit,Bekele,Samrawit.Bekele@ad.mlclife.com.au,True
Amy,Myatt,Amy.Myatt@ad.mlclife.com.au,True
Lyndon,Kirk,Lyndon.Kirk@ad.mlclife.com.au,True
Shane,Doughty,Shane.Doughty@ad.mlclife.com.au,True
Megan,Taberner,Megan.Taberner@ad.mlclife.com.au,True
Elise,Sharp,Elise.Sharp@ad.mlclife.com.au,True
Joanne,Moon,Joanne.Moon@ad.mlclife.com.au,True
Mark,Ward,Mark.Ward@ad.mlclife.com.au,True
Takeo,Ushizuka,Takeo.Ushizuka@ad.mlclife.com.au,True
Margery,Perkins,Margery.Perkins@ad.mlclife.com.au,True
Lyly,Luong,Lyly.Luong@ad.mlclife.com.au,True
Corri,MacColl,Corri.MacColl@ad.mlclife.com.au,True
Brenden,Eades,Brenden.Eades@ad.mlclife.com.au,True
Natasha,Maxwell,Natasha.Maxwell@ad.mlclife.com.au,True
Albert,Tomay,Albert.Tomay@ad.mlclife.com.au,True
Harley,Donnellan,Harley.Donnellan@ad.mlclife.com.au,True
Charles,Ojaimi,Charles.Ojaimi@ad.mlclife.com.au,True
Asif,Chowdhury,Asif.Chowdhury@ad.mlclife.com.au,True
Saskia,Colless,Saskia.Colless@ad.mlclife.com.au,True
Aamir,Parkar,Aamir.Parkar@ad.mlclife.com.au,True
Kay,Clancy,Kay.Clancy@ad.mlclife.com.au,True
Andrew,Rutherfurd,Andrew.Rutherfurd@ad.mlclife.com.au,True
Henry,Rosel,Henry.Rosel@ad.mlclife.com.au,True
Hua,Wu,Hua.Wu@ad.mlclife.com.au,True
Dan,Smith,Dan.Smith@ad.mlclife.com.au,True
Matthew,Leal,Matthew.Leal@ad.mlclife.com.au,True
Rowena,Ferrarotto,Rowena.Ferrarotto@ad.mlclife.com.au,True
Steven,Munro,Steven.Munro@ad.mlclife.com.au,True
Richard,Newth,Richard.Newth@ad.mlclife.com.au,True
Kiran,Muddukrishna,Kiran.Muddukrishna@ad.mlclife.com.au,True
Troy,Hennessy,Troy.Hennessy@ad.mlclife.com.au,True
Deborah,Wilson,Deborah.Wilson@ad.mlclife.com.au,True
Catherine,Jones,Catherine.Jones@ad.mlclife.com.au,True
Annie,Slen,Annie.Slen@ad.mlclife.com.au,True
Jonathan,Moore,Jonathan.Moore@ad.mlclife.com.au,True
Nunziata,Ranellone,Nunziata.Ranellone@ad.mlclife.com.au,True
Oliver,Ku,Oliver.Ku@ad.mlclife.com.au,True
Christopher,Ong,Christopher.Ong@ad.mlclife.com.au,True
Bronwyn,Hill,Bronwyn.Hill@ad.mlclife.com.au,True
Dawn,Mayes,Dawn.Mayes@ad.mlclife.com.au,True
Dennis,Prado,Dennis.Prado@ad.mlclife.com.au,True
Lani,Beer,Lani.Beer@ad.mlclife.com.au,True
Thomas,Sannachan,Thomas.Sannachan@ad.mlclife.com.au,True
Rhodora,Rosales,Rhodora.Rosales@ad.mlclife.com.au,True
Radhika,Jaiswal,Radhika.Jaiswal@ad.mlclife.com.au,True
Katie,Valentine,Katie.Valentine@ad.mlclife.com.au,True
Russell,Meiklejohn,Russell.Meiklejohn@ad.mlclife.com.au,True
Elise,Vagg,Elise.Vagg@ad.mlclife.com.au,True
Isobel,Edgell,Isobel.Edgell@ad.mlclife.com.au,True
Rebekah,Torckler,Rebekah.Torckler@ad.mlclife.com.au,True
Joseph,Laya,Joseph.Laya@ad.mlclife.com.au,True
Rodney,Munro,Rodney.Munro@ad.mlclife.com.au,True
Laura,Italia,Laura.Italia@ad.mlclife.com.au,True
Betul,Altiparmak,Betul.Altiparmak@ad.mlclife.com.au,True
William,Trinh,William.Trinh@ad.mlclife.com.au,True
Michael,Dang,Michael.Dang@ad.mlclife.com.au,True
Rahul,Kumar,Rahul.Kumar@ad.mlclife.com.au,True
Bridget,Easdon,Bridget.Easdon@ad.mlclife.com.au,True
Ridley,Ranaweera,Ridley.Ranaweera@ad.mlclife.com.au,True
Mahdi,Alhajji,Mahdi.Alhajji@ad.mlclife.com.au,True
Tracey,Richardson,Tracey.Richardson@ad.mlclife.com.au,True
Therese,Cassidy,Therese.Cassidy@ad.mlclife.com.au,True
Min Wei,Cai,Minwei.Cai@ad.mlclife.com.au,True
Kyle,McKinnon,Kyle.McKinnon@ad.mlclife.com.au,True
Brandon,Ferreira,Brandon.Ferreira@ad.mlclife.com.au,True
Kristal,Williams,Kristal.Williams@ad.mlclife.com.au,True
Natalie,Han,Natalie.Han@ad.mlclife.com.au,True
Yoshio,Ozaki,Yoshio.Ozaki@ad.mlclife.com.au,True
Krisentia,Tedja,Krisentia.Tedja@ad.mlclife.com.au,True
Nathan,Chen,Nathan.Chen@ad.mlclife.com.au,True
Graeme,Torrance,Graeme.Torrance@ad.mlclife.com.au,True
Paul,Kukiel,Paul.Kukiel@ad.mlclife.com.au,True
Julie,Au,Julie.Au@ad.mlclife.com.au,True
Juliana,George Antony,Juliana.Georgeantony@ad.mlclife.com.au,True
Deepak,Kumar,Deepak.Kumar@ad.mlclife.com.au,True
Bianca,Von Blomberg,Bianca.Vonblomberg@ad.mlclife.com.au,True
Trudy,Parker,Trudy.Parker@ad.mlclife.com.au,True
Allan,McColl,Allan.McColl@ad.mlclife.com.au,True
Evelyn,Linhart,Evelyn.Linhart@ad.mlclife.com.au,True
Michael,Back,Michael.Back@ad.mlclife.com.au,True
Nadine,Hughes,Nadine.Hughes@ad.mlclife.com.au,True
Saul,Field,Saul.Field@ad.mlclife.com.au,True
Cynthia,Smith,Cynthia.Smith@ad.mlclife.com.au,True
Michelle,Reyes,Michelle.Reyes@ad.mlclife.com.au,True
Alana,Lawes,Alana.Lawes@ad.mlclife.com.au,True
Buvaneswari,Sonathappan,B.Sonathappan@ad.mlclife.com.au,True
Melanie,Noble,Melanie.Noble@ad.mlclife.com.au,True
Lasath,Kahingala,Lasath.Kahingala@ad.mlclife.com.au,True
Aaron,Chan,Aaron.Chan@ad.mlclife.com.au,True
Sharon,Simpson,Sharon.Simpson@ad.mlclife.com.au,True
Guillermo,Ruggeri,Guillermo.Ruggeri@ad.mlclife.com.au,True
Craig,Mann,Craig.Mann@ad.mlclife.com.au,True
Lauren,Pugsley,Lauren.Pugsley@ad.mlclife.com.au,True
Michael,Jarman,Michael.Jarman@ad.mlclife.com.au,True
Steven,Pickstone,Steven.Pickstone@ad.mlclife.com.au,True
Naveen,Katta,Naveen.Katta@ad.mlclife.com.au,True
Tian,Qin,Tian.Qin@ad.mlclife.com.au,True
Sophie,Briolat,Sophie.Briolat@ad.mlclife.com.au,True
Nina,Wisnu,Nina.Wisnu@ad.mlclife.com.au,True
Alexandra,Fisher,Alexandra.Fisher@ad.mlclife.com.au,True
Jing,Sun,Jing.Sun@ad.mlclife.com.au,True
Tapen,Das,Tapen.Das@ad.mlclife.com.au,True
Daniel,Khalaf,Daniel.Khalaf@ad.mlclife.com.au,True
Paul-Henri,Alexandroff,P.Alexandroff@ad.mlclife.com.au,True
Shaveen,Benberu,Shaveen.Benberu@ad.mlclife.com.au,True
Denis,Duri,Denis.Duri@ad.mlclife.com.au,True
Jason,Joseph,Jason.Joseph@ad.mlclife.com.au,True
Eleni,Katsoulis,Eleni.Katsoulis@ad.mlclife.com.au,True
Julie-Anne,Wright,Julieanne.Wright@ad.mlclife.com.au,True
Alison,Johnson,Alison.Johnson@ad.mlclife.com.au,True
Hassan,Halil,Hassan.Halil@ad.mlclife.com.au,True
Marjorie,Furlan,Marjorie.Furlan@ad.mlclife.com.au,True
Jarrod,Orchard,Jarrod.Orchard@ad.mlclife.com.au,True
Joseph,Condo,Joseph.Condo@ad.mlclife.com.au,True
Ezra,Bruell,Ezra.Bruell@ad.mlclife.com.au,True
Robert,Draper,Robert.Draper@ad.mlclife.com.au,True
Mark,Harris,Mark.Harris@ad.mlclife.com.au,True
Nicholas,Lau,Nicholas.Lau@ad.mlclife.com.au,True
Carmine,D'Errico,Carmine.Derrico@ad.mlclife.com.au,True
Alexandra,Allen,Alexandra.Allen@ad.mlclife.com.au,True
Elizabeth,Paligora,Elizabeth.Paligora@ad.mlclife.com.au,True
Stephanie,Kennedy,Stephanie.Kennedy@ad.mlclife.com.au,True
Laura,Urzia,Laura.Urzia@ad.mlclife.com.au,True
Christopher,Barker,Christopher.Barker@ad.mlclife.com.au,True
Gillian,Rapose,Gillian.Rapose@ad.mlclife.com.au,True
Ederliza,Ducusin,Ederliza.Ducusin@ad.mlclife.com.au,True
Caroline,Blake,Caroline.Blake@ad.mlclife.com.au,True
Warren,Vanderputt,Warren.Vanderputt@ad.mlclife.com.au,True
Peter,Fallows,Peter.Fallows@ad.mlclife.com.au,True
James,De Mattia,James.Demattia@ad.mlclife.com.au,True
Andy Kai Sing,Wong,AndykaiSing.Wong@ad.mlclife.com.au,True
Chris,Tranter,Chris.Tranter@ad.mlclife.com.au,True
Georgina,Farrington,Georgina.Farrington@ad.mlclife.com.au,True
Giovanni,Deni,Giovanni.Deni@ad.mlclife.com.au,True
Jasmeet,Kant,Jasmeet.Kant@ad.mlclife.com.au,True
Diane,Short,Diane.Short@ad.mlclife.com.au,True
Christopher,Lyons,Christopher.Lyons@ad.mlclife.com.au,True
Allan,Whatmore,Allan.Whatmore@ad.mlclife.com.au,True
Javier,louzao,Javier.louzao@ad.mlclife.com.au,True
Lyle,Winter,Lyle.Winter@ad.mlclife.com.au,True
Nijie,Sun,Nijie.Sun@ad.mlclife.com.au,True
Karen,Fleming,Karen.Fleming@ad.mlclife.com.au,True
Marina,Little,Marina.Little@ad.mlclife.com.au,True
Bernadette,Trifiletti,B.Trifiletti@ad.mlclife.com.au,True
Bradley,Sydenham,Bradley.Sydenham@ad.mlclife.com.au,True
Jonathan,Bowen,Jonathan.Bowen@ad.mlclife.com.au,True
Yu,Lin,Yu.Lin@ad.mlclife.com.au,True
Jason,Williams,Jason.Williams@ad.mlclife.com.au,True
Wayne,Leng,Wayne.Leng@ad.mlclife.com.au,True
Gareth,Jones,Gareth.Jones@ad.mlclife.com.au,True
Mandy,Ly,Mandy.Ly@ad.mlclife.com.au,True
Katherine,Mok,Katherine.Mok@ad.mlclife.com.au,True
Josepheena,George,Josepheena.George@ad.mlclife.com.au,True
Monique,Woodland,Monique.Woodland@ad.mlclife.com.au,True
Mark,Bailey,Mark.Bailey@ad.mlclife.com.au,True
Laura,Halim,Laura.Halim@ad.mlclife.com.au,True
William,Davis,William.Davis@ad.mlclife.com.au,True
Nicholas,Fadel,Nicholas.Fadel@ad.mlclife.com.au,True
Michael,Kyaw,Michael.Kyaw@ad.mlclife.com.au,True
Hanna,Mondous,Hanna.Mondous@ad.mlclife.com.au,True
Benjamin,Ralph,Benjamin.Ralph@ad.mlclife.com.au,True
Georgina,Booth,Georgina.Booth@ad.mlclife.com.au,True
Niluki,Rodrigo,Niluki.Rodrigo@ad.mlclife.com.au,True
Megan,Wicks,Megan.Wicks@ad.mlclife.com.au,True
Don,Rupasinghe,Don.Rupasinghe@ad.mlclife.com.au,True
Marama,Taylor,Marama.Taylor@ad.mlclife.com.au,True
Rebecca,Lloyd,Rebecca.Lloyd@ad.mlclife.com.au,True
lusiana,lavery,lusiana.lavery@ad.mlclife.com.au,True
Manami,Inoue,Manami.Inoue@ad.mlclife.com.au,True
Saurav,Hazra,Saurav.Hazra@ad.mlclife.com.au,True
Geanina,Pletea,Geanina.Pletea@ad.mlclife.com.au,True
Daniel,Fox,Daniel.Fox@ad.mlclife.com.au,True
Braden,Driver,Braden.Driver@ad.mlclife.com.au,True
Anand,Thomas,Anand.Thomas@ad.mlclife.com.au,True
Kirsty,Galpin,Kirsty.Galpin@ad.mlclife.com.au,True
Nahare,Iap,Nahare.Iap@ad.mlclife.com.au,True
Gregory,Lee,Gregory.Lee@ad.mlclife.com.au,True
Jamieson,Strachan,Jamieson.Strachan@ad.mlclife.com.au,True
Monosij,Sinha,Monosij.Sinha@ad.mlclife.com.au,True
Nola,Dibenedetto,Nola.Dibenedetto@ad.mlclife.com.au,True
Anthony,Leong,Anthony.Leong@ad.mlclife.com.au,True
Emma,Wookey,Emma.Wookey@ad.mlclife.com.au,True
Gregory,Aidone,Gregory.Aidone@ad.mlclife.com.au,True
Yick,Tam,Yick.Tam@ad.mlclife.com.au,True
Ser Ling,Sim,Serling.Sim@ad.mlclife.com.au,True
Daniel,Pizzo,Daniel.Pizzo@ad.mlclife.com.au,True
Ruth,Herden,Ruth.Herden@ad.mlclife.com.au,True
Kenneth,Tan,Kenneth.Tan@ad.mlclife.com.au,True
Adrienne,Cochrane,Adrienne.Cochrane@ad.mlclife.com.au,True
Sione,Akau,Sione.Akau@ad.mlclife.com.au,True
Joshua,Taylor,Joshua.Taylor@ad.mlclife.com.au,True
Neha,Seth,Neha.Seth@ad.mlclife.com.au,True
Caitlin,Fitzgerald,Caitlin.Fitzgerald@ad.mlclife.com.au,True
Paul,Probin,Paul.Probin@ad.mlclife.com.au,True
Glenn,Bruce,Glenn.Bruce@ad.mlclife.com.au,True
Louis,Lian,Louis.Lian@ad.mlclife.com.au,True
Andrew,O'Sullivan,Andrew.Osullivan@ad.mlclife.com.au,True
Antoinette,Henttinen,Antoinette.Henttinen@ad.mlclife.com.au,True
Yu,Han,Yu.Han@ad.mlclife.com.au,True
Raymond,Cheng,Raymond.Cheng1@ad.mlclife.com.au,True
Craig,MacDonald,Craig.MacDonald@ad.mlclife.com.au,True
Megan,Reynolds,Megan.Reynolds@ad.mlclife.com.au,True
Sarah,Dickson,Sarah.Dickson@ad.mlclife.com.au,True
Rowena,Cheng,Rowena.Cheng@ad.mlclife.com.au,True
Duncan,Campbell,Duncan.Campbell@ad.mlclife.com.au,True
Nelly,Botros,Nelly.Botros@ad.mlclife.com.au,True
Luke,Ashby,Luke.Ashby@ad.mlclife.com.au,True
Teena,Jacob,Teena.Jacob@ad.mlclife.com.au,True
Damon,Sturmey,Damon.Sturmey@ad.mlclife.com.au,True
Yolanda,Chow,Yolanda.Chow@ad.mlclife.com.au,True
Emma,Longrigg,Emma.Longrigg@ad.mlclife.com.au,True
Samrat,Seal,Samrat.Seal@ad.mlclife.com.au,True
Yuxin,Liu,Yuxin.Liu@ad.mlclife.com.au,True
James,Peng,James.Peng@ad.mlclife.com.au,True
Caroline,Andrews,Caroline.Andrews@ad.mlclife.com.au,True
Ellen,Fisher,Ellen.Fisher@ad.mlclife.com.au,True
Stephanie,Scala,Stephanie.Scala@ad.mlclife.com.au,True
Simon,Zaviska,Simon.Zaviska@ad.mlclife.com.au,True
Charlotte,Munson,Charlotte.Munson@ad.mlclife.com.au,True
Barry,Holmes,Barry.Holmes@ad.mlclife.com.au,True
Timothy,Ford,Timothy.Ford@ad.mlclife.com.au,True
Sivashankar,Padmasekaran,S.Padmasekaran@ad.mlclife.com.au,True
Virginia,Louie,Virginia.Louie@ad.mlclife.com.au,True
Tamara,Linger,Tamara.Linger@ad.mlclife.com.au,True
Liz,Corrigan,Liz.Corrigan@ad.mlclife.com.au,True
Christell,Venter,Christell.Venter@ad.mlclife.com.au,True
Lisa,Baldacchino,Lisa.Baldacchino@ad.mlclife.com.au,True
Matt,McDonald,Matt.McDonald@ad.mlclife.com.au,True
Jianting,Chen,Jianting.Chen@ad.mlclife.com.au,True
Nathan,Hornsby,Nathan.Hornsby@ad.mlclife.com.au,True
Susan,Hill,Susan.Hill@ad.mlclife.com.au,True
David,Bennetts,David.Bennetts@ad.mlclife.com.au,True
Sue,Mieog,Sue.Mieog@ad.mlclife.com.au,True
Eriza,San Miguel,Eriza.Sanmiguel@ad.mlclife.com.au,True
Cheryl,Downes,Cheryl.Downes@ad.mlclife.com.au,True
Gayle,Kennedy,Gayle.Kennedy@ad.mlclife.com.au,True
Patricia,Seitaridis,Patricia.Seitaridis@ad.mlclife.com.au,True
Michael,McLean,Michael.McLean@ad.mlclife.com.au,True
Siobhan,Gurney,Siobhan.Gurney@ad.mlclife.com.au,True
Lazaros,Papavasiliou,Lazaros.Papavasiliou@ad.mlclife.com.au,True
Kiia,Liind,Kiia.Liind@ad.mlclife.com.au,True
Anne,MacNaughton,Anne.MacNaughton@ad.mlclife.com.au,True
Kelsey,Lewis,Kelsey.Lewis@ad.mlclife.com.au,True
Stephanie,Mussared,Stephanie.Mussared@ad.mlclife.com.au,True
Joanne,Quach,Joanne.Quach@ad.mlclife.com.au,True
Leny,Cheng,Leny.Cheng@ad.mlclife.com.au,True
Ally,Crockett,Ally.Crockett@ad.mlclife.com.au,True
Karen,Tan,Karen.Tan@ad.mlclife.com.au,True
Daniel,Vonthethoff,Daniel.Vonthethoff@ad.mlclife.com.au,True
Jade,Windley,Jade.Windley@ad.mlclife.com.au,True
Ann-Maree,Watson,Annmaree.Watson@ad.mlclife.com.au,True
Susan,Vary,Susan.Vary1@ad.mlclife.com.au,True
Robert,Eggleston,Robert.Eggleston@ad.mlclife.com.au,True
Erin,Learmonth,Erin.Learmonth@ad.mlclife.com.au,True
Nusrat,Kazi,Nusrat.Kazi@ad.mlclife.com.au,True
Lisa,Lovich,Lisa.Lovich@ad.mlclife.com.au,True
Nicola,Shaw,Nicola.Shaw@ad.mlclife.com.au,True
Jan,Cutts,Jan.Cutts@ad.mlclife.com.au,True
Jonathan,Tyers,Jonathan.Tyers@ad.mlclife.com.au,True
James,Hanley,James.Hanley@ad.mlclife.com.au,True
Joseph,Catanese,Joseph.Catanese@ad.mlclife.com.au,True
Seigo,Tamamura,Seigo.Tamamura@ad.mlclife.com.au,True
Shinsuke,Hashizume,Shinsuke.Hashizume@ad.mlclife.com.au,True
Anthea,MacTiernan,Anthea.MacTiernan@ad.mlclife.com.au,True
Melanie,Brincat,Melanie.Brincat@ad.mlclife.com.au,True
Zoran,Tsangidis,Zoran.Tsangidis@ad.mlclife.com.au,True
Judite,Santos,Judite.Santos@ad.mlclife.com.au,True
Dianna,Liu,Dianna.Liu@ad.mlclife.com.au,True
Suman,Kandel,Suman.Kandel@ad.mlclife.com.au,True
Gaiti,Zaidi,Gaiti.Zaidi@ad.mlclife.com.au,True
Daniel,Nicoletto,Daniel.Nicoletto@ad.mlclife.com.au,True
Wendy,Woon,Wendy.Woon@ad.mlclife.com.au,True
Bruce,Blackman,Bruce.Blackman@ad.mlclife.com.au,True
Erika,Ishigami,Erika.Ishigami@ad.mlclife.com.au,True
Mia,Whitehouse,Mia.Whitehouse@ad.mlclife.com.au,True
Soumyajit,Mukherjee,Soumyajit.Mukherjee@ad.mlclife.com.au,True
Olivia,Felipe,Olivia.Felipe@ad.mlclife.com.au,True
Andre,Dorfling,Andre.Dorfling@ad.mlclife.com.au,True
Sean,McCormack,Sean.McCormack@ad.mlclife.com.au,True
Qian,Lu,Qian.Lu@ad.mlclife.com.au,True
Cameron,Adam,Cameron.Adam@ad.mlclife.com.au,True
Adarsh,Poondla,Adarsh.Poondla@ad.mlclife.com.au,True
Leigh,Orton,Leigh.Orton@ad.mlclife.com.au,True
Aaron,Boyd,Aaron.Boyd@ad.mlclife.com.au,True
Snezana,Kalra,Snezana.Kalra@ad.mlclife.com.au,True
Laura,Malone,Laura.Malone@ad.mlclife.com.au,True
Sean,Woodward,Sean.Woodward@ad.mlclife.com.au,True
Mia,Dunworth,Mia.Dunworth@ad.mlclife.com.au,True
Babak,Golestan-Nejad,Babak.Golestannejad@ad.mlclife.com.au,True
Anitha,Valluri,Anitha.Valluri@ad.mlclife.com.au,True
Patrick,Al-Barchini,Patrick.Albarchini@ad.mlclife.com.au,True
Peter,Grey,Peter.Grey@ad.mlclife.com.au,True
Tony,Dinh,Tony.Dinh@ad.mlclife.com.au,True
James,Connors,James.Connors@ad.mlclife.com.au,True
Susan,Borg,Susan.Borg@ad.mlclife.com.au,True
Beverly-Luna,Razon,Beverlyluna.Razon@ad.mlclife.com.au,True
Tamara,Brown,Tamara.Brown@ad.mlclife.com.au,True
Kaleb,Griffiths,Kaleb.Griffiths@ad.mlclife.com.au,True
Napoleon,Gacuma,Napoleon.Gacuma@ad.mlclife.com.au,True
Saravanan,Kanagalingam,S.Kanagalingam@ad.mlclife.com.au,True
Blake,Macartney,Blake.Macartney@ad.mlclife.com.au,True
Jim,Donnelly,Jim.Donnelly@ad.mlclife.com.au,True
Sharoon,Sinha,Sharoon.Sinha@ad.mlclife.com.au,True
Cheryl,Lancelot,Cheryl.Lancelot@ad.mlclife.com.au,True
Nicole,Hunt,Nicole.Hunt@ad.mlclife.com.au,True
Ron,Sparks,Ron.Sparks@ad.mlclife.com.au,True
Emily,Kripintiris,Emily.Kripintiris@ad.mlclife.com.au,True
Jason,Sheridan,Jason.Sheridan@ad.mlclife.com.au,True
Deborah,Marsters,Deborah.Marsters@ad.mlclife.com.au,True
Amy,Smith,Amy.Smith@ad.mlclife.com.au,True
Georgina,Holessis,Georgina.Holessis@ad.mlclife.com.au,True
Helen,Alamaras,Helen.Alamaras@ad.mlclife.com.au,True
Michael,Bridges,Michael.Bridges@ad.mlclife.com.au,True
Josie Louise,Palmer,Josielouise.Palmer@ad.mlclife.com.au,True
Nicholas,Beck,Nicholas.Beck@ad.mlclife.com.au,True
Kos,Dimitriou,Kos.Dimitriou@ad.mlclife.com.au,True
Andy,Wilson,Andy.Wilson@ad.mlclife.com.au,True
David,Griffiths,David.Griffiths@ad.mlclife.com.au,True
Sreejith,Parakkatil,Sreejith.Parakkatil@ad.mlclife.com.au,True
Richard,Quach,Richard.Quach@ad.mlclife.com.au,True
Brendan,Sciberras,Brendan.Sciberras@ad.mlclife.com.au,True
Paris,Kaipuke,Paris.Kaipuke@ad.mlclife.com.au,True
Alex,Lee,Alex.Lee@ad.mlclife.com.au,True
Ray,Purcell,Ray.Purcell@ad.mlclife.com.au,True
Meg,Garland,Meg.Garland@ad.mlclife.com.au,True
Jessica,Taylor,Jessica.Taylor@ad.mlclife.com.au,True
Kate,Hughes,Kate.Hughes@ad.mlclife.com.au,True
Suraiya,Gulamali,Suraiya.Gulamali@ad.mlclife.com.au,True
Tara,Davies,Tara.Davies@ad.mlclife.com.au,True
Sean,Williamson,Sean.Williamson@ad.mlclife.com.au,True
Nurcan,Canbolat,Nurcan.Canbolat@ad.mlclife.com.au,True
Joseph,Addamo,Joseph.Addamo@ad.mlclife.com.au,True
Chris,Thompson,Chris.Thompson@ad.mlclife.com.au,True
Josephine,Drago,Josephine.Drago@ad.mlclife.com.au,True
Adoracion,Rivera,Adoracion.Rivera@ad.mlclife.com.au,True
Gemma,Logie,Gemma.Logie@ad.mlclife.com.au,True
Sarah,Kitzelmann,Sarah.Kitzelmann@ad.mlclife.com.au,True
Tom,Barnett,Tom.Barnett@ad.mlclife.com.au,True
Hayley,Bon,Hayley.Bon@ad.mlclife.com.au,True
Sarah,Burg,Sarah.Burg@ad.mlclife.com.au,True
Kim,Perry,Kim.Perry@ad.mlclife.com.au,True
Vijayan,Selvaratnam,Vijayan.Selvaratnam@ad.mlclife.com.au,True
David,Schutz,David.Schutz@ad.mlclife.com.au,True
Amy,Chai,Amy.Chai@ad.mlclife.com.au,True
Kendall,Curran,Kendall.Curran@ad.mlclife.com.au,True
Jennifer,Cunha,Jennifer.Cunha@ad.mlclife.com.au,True
James,Hejtmanek,James.Hejtmanek@ad.mlclife.com.au,True
Aaron,Yong,Aaron.Yong@ad.mlclife.com.au,True
John,Xanthos,John.Xanthos@ad.mlclife.com.au,True
Brooke,Holland,Brooke.Holland@ad.mlclife.com.au,True
Thanh,Nguyen,Thanh.Nguyen1@ad.mlclife.com.au,True
Rena,Tjio,Rena.Tjio@ad.mlclife.com.au,True
Scott,Wycherley,Scott.Wycherley@ad.mlclife.com.au,True
Matthew,Pritchard,Matthew.Pritchard@ad.mlclife.com.au,True
Paige,Bux,Paige.Bux@ad.mlclife.com.au,True
Michael,Hughes,Michael.Hughes@ad.mlclife.com.au,True
Albert,Martinez,Albert.Martinez@ad.mlclife.com.au,True
Christine,Reynolds,Christine.Reynolds@ad.mlclife.com.au,True
Jarrod,Bonser,Jarrod.Bonser@ad.mlclife.com.au,True
Tara,Davenport,Tara.Davenport@ad.mlclife.com.au,True
Zarifka,Rakiposki,Zarifka.Rakiposki@ad.mlclife.com.au,True
Kristy,Crivelli,Kristy.Crivelli@ad.mlclife.com.au,True
Sunny,Nagpal,Sunny.Nagpal@ad.mlclife.com.au,True
Anu,Puri,Anu.Puri@ad.mlclife.com.au,True
John,Righetti,John.Righetti@ad.mlclife.com.au,True
Brett,Graves,Brett.Graves@ad.mlclife.com.au,True
Mirna,Abdelmalek,Mirna.Abdelmalek@ad.mlclife.com.au,True
Darren,Coulson,Darren.Coulson@ad.mlclife.com.au,True
James,Harvey,James.Harvey@ad.mlclife.com.au,True
Linda,Chhim,Linda.Chhim@ad.mlclife.com.au,True
Kirtika,Mudaliar,Kirtika.Mudaliar@ad.mlclife.com.au,True
Thao,Truong,Thao.Truong@ad.mlclife.com.au,True
Kaitlan,Triffett,Kaitlan.Triffett@ad.mlclife.com.au,True
Cyndi,Taylor,Cyndi.Taylor@ad.mlclife.com.au,True
Fatema,Farhat,Fatema.Farhat@ad.mlclife.com.au,True
Sun,Chan,Sun.Chan@ad.mlclife.com.au,True
Kevin,Wan,Kevin.Wan@ad.mlclife.com.au,True
Erin,Hawtin,Erin.Hawtin@ad.mlclife.com.au,True
Veronika,Edwards,Veronika.Edwards@ad.mlclife.com.au,True
Andrew,Correlje,Andrew.Correlje@ad.mlclife.com.au,True
Laikin,Maguire,Laikin.Maguire@ad.mlclife.com.au,True
Lucy,Robeau,Lucy.Robeau@ad.mlclife.com.au,True
Diep,Huynh,Diep.Huynh@ad.mlclife.com.au,True
Joao,Milheiro,Joao.Milheiro@ad.mlclife.com.au,True
Aygarinos,Kapsimalis,Aygarinos.Kapsimalis@ad.mlclife.com.au,True
Michelle,Bennie,Michelle.Bennie@ad.mlclife.com.au,True
Forrest,Robinson,Forrest.Robinson@ad.mlclife.com.au,True
Jacqueline,Jenkins,Jacqueline.Jenkins@ad.mlclife.com.au,True
George,Chaidemenakis,George.Chaidemenakis@ad.mlclife.com.au,True
Tianyin,Hu,Tianyin.Hu@ad.mlclife.com.au,True
Brian,Ignacio,Brian.Ignacio@ad.mlclife.com.au,True
Natacha,Hindle,Natacha.Hindle@ad.mlclife.com.au,True
Ashinee,Herath,Ashinee.Herath@ad.mlclife.com.au,True
Amanda,Chong,Amanda.Chong@ad.mlclife.com.au,True
Jordan,Spero,Jordan.Spero@ad.mlclife.com.au,True
Robert,Lu,Robert.Lu@ad.mlclife.com.au,True
Kim-Ann,Nguyen,Kimann.Nguyen@ad.mlclife.com.au,True
Jesse,Dymond,Jesse.Dymond@ad.mlclife.com.au,True
Jessica,Fitzgerald,Jessica.Fitzgerald@ad.mlclife.com.au,True
Bilyana,Bosevski,Bilyana.Bosevski@ad.mlclife.com.au,True
Tarryn,Morrissey,Tarryn.Morrissey@ad.mlclife.com.au,True
Robert,Salvana,Robert.Salvana@ad.mlclife.com.au,True
Stephen,Blanche,Stephen.Blanche@ad.mlclife.com.au,True
Donna,Wilson,Donna.Wilson@ad.mlclife.com.au,True
Melissa,Peh,Melissa.Peh@ad.mlclife.com.au,True
Mi Hye,Son,Mihye.Son@ad.mlclife.com.au,True
Owais,Shaheen,Owais.Shaheen@ad.mlclife.com.au,True
Bojana,Skoro,Bojana.Skoro@ad.mlclife.com.au,True
Won,Oh,Won.Oh@ad.mlclife.com.au,True
Niti,Kumari,Niti.Kumari@ad.mlclife.com.au,True
Vimal,Khare,Vimal.Khare@ad.mlclife.com.au,True
Ya Jun,Liu,Yajun.Liu@ad.mlclife.com.au,True
Kit Ming,Fu,Kitming.Fu@ad.mlclife.com.au,True
Louise,Wilson,Louise.Wilson@ad.mlclife.com.au,True
Joseph,Miles,Joseph.Miles@ad.mlclife.com.au,True
Anthony,Perryman,Anthony.Perryman@ad.mlclife.com.au,True
Iris,Kwon,Iris.Kwon@ad.mlclife.com.au,True
Stephanie,Szabo,Stephanie.Szabo@ad.mlclife.com.au,True
Ashley,Burrell,Ashley.Burrell@ad.mlclife.com.au,True
Cameron,Orr,Cameron.Orr@ad.mlclife.com.au,True
Belkez,Lang,Belkez.Lang@ad.mlclife.com.au,True
Megha,Gupta,Megha.Gupta@ad.mlclife.com.au,True
Terry,Cleve,Terry.Cleve@ad.mlclife.com.au,True
Naomi,Daley,Naomi.Daley@ad.mlclife.com.au,True
Natalie,Mora,Natalie.Mora@ad.mlclife.com.au,True
Sandra,Birkensleigh,Sandra.Birkensleigh@ad.mlclife.com.au,True
Hayley,Bennett,Hayley.Bennett@ad.mlclife.com.au,True
Linda,Gao,Linda.Gao@ad.mlclife.com.au,True
Tim,Habel,Tim.Habel@ad.mlclife.com.au,True
Wendy,Pettman,Wendy.Pettman@ad.mlclife.com.au,True
Andy,Law,Andy.Law@ad.mlclife.com.au,True
Vasudha,Pati,Vasudha.Pati@ad.mlclife.com.au,True
Elisha,Canning,Elisha.Canning@ad.mlclife.com.au,True
Chee Loong,Yung,Cheeloong.Yung@ad.mlclife.com.au,True
Kim,Stephen,Kim.Stephen@ad.mlclife.com.au,True
Gregory,Brown,Gregory.Brown@ad.mlclife.com.au,True
Rebecca,Rosher,Rebecca.Rosher@ad.mlclife.com.au,True
Anthony,Williams,Anthony.Williams@ad.mlclife.com.au,True
Yuet Ming,Chan,Yuetming.Chan@ad.mlclife.com.au,True
Mark,Selth,Mark.Selth@ad.mlclife.com.au,True
John,Mellon,John.Mellon@ad.mlclife.com.au,True
Parsha,Deka,Parsha.Deka@ad.mlclife.com.au,True
Joshua,Slonim,Joshua.Slonim@ad.mlclife.com.au,True
Ken,McGuire,Ken.McGuire@ad.mlclife.com.au,True
Andre,Holwerda,Andre.Holwerda@ad.mlclife.com.au,True
Aaron,Saldanha,Aaron.Saldanha@ad.mlclife.com.au,True
Stephen,Latocha,Stephen.Latocha@ad.mlclife.com.au,True
Silpa,Tallapaneni,Silpa.Tallapaneni@ad.mlclife.com.au,True
Ameen,Suhail K M,Ameen.Suhailkm@ad.mlclife.com.au,True
Juliette,Guittiere,Juliette.Guittiere@ad.mlclife.com.au,True
Natalie,Cameron,Natalie.Cameron@ad.mlclife.com.au,True
Rebecca,Freeman,Rebecca.Freeman@ad.mlclife.com.au,True
Johan,Prinsloo,Johan.Prinsloo@ad.mlclife.com.au,True
Evan,Bouquet,Evan.Bouquet@ad.mlclife.com.au,True
Evelyne,Sapieja,Evelyne.Sapieja@ad.mlclife.com.au,True
Michelle,Stafford,Michelle.Stafford@ad.mlclife.com.au,True
Kyle,Spencer,Kyle.Spencer@ad.mlclife.com.au,True
Eleanor,Satterly,Eleanor.Satterly@ad.mlclife.com.au,True
Stephen,Hall,Stephen.Hall@ad.mlclife.com.au,True
Maha,Raslan,Maha.Raslan@ad.mlclife.com.au,True
Jerry,Hee,Jerry.Hee@ad.mlclife.com.au,True
Pesa,Betikas,Pesa.Betikas@ad.mlclife.com.au,True
Jalen,Shugg,Jalen.Shugg@ad.mlclife.com.au,True
Majella,Clarke,Majella.Clarke@ad.mlclife.com.au,True
Stephanie,Avdija,Stephanie.Avdija@ad.mlclife.com.au,True
Leah,Kruger,Leah.Kruger@ad.mlclife.com.au,True
Pusp,Deo,Pusp.Deo@ad.mlclife.com.au,True
Ziwei,Deng,Ziwei.Deng@ad.mlclife.com.au,True
Bradley,Hill,Bradley.Hill@ad.mlclife.com.au,True
Kashif,Hussain,Kashif.Hussain@ad.mlclife.com.au,True
Maria,Montgomery,Maria.Montgomery@ad.mlclife.com.au,True
Charles,Leembruggen,Charles.Leembruggen@ad.mlclife.com.au,True
Kelly,Maragos,Kelly.Maragos@ad.mlclife.com.au,True
Siddharth,Mohapatra,Siddharth.Mohapatra@ad.mlclife.com.au,True
Fiona,Guscott,Fiona.Guscott@ad.mlclife.com.au,True
Liarna,Natoli,Liarna.Natoli@ad.mlclife.com.au,True
Jagadeeswari,Sridhar,Jagadeeswari.Sridhar@ad.mlclife.com.au,True
Nicole,Robinson,Nicole.Robinson@ad.mlclife.com.au,True
Nicholas,Kieran,Nicholas.Kieran@ad.mlclife.com.au,True
Shweta,Kumar,Shweta.Kumar@ad.mlclife.com.au,True
Walid,Harach,Walid.Harach@ad.mlclife.com.au,True
Nicholas,Edwards,Nicholas.Edwards@ad.mlclife.com.au,True
Liadan,Rolfe,Liadan.Rolfe@ad.mlclife.com.au,True
David,Musiov,David.Musiov@ad.mlclife.com.au,True
Andre,de Melo,Andre.Demelo@ad.mlclife.com.au,True
Christopher,Tichy,Christopher.Tichy@ad.mlclife.com.au,True
Therese,Wilson,Therese.Wilson@ad.mlclife.com.au,True
Kimberley,Robinson,Kimberley.Robinson@ad.mlclife.com.au,True
Heidi,Milliss,Heidi.Milliss@ad.mlclife.com.au,True
Luke,Young,Luke.Young@ad.mlclife.com.au,True
Tabitha,Michaelidis,Tabitha.Michaelidis@ad.mlclife.com.au,True
John,Ashton,John.Ashton@ad.mlclife.com.au,True
Raju,Hossain,Raju.Hossain@ad.mlclife.com.au,True
Mona,Meighan,Mona.Meighan@ad.mlclife.com.au,True
Stephanie,Cassar,Stephanie.Cassar@ad.mlclife.com.au,True
Lainie,Clover,Lainie.Clover@ad.mlclife.com.au,True
Jarred,Taylor,Jarred.Taylor@ad.mlclife.com.au,True
Nick,Lethbridge,Nick.Lethbridge@ad.mlclife.com.au,True
Lara,Richardson,Lara.Richardson@ad.mlclife.com.au,True
Byron,Howard,Byron.Howard@ad.mlclife.com.au,True
Yinghua,Yu,Yinghua.Yu@ad.mlclife.com.au,True
Thomas,Cleary,Thomas.Cleary@ad.mlclife.com.au,True
Tram,Le,Tram.Le@ad.mlclife.com.au,True
Faruk,Tascioglu,Faruk.Tascioglu@ad.mlclife.com.au,True
Angela,Hatch,Angela.Hatch@ad.mlclife.com.au,True
Hannah,Werrin,Hannah.Werrin@ad.mlclife.com.au,True
Tasmeea,Choudhury,Tasmeea.Choudhury@ad.mlclife.com.au,True
Kane,Ford,Kane.Ford@ad.mlclife.com.au,True
Graham,Hoggan,Graham.Hoggan@ad.mlclife.com.au,True
Yusuke,Shiino,Yusuke.Shiino@ad.mlclife.com.au,True
Sandeep,Shankar,Sandeep.Shankar@ad.mlclife.com.au,True
Adam,Ozols,Adam.Ozols@ad.mlclife.com.au,True
Zarni,Lee,Zarni.Lee@ad.mlclife.com.au,True
Allison,Farr,Allison.Farr@ad.mlclife.com.au,True
Jonathan,Morgan,Jonathan.Morgan@ad.mlclife.com.au,True
Jessica,Lim,Jessica.Lim@ad.mlclife.com.au,True
Andrew,Rubins,Andrew.Rubins@ad.mlclife.com.au,True
Cosimo,Maiolo,Cosimo.Maiolo@ad.mlclife.com.au,True
Jessica,Lane,Jessica.Lane@ad.mlclife.com.au,True
BeThi,Saunders,BeThi.Saunders@ad.mlclife.com.au,True
Kate,Rapsey,Kate.Rapsey@ad.mlclife.com.au,True
Matthew,Lowth,Matthew.Lowth@ad.mlclife.com.au,True
Tim,Newbold,Tim.Newbold@ad.mlclife.com.au,True
Alison,Nanson,Alison.Nanson@ad.mlclife.com.au,True
Eylem,Bicer,Eylem.Bicer@ad.mlclife.com.au,True
Raymond,Chu,Raymond.Chu@ad.mlclife.com.au,True
Kit,Luong,Kit.Luong@ad.mlclife.com.au,True
Tracy,Wilson,Tracy.Wilson@ad.mlclife.com.au,True
Stephen,Crowley,Stephen.Crowley@ad.mlclife.com.au,True
Esther,Chow,Esther.Chow@ad.mlclife.com.au,True
Andrew,Latimore,Andrew.Latimore@ad.mlclife.com.au,True
Kerven,Mam,Kerven.Mam@ad.mlclife.com.au,True
Stuart,McCulloch,Stuart.McCulloch@ad.mlclife.com.au,True
Wesley,Bishop,Wesley.Bishop@ad.mlclife.com.au,True
Nathan,Hornsby,Nathan.Hornsby1@ad.mlclife.com.au,True
Nick,Faidy,Nick.Faidy@ad.mlclife.com.au,True
Lioubov,Popova,Lioubov.Popova@ad.mlclife.com.au,True
Andrea,Punzalan,Andrea.Punzalan@ad.mlclife.com.au,True
Paul,Pap,Paul.Pap@ad.mlclife.com.au,True
Stacey,Murch,Stacey.Murch@ad.mlclife.com.au,True
Pauline,Ioannou,Pauline.Ioannou@ad.mlclife.com.au,True
Arthur,Stratsianis,Arthur.Stratsianis@ad.mlclife.com.au,True
Bernard,Toussaint,Bernard.Toussaint@ad.mlclife.com.au,True
Shveta,Sharma,Shveta.Sharma@ad.mlclife.com.au,True
Yu,Liu,Yu.Liu@ad.mlclife.com.au,True
Richard,Kelly,Richard.Kelly@ad.mlclife.com.au,True
Tyler,Johnson,Tyler.Johnson@ad.mlclife.com.au,True
Amy,Bourke,Amy.Bourke@ad.mlclife.com.au,True
Vasanth,Kadambi,Vasanth.Kadambi@ad.mlclife.com.au,True
Danielle,Garner,Danielle.Garner@ad.mlclife.com.au,True
Louis,Pavlou,Louis.Pavlou@ad.mlclife.com.au,True
Laura,Downs,Laura.Downs@ad.mlclife.com.au,True
Christopher,Knox,Christopher.Knox@ad.mlclife.com.au,True
Christopher,Ries,Christopher.Ries@ad.mlclife.com.au,True
Catherine,Arscott,Catherine.Arscott@ad.mlclife.com.au,True
Breanna,Mellon,Breanna.Mellon@ad.mlclife.com.au,True
Robert,Amador,Robert.Amador@ad.mlclife.com.au,True
Carissa,Hoich,Carissa.Hoich@ad.mlclife.com.au,True
Amy,Yeo,Amy.Yeo@ad.mlclife.com.au,True
Christopher,Lieberman,C.Lieberman@ad.mlclife.com.au,True
Brad,Milne,Brad.Milne@ad.mlclife.com.au,True
Cheryl,Rowling,Cheryl.Rowling@ad.mlclife.com.au,True
Shawna,Laden,Shawna.Laden@ad.mlclife.com.au,True
Jessica,Hingert,Jessica.Hingert@ad.mlclife.com.au,True
Amanda,Lui,Amanda.Lui@ad.mlclife.com.au,True
Jessica,White,Jessica.White@ad.mlclife.com.au,True
Jolly,Cherian,Jolly.Cherian@ad.mlclife.com.au,True
Niccolo,Gomez,Niccolo.Gomez@ad.mlclife.com.au,True
Vivi,Buntoro,Vivi.Buntoro@ad.mlclife.com.au,True
Haweni,Bedada,Haweni.Bedada@ad.mlclife.com.au,True
Oliver,Acebes,Oliver.Acebes@ad.mlclife.com.au,True
Jon,Hudson,Jon.Hudson@ad.mlclife.com.au,True
Paul,Khov,Paul.Khov@ad.mlclife.com.au,True
Soong,Chin,Soong.Chin@ad.mlclife.com.au,True
Eric,Chan,Eric.Chan@ad.mlclife.com.au,True
Natalie,Bambry,Natalie.Bambry@ad.mlclife.com.au,True
Peggy,Yu,Peggy.Yu@ad.mlclife.com.au,True
Braden,Gray,Braden.Gray@ad.mlclife.com.au,True
Diasona,Paraskevopoulos,D.Paraskevopoulos@ad.mlclife.com.au,True
Jessica,Haddad,Jessica.Haddad@ad.mlclife.com.au,True
Linda,Iannacone,Linda.Iannacone@ad.mlclife.com.au,True
Mary,McDonald,Mary.McDonald@ad.mlclife.com.au,True
Catherine,Makris,Catherine.Makris@ad.mlclife.com.au,True
Aspi,Kateli,Aspi.Kateli@ad.mlclife.com.au,True
Michael,Li,Michael.Li@ad.mlclife.com.au,True
Suzana,Stojcevska,Suzana.Stojcevska@ad.mlclife.com.au,True
Thomas,Ardhy,Thomas.Ardhy@ad.mlclife.com.au,True
Anthony,Khuu,Anthony.Khuu@ad.mlclife.com.au,True
Rebecca,Staude,Rebecca.Staude@ad.mlclife.com.au,True
Linh-Nam,Tran,Linhnam.Tran@ad.mlclife.com.au,True
Melissa,Cray,Melissa.Cray@ad.mlclife.com.au,True
Andrea,Kachorroski,Andrea.Kachorroski@ad.mlclife.com.au,True
Marsha,McGuire,Marsha.McGuire@ad.mlclife.com.au,True
Daniel,Svoboda,Daniel.Svoboda@ad.mlclife.com.au,True
Renee,Miers,Renee.Miers@ad.mlclife.com.au,True
Kristy,Dymock,Kristy.Dymock@ad.mlclife.com.au,True
Natalie,Perez,Natalie.Perez@ad.mlclife.com.au,True
Anna,Pelea,Anna.Pelea@ad.mlclife.com.au,True
Asma,Bilal,Asma.Bilal@ad.mlclife.com.au,True
Mark,Spiteri,Mark.Spiteri@ad.mlclife.com.au,True
Marlene,Gevergis,Marlene.Gevergis@ad.mlclife.com.au,True
Deakyn,McIntyre,Deakyn.McIntyre@ad.mlclife.com.au,True
Vanessa,Harsic,Vanessa.Harsic@ad.mlclife.com.au,True
Paul,Barlow,Paul.Barlow@ad.mlclife.com.au,True
Dean,Murphy,Dean.Murphy@ad.mlclife.com.au,True
Lai Kuen,Kan,Laikuen.Kan@ad.mlclife.com.au,True
Tiffany,Do,Tiffany.Do@ad.mlclife.com.au,True
Amanda,Rowe,Amanda.Rowe@ad.mlclife.com.au,True
Priyanka,Patel,Priyanka.Patel@ad.mlclife.com.au,True
Jessica,D'Ambrosio,Jessica.DAmbrosio@ad.mlclife.com.au,True
Rebekah,Warren,Rebekah.Warren@ad.mlclife.com.au,True
Clarissa,Arias,Clarissa.Arias@ad.mlclife.com.au,True
Stefanie,Giles,Stefanie.Giles@ad.mlclife.com.au,True
Nicholas,Evans,Nicholas.Evans@ad.mlclife.com.au,True
Shubhangini,Bahuguna,Shubhangini.Bahuguna@ad.mlclife.com.au,True
Navarre,Trousselot,Navarre.Trousselot@ad.mlclife.com.au,True
Bethwyn,Marsh,Bethwyn.Marsh@ad.mlclife.com.au,True
Lisa,Sinopoli,Lisa.Sinopoli@ad.mlclife.com.au,True
Corey,Devlin,Corey.Devlin@ad.mlclife.com.au,True
Harry,Farakos,Harry.Farakos@ad.mlclife.com.au,True
Paul,Pham,Paul.Pham@ad.mlclife.com.au,True
Shimene,Tu,Shimene.Tu@ad.mlclife.com.au,True
Emma,Liu,Emma.Liu@ad.mlclife.com.au,True
Mirjana,Sukovski,Mirjana.Sukovski@ad.mlclife.com.au,True
Sridhar,Kanaparthy,Sridhar.Kanaparthy@ad.mlclife.com.au,True
Anthony,Chan,Anthony.Chan@ad.mlclife.com.au,True
John,Burnett,John.Burnett@ad.mlclife.com.au,True
Catherine,Hockey,Catherine.Hockey@ad.mlclife.com.au,True
Kathryn,Shore,Kathryn.Shore@ad.mlclife.com.au,True
Gerard,Denton,Gerard.Denton@ad.mlclife.com.au,True
Ryan,Jones,Ryan.Jones@ad.mlclife.com.au,True
Christian,Burgin,Christian.Burgin@ad.mlclife.com.au,True
Robert,Scafidi,Robert.Scafidi@ad.mlclife.com.au,True
Esther,Samson,Esther.Samson@ad.mlclife.com.au,True
Brendan,Boyle,Brendan.Boyle@ad.mlclife.com.au,True
Daniel,Hewitt,Daniel.Hewitt@ad.mlclife.com.au,True
Devang,Dhakan,Devang.Dhakan@ad.mlclife.com.au,True
Steven,Liang,Steven.Liang@ad.mlclife.com.au,True
Anna,Mazurek,Anna.Mazurek@ad.mlclife.com.au,True
Adam,Logan,Adam.Logan@ad.mlclife.com.au,True
Monique,Giammarco,Monique.Giammarco@ad.mlclife.com.au,True
Sashi,Jayaweera,Sashi.Jayaweera@ad.mlclife.com.au,True
Bharath,Ramalingam,Bharath.Ramalingam@ad.mlclife.com.au,True
Rosana,Waje,Rosana.Waje@ad.mlclife.com.au,True
Concetta,Barbagallo,Concetta.Barbagallo@ad.mlclife.com.au,True
Michael,McKean,Michael.McKean@ad.mlclife.com.au,True
Sunita,Shakya,Sunita.Shakya@ad.mlclife.com.au,True
Jack,Hii,Jack.Hii@ad.mlclife.com.au,True
Cara,Foley,Cara.Foley@ad.mlclife.com.au,True
Vasiliki,Gilopidis,Vasiliki.Gilopidis@ad.mlclife.com.au,True
Shuang,Zhong,Shuang.Zhong@ad.mlclife.com.au,True
Peta,Goldsmith,Peta.Goldsmith@ad.mlclife.com.au,True
Rebecca,Dickson,Rebecca.Dickson@ad.mlclife.com.au,True
Katie,Muldoon,Katie.Muldoon@ad.mlclife.com.au,True
Tuyen,Pham,Tuyen.Pham@ad.mlclife.com.au,True
Joyce,Chen,Joyce.Chen@ad.mlclife.com.au,True
Maria,Colbert,Maria.Colbert@ad.mlclife.com.au,True
Taryn,Tran,Taryn.Tran@ad.mlclife.com.au,True
James,Eckhardt,James.Eckhardt@ad.mlclife.com.au,True
Elise,Edwards,Elise.Edwards@ad.mlclife.com.au,True
Yalin,Tian,Yalin.Tian@ad.mlclife.com.au,True
Caitlin,Rooney,Caitlin.Rooney@ad.mlclife.com.au,True
Ali,Santoso,Ali.Santoso@ad.mlclife.com.au,True
Siobhan,O'callahan,Siobhan.Ocallahan@ad.mlclife.com.au,True
Nikki,Betikas,Nikki.Betikas@ad.mlclife.com.au,True
David,Wong,David.Wong@ad.mlclife.com.au,True
Christopher,Thomas,Christopher.Thomas@ad.mlclife.com.au,True
Scott,Ruffell,Scott.Ruffell@ad.mlclife.com.au,True
Kannayyagari,Lavanya,Kannayyagari.Lavanya@ad.mlclife.com.au,True
Nimish,Gupta,Nimish.Gupta@ad.mlclife.com.au,True
My Kieu,Trang,Mykieu.Trang@ad.mlclife.com.au,True
David,Sacco,David.Sacco@ad.mlclife.com.au,True
